SID,SEASON,NUMBER,BASIN,SUBBASIN,NAME,ISO_TIME,NATURE,LAT,LON,WMO_WIND,WMO_PRES,WMO_AGENCY,TRACK_TYPE,DIST2LAND,LANDFALL,IFLAG,USA_AGENCY,USA_ATCF_ID,USA_LAT,USA_LON,USA_RECORD,USA_STATUS,USA_WIND,USA_PRES,USA_SSHS,USA_R34_NE,USA_R34_SE,USA_R34_SW,USA_R34_NW,USA_R50_NE,USA_R50_SE,USA_R50_SW,USA_R50_NW,USA_R64_NE,USA_R64_SE,USA_R64_SW,USA_R64_NW,USA_POCI,USA_ROCI,USA_RMW,USA_EYE,TOKYO_LAT,TOKYO_LON,TOKYO_GRADE,TOKYO_WIND,TOKYO_PRES,TOKYO_R50_DIR,TOKYO_R50_LONG,TOKYO_R50_SHORT,TOKYO_R30_DIR,TOKYO_R30_LONG,TOKYO_R30_SHORT,TOKYO_LAND,CMA_LAT,CMA_LON,CMA_CAT,CMA_WIND,CMA_PRES,HKO_LAT,HKO_LON,HKO_CAT,HKO_WIND,HKO_PRES,KMA_LAT,KMA_LON,KMA_CAT,KMA_WIND,KMA_PRES,KMA_R50_DIR,KMA_R50_LONG,KMA_R50_SHORT,KMA_R30_DIR,KMA_R30_LONG,KMA_R30_SHORT,NEWDELHI_LAT,NEWDELHI_LON,NEWDELHI_GRADE,NEWDELHI_WIND,NEWDELHI_PRES,NEWDELHI_CI,NEWDELHI_DP,NEWDELHI_POCI,REUNION_LAT,REUNION_LON,REUNION_TYPE,REUNION_WIND,REUNION_PRES,REUNION_TNUM,REUNION_CI,REUNION_RMW,REUNION_R34_NE,REUNION_R34_SE,REUNION_R34_SW,REUNION_R34_NW,REUNION_R50_NE,REUNION_R50_SE,REUNION_R50_SW,REUNION_R50_NW,REUNION_R64_NE,REUNION_R64_SE,REUNION_R64_SW,REUNION_R64_NW,BOM_LAT,BOM_LON,BOM_TYPE,BOM_WIND,BOM_PRES,BOM_TNUM,BOM_CI,BOM_RMW,BOM_R34_NE,BOM_R34_SE,BOM_R34_SW,BOM_R34_NW,BOM_R50_NE,BOM_R50_SE,BOM_R50_SW,BOM_R50_NW,BOM_R64_NE,BOM_R64_SE,BOM_R64_SW,BOM_R64_NW,BOM_ROCI,BOM_POCI,BOM_EYE,BOM_POS_METHOD,BOM_PRES_METHOD,NADI_LAT,NADI_LON,NADI_CAT,NADI_WIND,NADI_PRES,WELLINGTON_LAT,WELLINGTON_LON,WELLINGTON_WIND,WELLINGTON_PRES,DS824_LAT,DS824_LON,DS824_STAGE,DS824_WIND,DS824_PRES,TD9636_LAT,TD9636_LON,TD9636_STAGE,TD9636_WIND,TD9636_PRES,TD9635_LAT,TD9635_LON,TD9635_WIND,TD9635_PRES,TD9635_ROCI,NEUMANN_LAT,NEUMANN_LON,NEUMANN_CLASS,NEUMANN_WIND,NEUMANN_PRES,MLC_LAT,MLC_LON,MLC_CLASS,MLC_WIND,MLC_PRES,USA_GUST,BOM_GUST,BOM_GUST_PER,REUNION_GUST,REUNION_GUST_PER,USA_SEAHGT,USA_SEARAD_NE,USA_SEARAD_SE,USA_SEARAD_SW,USA_SEARAD_NW,STORM_SPEED,STORM_DIR
2005007N04085,2005,3,NI,BB,UNNAMED,2005-01-07 00:00:00,TS,3.5,85.1, , , ,main,505,496,O______________,jtwc_io,IO012005,3.5,85.1, ,TD,15,1006,-1, , , , , , , , , , , , , , , , , , , , , , , , , , , , , , , , , , , , , , , , , , , , , , , , , , , , , , , , , , , , , , , , , , , , , , , , , , , , , , , , , , , , , , , , , , , , , , , , , , , , , , , , , , , , , , , , , , , , , , , , , , , , , , , , , , , , , , , , , , , , , , , , , , ,3,275
2005007N04085,2005,3,NI,BB,UNNAMED,2005-01-07 03:00:00,TS,3.5,85.0, , , ,main,496,480,P______________, ,IO012005,3.5,85.0, ,TD,15,1006,-1, , , , , , , , , , , , , , , , , , , , , , , , , , , , , , , , , , , , , , , , , , , , , , , , , , , , , , , , , , , , , , , , , , , , , , , , , , , , , , , , , , , , , , , , , , , , , , , , , , , , , , , , , , , , , , , , , , , , , , , , , , , , , , , , , , , , , , , , , , , , , , , , , , ,3,280
2005007N04085,2005,3,NI,BB,UNNAMED,2005-01-07 06:00:00,TS,3.5,84.8, , , ,main,480,464,P______________, ,IO012005,3.5,84.8, ,TD,15,1006,-1, , , , , , , , , , , , , , , , , , , , , , , , , , , , , , , , , , , , , , , , , , , , , , , , , , , , , , , , , , , , , , , , , , , , , , , , , , , , , , , , , , , , , , , , , , , , , , , , , , , , , , , , , , , , , , , , , , , , , , , , , , , , , , , , , , , , , , , , , , , , , , , , , , ,3,280
2005007N04085,2005,3,NI,BB,UNNAMED,2005-01-07 09:00:00,TS,3.6,84.7, , , ,main,464,457,P______________, ,IO012005,3.6,84.7, ,TD,15,1006,-1, , , , , , , , , , , , , , , , , , , , , , , , , , , , , , , , , , , , , , , , , , , , , , , , , , , , , , , , , , , , , , , , , , , , , , , , , , , , , , , , , , , , , , , , , , , , , , , , , , , , , , , , , , , , , , , , , , , , , , , , , , , , , , , , , , , , , , , , , , , , , , , , , , ,2,285
2005007N04085,2005,3,NI,BB,UNNAMED,2005-01-07 12:00:00,TS,3.6,84.6, , , ,main,457,449,O______________,jtwc_io,IO012005,3.6,84.6, ,TD,15,1006,-1, , , , , , , , , , , , , , , , , , , , , , , , , , , , , , , , , , , , , , , , , , , , , , , , , , , , , , , , , , , , , , , , , , , , , , , , , , , , , , , , , , , , , , , , , , , , , , , , , , , , , , , , , , , , , , , , , , , , , , , , , , , , , , , , , , , , , , , , , , , , , , , , , , ,2,290
2005007N04085,2005,3,NI,BB,UNNAMED,2005-01-07 15:00:00,TS,3.6,84.5, , , ,main,449,433,P______________, ,IO012005,3.6,84.5, ,TD,18,1005,-1, , , , , , , , , , , , , , , , , , , , , , , , , , , , , , , , , , , , , , , , , , , , , , , , , , , , , , , , , , , , , , , , , , , , , , , , , , , , , , , , , , , , , , , , , , , , , , , , , , , , , , , , , , , , , , , , , , , , , , , , , , , , , , , , , , , , , , , , , , , , , , , , , , ,2,295
2005007N04085,2005,3,NI,BB,UNNAMED,2005-01-07 18:00:00,TS,3.7,84.4, , , ,main,433,426,O______________,jtwc_io,IO012005,3.7,84.4, ,TD,20,1004,-1, , , , , , , , , , , , ,1006,100,45, , , , , , , , , , , , , , , , , , , , , , , , , , , , , , , , , , , , , , , , , , , , , , , , , , , , , , , , , , , , , , , , , , , , , , , , , , , , , , , , , , , , , , , , , , , , , , , , , , , , , , , , , , , , , , , , , , , , , , , , , , , , , , , , , , , ,2,300
2005007N04085,2005,3,NI,BB,UNNAMED,2005-01-07 21:00:00,TS,3.7,84.3, , , ,main,426,410,P______________, ,IO012005,3.7,84.3, ,TD,20,1004,-1, , , , , , , , , , , , ,1006,100,45, , , , , , , , , , , , , , , , , , , , , , , , , , , , , , , , , , , , , , , , , , , , , , , , , , , , , , , , , , , , , , , , , , , , , , , , , , , , , , , , , , , , , , , , , , , , , , , , , , , , , , , , , , , , , , , , , , , , , , , , , , , , , , , , , , , ,2,295
2005007N04085,2005,3,NI,BB,UNNAMED,2005-01-08 00:00:00,TS,3.8,84.2, , , ,main,410,402,O______________,jtwc_io,IO012005,3.8,84.2, ,TD,20,1004,-1, , , , , , , , , , , , ,1006,100,45, , , , , , , , , , , , , , , , , , , , , , , , , , , , , , , , , , , , , , , , , , , , , , , , , , , , , , , , , , , , , , , , , , , , , , , , , , , , , , , , , , , , , , , , , , , , , , , , , , , , , , , , , , , , , , , , , , , , , , , , , , , , , , , , , , , ,3,290
2005007N04085,2005,3,NI,BB,UNNAMED,2005-01-08 03:00:00,TS,3.8,84.0, , , ,main,402,379,P______________, ,IO012005,3.8,84.0, ,TD,23,1003,-1, , , , , , , , , , , , ,1006,100,45, , , , , , , , , , , , , , , , , , , , , , , , , , , , , , , , , , , , , , , , , , , , , , , , , , , , , , , , , , , , , , , , , , , , , , , , , , , , , , , , , , , , , , , , , , , , , , , , , , , , , , , , , , , , , , , , , , , , , , , , , , , , , , , , , , , ,3,290
2005007N04085,2005,3,NI,BB,UNNAMED,2005-01-08 06:00:00,TS,3.9,83.9, , , ,main,379,364,O______________,jtwc_io,IO012005,3.9,83.9, ,TD,25,1002,-1, , , , , , , , , , , , ,1006,100,45, , , , , , , , , , , , , , , , , , , , , , , , , , , , , , , , , , , , , , , , , , , , , , , , , , , , , , , , , , , , , , , , , , , , , , , , , , , , , , , , , , , , , , , , , , , , , , , , , , , , , , , , , , , , , , , , , , , , , , , , , , , , , , , , , , , ,3,305
2005007N04085,2005,3,NI,BB,UNNAMED,2005-01-08 09:00:00,TS,4.0,83.8, , , ,main,364,339,P______________, ,IO012005,4.0,83.8, ,TD,28,1001,-1, , , , , , , , , , , , , , , , , , , , , , , , , , , , , , , , , , , , , , , , , , , , , , , , , , , , , , , , , , , , , , , , , , , , , , , , , , , , , , , , , , , , , , , , , , , , , , , , , , , , , , , , , , , , , , , , , , , , , , , , , , , , , , , , , , , , , , , , , , , , , , , , , , ,4,325
2005007N04085,2005,3,NI,BB,UNNAMED,2005-01-08 12:00:00,TS,4.2,83.7, , , ,main,339,315,O______________,jtwc_io,IO012005,4.2,83.7, ,TD,30,1000,-1, , , , , , , , , , , , , , , , , , , , , , , , , , , , , , , , , , , , , , , , , , , , , , , , , , , , , , , , , , , , , , , , , , , , , , , , , , , , , , , , , , , , , , , , , , , , , , , , , , , , , , , , , , , , , , , , , , , , , , , , , , , , , , , , , , , , , , , , , , , , , , , , , , ,5,335
2005007N04085,2005,3,NI,BB,UNNAMED,2005-01-08 15:00:00,TS,4.4,83.6, , , ,main,315,283,P______________, ,IO012005,4.4,83.6, ,TD,30,1000,-1, , , , , , , , , , , , , , , , , , , , , , , , , , , , , , , , , , , , , , , , , , , , , , , , , , , , , , , , , , , , , , , , , , , , , , , , , , , , , , , , , , , , , , , , , , , , , , , , , , , , , , , , , , , , , , , , , , , , , , , , , , , , , , , , , , , , , , , , , , , , , , , , , , ,5,340
2005007N04085,2005,3,NI,BB,UNNAMED,2005-01-08 18:00:00,TS,4.7,83.5, , , ,main,283,252,O______________,jtwc_io,IO012005,4.7,83.5, ,TD,30,1000,-1, , , , , , , , , , , , , , , , , , , , , , , , , , , , , , , , , , , , , , , , , , , , , , , , , , , , , , , , , , , , , , , , , , , , , , , , , , , , , , , , , , , , , , , , , , , , , , , , , , , , , , , , , , , , , , , , , , , , , , , , , , , , , , , , , , , , , , , , ,35, , , , , , , , , ,6,345
2005007N04085,2005,3,NI,BB,UNNAMED,2005-01-08 21:00:00,TS,5.0,83.4, , , ,main,252,238,P______________, ,IO012005,5.0,83.4, ,TD,28,1001,-1, , , , , , , , , , , , , , , , , , , , , , , , , , , , , , , , , , , , , , , , , , , , , , , , , , , , , , , , , , , , , , , , , , , , , , , , , , , , , , , , , , , , , , , , , , , , , , , , , , , , , , , , , , , , , , , , , , , , , , , , , , , , , , , , , , , , , , , , , , , , , , , , , , ,5,350
2005007N04085,2005,3,NI,BB,UNNAMED,2005-01-09 00:00:00,TS,5.2,83.4, , , ,main,238,224,O______________,jtwc_io,IO012005,5.2,83.4, ,TD,25,1002,-1, , , , , , , , , , , , , , , , , , , , , , , , , , , , , , , , , , , , , , , , , , , , , , , , , , , , , , , , , , , , , , , , , , , , , , , , , , , , , , , , , , , , , , , , , , , , , , , , , , , , , , , , , , , , , , , , , , , , , , , , , , , , , , , , , , , , , , , , ,35, , , , , , , , , ,4,350
2005007N04085,2005,3,NI,BB,UNNAMED,2005-01-09 03:00:00,TS,5.4,83.4, , , ,main,224,209,P______________, ,IO012005,5.4,83.4, ,TD,25,1002,-1, , , , , , , , , , , , , , , , , , , , , , , , , , , , , , , , , , , , , , , , , , , , , , , , , , , , , , , , , , , , , , , , , , , , , , , , , , , , , , , , , , , , , , , , , , , , , , , , , , , , , , , , , , , , , , , , , , , , , , , , , , , , , , , , , , , , , , , , , , , , , , , , , , ,3,345
2005007N04085,2005,3,NI,BB,UNNAMED,2005-01-09 06:00:00,TS,5.5,83.3, , , ,main,209,194,O______________,jtwc_io,IO012005,5.5,83.3, ,TD,25,1002,-1, , , , , , , , , , , , , , , , , , , , , , , , , , , , , , , , , , , , , , , , , , , , , , , , , , , , , , , , , , , , , , , , , , , , , , , , , , , , , , , , , , , , , , , , , , , , , , , , , , , , , , , , , , , , , , , , , , , , , , , , , , , , , , , , , , , , , , , , ,35, , , , , , , , , ,3,340
2005007N04085,2005,3,NI,BB,UNNAMED,2005-01-09 09:00:00,TS,5.7,83.2, , , ,main,188,183,P______________, ,IO012005,5.7,83.2, ,TD,25,1002,-1, , , , , , , , , , , , , , , , , , , , , , , , , , , , , , , , , , , , , , , , , , , , , , , , , , , , , , , , , , , , , , , , , , , , , , , , , , , , , , , , , , , , , , , , , , , , , , , , , , , , , , , , , , , , , , , , , , , , , , , , , , , , , , , , , , , , , , , , , , , , , , , , , , ,3,345
2005007N04085,2005,3,NI,BB,UNNAMED,2005-01-09 12:00:00,TS,5.8,83.2, , , ,main,183,179,O______________,jtwc_io,IO012005,5.8,83.2, ,TD,25,1002,-1, , , , , , , , , , , , , , , , , , , , , , , , , , , , , , , , , , , , , , , , , , , , , , , , , , , , , , , , , , , , , , , , , , , , , , , , , , , , , , , , , , , , , , , , , , , , , , , , , , , , , , , , , , , , , , , , , , , , , , , , , , , , , , , , , , , , , , , , ,35, , , , , , , , , ,3,350
2005007N04085,2005,3,NI,BB,UNNAMED,2005-01-09 15:00:00,TS,5.9,83.2, , , ,main,175,171,P______________, ,IO012005,5.9,83.2, ,TD,25,1002,-1, , , , , , , , , , , , , , , , , , , , , , , , , , , , , , , , , , , , , , , , , , , , , , , , , , , , , , , , , , , , , , , , , , , , , , , , , , , , , , , , , , , , , , , , , , , , , , , , , , , , , , , , , , , , , , , , , , , , , , , , , , , , , , , , , , , , , , , , , , , , , , , , , , ,3,0
2005007N04085,2005,3,NI,BB,UNNAMED,2005-01-09 18:00:00,TS,6.1,83.2, , , ,main,171,168,O______________,jtwc_io,IO012005,6.1,83.2, ,TD,25,1002,-1, , , , , , , , , , , , , , , , , , , , , , , , , , , , , , , , , , , , , , , , , , , , , , , , , , , , , , , , , , , , , , , , , , , , , , , , , , , , , , , , , , , , , , , , , , , , , , , , , , , , , , , , , , , , , , , , , , , , , , , , , , , , , , , , , , , , , , , , ,35, , , , , , , , , ,3,0
2005007N04085,2005,3,NI,BB,UNNAMED,2005-01-09 21:00:00,TS,6.2,83.2, , , ,main,163,158,P______________, ,IO012005,6.2,83.2, ,TD,25,1002,-1, , , , , , , , , , , , , , , , , , , , , , , , , , , , , , , , , , , , , , , , , , , , , , , , , , , , , , , , , , , , , , , , , , , , , , , , , , , , , , , , , , , , , , , , , , , , , , , , , , , , , , , , , , , , , , , , , , , , , , , , , , , , , , , , , , , , , , , , , , , , , , , , , , ,3,0
2005007N04085,2005,3,NI,BB,UNNAMED,2005-01-10 00:00:00,TS,6.4,83.2, , , ,main,158,154,O______________,jtwc_io,IO012005,6.4,83.2, ,TD,25,1002,-1, , , , , , , , , , , , , , , , , , , , , , , , , , , , , , , , , , , , , , , , , , , , , , , , , , , , , , , , , , , , , , , , , , , , , , , , , , , , , , , , , , , , , , , , , , , , , , , , , , , , , , , , , , , , , , , , , , , , , , , , , , , , , , , , , , , , , , , , ,35, , , , , , , , , ,3,350
2005007N04085,2005,3,NI,BB,UNNAMED,2005-01-10 03:00:00,TS,6.6,83.2, , , ,main,150,136,P______________, ,IO012005,6.6,83.2, ,TD,23,1003,-1, , , , , , , , , , , , , , , , , , , , , , , , , , , , , , , , , , , , , , , , , , , , , , , , , , , , , , , , , , , , , , , , , , , , , , , , , , , , , , , , , , , , , , , , , , , , , , , , , , , , , , , , , , , , , , , , , , , , , , , , , , , , , , , , , , , , , , , , , , , , , , , , , , ,3,345
2005007N04085,2005,3,NI,BB,UNNAMED,2005-01-10 06:00:00,TS,6.7,83.1, , , ,main,136,134,O______________,jtwc_io,IO012005,6.7,83.1, ,TD,20,1004,-1, , , , , , , , , , , , , , , , , , , , , , , , , , , , , , , , , , , , , , , , , , , , , , , , , , , , , , , , , , , , , , , , , , , , , , , , , , , , , , , , , , , , , , , , , , , , , , , , , , , , , , , , , , , , , , , , , , , , , , , , , , , , , , , , , , , , , , , , ,30, , , , , , , , , ,3,340
2005007N04085,2005,3,NI,BB,UNNAMED,2005-01-10 09:00:00,TS,6.9,83.0, , , ,main,122,121,P______________, ,IO012005,6.9,83.0, ,TD,20,1004,-1, , , , , , , , , , , , , , , , , , , , , , , , , , , , , , , , , , , , , , , , , , , , , , , , , , , , , , , , , , , , , , , , , , , , , , , , , , , , , , , , , , , , , , , , , , , , , , , , , , , , , , , , , , , , , , , , , , , , , , , , , , , , , , , , , , , , , , , , , , , , , , , , , , ,3,345
2005007N04085,2005,3,NI,BB,UNNAMED,2005-01-10 12:00:00,TS,7.0,83.0, , , ,main,121, ,O______________,jtwc_io,IO012005,7.0,83.0, ,TD,20,1004,-1, , , , , , , , , , , , , , , , , , , , , , , , , , , , , , , , , , , , , , , , , , , , , , , , , , , , , , , , , , , , , , , , , , , , , , , , , , , , , , , , , , , , , , , , , , , , , , , , , , , , , , , , , , , , , , , , , , , , , , , , , , , , , , , , , , , , , , , , , , , , , , , , , , ,3,350
2006271N18089,2006,76,NI,BB,UNNAMED,2006-09-28 00:00:00,DS,17.7,89.4, , , ,main,406,367,O______________,jtwc_io,IO052006,17.7,89.4, ,DB,20,1004,-3, , , , , , , , , , , , , , , , , , , , , , , , , , , , , , , , , , , , , , , , , , , , , , , , , , , , , , , , , , , , , , , , , , , , , , , , , , , , , , , , , , , , , , , , , , , , , , , , , , , , , , , , , , , , , , , , , , , , , , , , , , , , , , , , , , , , , , , , , , , , , , , , , , ,9,290
2006271N18089,2006,76,NI,BB,UNNAMED,2006-09-28 03:00:00,DS,17.8,89.0, , , ,main,367,314,P______________, ,IO052006,17.8,89.0, ,DB,25,1002,-3, , , , , , , , , , , , , , , , , , , , , , , , , , , , , , , , , , , , , , , , , , , , , , , , , , , , , , , , , , , , , , , , , , , , , , , , , , , , , , , , , , , , , , , , , , , , , , , , , , , , , , , , , , , , , , , , , , , , , , , , , , , , , , , , , , , , , , , , , , , , , , , , , , ,9,290
2006271N18089,2006,76,NI,BB,UNNAMED,2006-09-28 06:00:00,DS,18.0,88.5, , , ,main,314,284,O______________,jtwc_io,IO052006,18.0,88.5, ,DB,30,1000,-3, , , , , , , , , , , , ,1005,180,40, , , , , , , , , , , , , , , , , , , , , , , , , , , , , , , , , , , , , , , , , , , , , , , , , , , , , , , , , , , , , , , , , , , , , , , , , , , , , , , , , , , , , , , , , , , , , , , , , , , , , , , , , , , , , , , , , , , , , , , , , , , , , , , , , , , ,7,290
2006271N18089,2006,76,NI,BB,UNNAMED,2006-09-28 09:00:00,MX,18.1,88.2,25,1002,newdelhi,main,284,238,P____O_________, ,IO052006,18.2,88.0, ,DB,30,1000,-3, , , , , , , , , , , , ,1005,180,40, , , , , , , , , , , , , , , , , , , , , , , , , , , , , , , , , , ,18.0,89.0,D,25,1002,1.50000, , , , , , , , , , , , , , , , , , , , , , , , , , , , , , , , , , , , , , , , , , , , , , , , , , , , , , , , , , , , , , , , , , , , , , , , , , , , , , , , , , , , , , , , , , , ,7,305
2006271N18089,2006,76,NI,BB,UNNAMED,2006-09-28 12:00:00,TS,18.4,87.9,25,1002,newdelhi,main,238,218,O____O_________,jtwc_io,IO052006,18.3,87.6, ,TD,30,1000,-1, , , , , , , , , , , , ,1005,180,40, , , , , , , , , , , , , , , , , , , , , , , , , , , , , , , , , , ,18.5,88.5,D,25,1002,1.50000, , , , , , , , , , , , , , , , , , , , , , , , , , , , , , , , , , , , , , , , , , , , , , , , , , , , , , , , , , , , , , , , , , , , , , , , , , , , , , , , , , , , , , , , , , , ,7,295
2006271N18089,2006,76,NI,BB,UNNAMED,2006-09-28 15:00:00,TS,18.4,87.5,25,1002,newdelhi,main,213,187,P____O_________, ,IO052006,18.4,87.2, ,TD,33,999,-1, , , , , , , , , , , , ,1005,180,40, , , , , , , , , , , , , , , , , , , , , , , , , , , , , , , , , , ,18.5,88.0,D,25,1002,1.50000, , , , , , , , , , , , , , , , , , , , , , , , , , , , , , , , , , , , , , , , , , , , , , , , , , , , , , , , , , , , , , , , , , , , , , , , , , , , , , , , , , , , , , , , , , , ,7,280
2006271N18089,2006,76,NI,BB,UNNAMED,2006-09-28 18:00:00,TS,18.5,87.2,25,1002,newdelhi,main,187,137,O____O_________,jtwc_io,IO052006,18.5,86.8, ,TS,35,997,0, , , , , , , , , , , , ,1005,180,40, , , , , , , , , , , , , , , , , , , , , , , , , , , , , , , , , , ,18.5,87.5,D,25,1002,1.50000, , , , , , , , , , , , , , , , , , , , , , , , , , , , , , , , , , , , , , , , , , , , , , , , , , , , , , , , , , , , , , , , , , , , , , , , , , , , , , , , , , , , , , , , , , , ,8,295
2006271N18089,2006,76,NI,BB,UNNAMED,2006-09-28 21:00:00,TS,18.8,86.7,25,1002,newdelhi,main,137,123,P____O_________, ,IO052006,18.6,86.4, ,TS,35,997,0, , , , , , , , , , , , ,1005,180,35, , , , , , , , , , , , , , , , , , , , , , , , , , , , , , , , , , ,19.0,87.0,D,25,1002,1.50000, , , , , , , , , , , , , , , , , , , , , , , , , , , , , , , , , , , , , , , , , , , , , , , , , , , , , , , , , , , , , , , , , , , , , , , , , , , , , , , , , , , , , , , , , , , ,9,295
2006271N18089,2006,76,NI,BB,UNNAMED,2006-09-29 00:00:00,TS,18.9,86.3,25,1002,newdelhi,main,113,94,O____O_________,jtwc_io,IO052006,18.7,86.1, ,TC,35,997,0, , , , , , , , , , , , ,1004,180,30, , , , , , , , , , , , , , , , , , , , , , , , , , , , , , , , , , ,19.0,86.5,D,25,1002,1.50000, , , , , , , , , , , , , , , , , , , , , , , , , , , , , , , , , , , , , , , , , , , , , , , , , , , , , , , , , , , , , , , , , , , , , , , , , , , , , , , , , , , , , , , , , , , ,8,275
2006271N18089,2006,76,NI,BB,UNNAMED,2006-09-29 03:00:00,TS,18.9,85.9,25,1002,newdelhi,main,94,74,P____O_________, ,IO052006,18.8,85.8, ,TC,33,999,-1, , , , , , , , , , , , ,1004,180,30, , , , , , , , , , , , , , , , , , , , , , , , , , , , , , , , , , ,19.0,86.0,D,25,1002,1.50000, , , , , , , , , , , , , , , , , , , , , , , , , , , , , , , , , , , , , , , , , , , , , , , , , , , , , , , , , , , , , , , , , , , , , , , , , , , , , , , , , , , , , , , , , , , ,8,275
2006271N18089,2006,76,NI,BB,UNNAMED,2006-09-29 06:00:00,TS,19.0,85.5,25,1002,newdelhi,main,64,30,O____O_________,jtwc_io,IO052006,18.9,85.4, ,TD,30,1000,-1, , , , , , , , , , , , ,1004,180,30, , , , , , , , , , , , , , , , , , , , , , , , , , , , , , , , , , ,19.0,85.5,D,25,1002,1.50000, , , , , , , , , , , , , , , , , , , , , , , , , , , , , , , , , , , , , , , , , , , , , , , , , , , , , , , , , , , , , , , , , , , , , , , , , , , , , , , , , , , , , , , , , , , ,9,280
2006271N18089,2006,76,NI,BB,UNNAMED,2006-09-29 09:00:00,TS,19.0,85.0,25,1002,newdelhi,main,30,0,P____O_________, ,IO052006,19.0,85.0, ,TD,30,1000,-1, , , , , , , , , , , , , , , , , , , , , , , , , , , , , , , , , , , , , , , , , , , , , , , , , ,19.0,85.0,D,25,1002,1.50000, , , , , , , , , , , , , , , , , , , , , , , , , , , , , , , , , , , , , , , , , , , , , , , , , , , , , , , , , , , , , , , , , , , , , , , , , , , , , , , , , , , , , , , , , , , ,9,280
2006271N18089,2006,76,NI,BB,UNNAMED,2006-09-29 12:00:00,TS,19.1,84.5,25,1002,newdelhi,main,0,0,O____O_________,jtwc_io,IO052006,19.2,84.5, ,TD,30,1000,-1, , , , , , , , , , , , , , , , , , , , , , , , , , , , , , , , , , , , , , , , , , , , , , , , , ,19.0,84.5,D,25,1002,0.00000, , , , , , , , , , , , , , , , , , , , , , , , , , , , , , , , , , , , , , , , , , , , , , , , , , , , , , , , , , , , , , , , , , , , , , , , , , , , , , , , , , , , , , , , , , , ,7,280
2006271N18089,2006,76,NI,BB,UNNAMED,2006-09-29 15:00:00,TS,19.2,84.2,25,1002,newdelhi,main,0,0,P____O_________, ,IO052006,19.3,84.0, ,TD,28,1001,-1, , , , , , , , , , , , , , , , , , , , , , , , , , , , , , , , , , , , , , , , , , , , , , , , , ,19.0,84.5,D,25,1002,0.00000, , , , , , , , , , , , , , , , , , , , , , , , , , , , , , , , , , , , , , , , , , , , , , , , , , , , , , , , , , , , , , , , , , , , , , , , , , , , , , , , , , , , , , , , , , , ,5,280
2006271N18089,2006,76,NI,BB,UNNAMED,2006-09-29 18:00:00,MX,19.2,84.0,25,1002,newdelhi,main,0,0,O____O_________,jtwc_io,IO052006,19.4,83.4, ,DB,25,1002,-3, , , , , , , , , , , , , , , , , , , , , , , , , , , , , , , , , , , , , , , , , , , , , , , , , ,19.0,84.5,D,25,1002,0.00000, , , , , , , , , , , , , , , , , , , , , , , , , , , , , , , , , , , , , , , , , , , , , , , , , , , , , , , , , , , , , , , , , , , , , , , , , , , , , , , , , , , , , , , , , , , ,8,270
2006271N18089,2006,76,NI,BB,UNNAMED,2006-09-29 21:00:00,MX,19.2,83.4,25,1002,newdelhi,main,0,0,P____O_________, ,IO052006,19.3,82.8, ,DB,25,1002,-3, , , , , , , , , , , , , , , , , , , , , , , , , , , , , , , , , , , , , , , , , , , , , , , , , ,19.0,84.0,D,25,1002,0.00000, , , , , , , , , , , , , , , , , , , , , , , , , , , , , , , , , , , , , , , , , , , , , , , , , , , , , , , , , , , , , , , , , , , , , , , , , , , , , , , , , , , , , , , , , , , ,11,280
2006271N18089,2006,76,NI,BB,UNNAMED,2006-09-30 00:00:00,MX,19.4,82.8,25,1002,newdelhi,main,0, ,O____O_________,jtwc_io,IO052006,19.2,82.1, ,DB,25,1002,-3, , , , , , , , , , , , , , , , , , , , , , , , , , , , , , , , , , , , , , , , , , , , , , , , , ,19.5,83.5,D,25,1002,0.00000, , , , , , , , , , , , , , , , , , , , , , , , , , , , , , , , , , , , , , , , , , , , , , , , , , , , , , , , , , , , , , , , , , , , , , , , , , , , , , , , , , , , , , , , , , , ,12,290
2006329N06150,2006,94,WP,MM,DURIAN,2006-11-24 12:00:00,DS,6.1,149.8, , , ,main,956,950,O______________,jtwc_wp,WP242006,6.1,149.8, ,DB,15,1006,-3, , , , , , , , , , , , , , , , , , , , , , , , , , , , , , , , , , , , , , , , , , , , , , , , , , , , , , , , , , , , , , , , , , , , , , , , , , , , , , , , , , , , , , , , , , , , , , , , , , , , , , , , , , , , , , , , , , , , , , , , , , , , , , , , , , , , , , , , , , , , , , , , , , ,10,280
2006329N06150,2006,94,WP,MM,DURIAN,2006-11-24 15:00:00,DS,6.2,149.3, , , ,main,953,951,P______________, ,WP242006,6.2,149.3, ,DB,15,1006,-3, , , , , , , , , , , , , , , , , , , , , , , , , , , , , , , , , , , , , , , , , , , , , , , , , , , , , , , , , , , , , , , , , , , , , , , , , , , , , , , , , , , , , , , , , , , , , , , , , , , , , , , , , , , , , , , , , , , , , , , , , , , , , , , , , , , , , , , , , , , , , , , , , , ,10,285
2006329N06150,2006,94,WP,MM,DURIAN,2006-11-24 18:00:00,DS,6.4,148.8, , , ,main,965,963,O______________,jtwc_wp,WP242006,6.4,148.8, ,DB,15,1006,-3, , , , , , , , , , , , , , , , , , , , , , , , , , , , , , , , , , , , , , , , , , , , , , , , , , , , , , , , , , , , , , , , , , , , , , , , , , , , , , , , , , , , , , , , , , , , , , , , , , , , , , , , , , , , , , , , , , , , , , , , , , , , , , , , , , , , , , , , , , , , , , , , , , ,11,300
2006329N06150,2006,94,WP,MM,DURIAN,2006-11-24 21:00:00,DS,6.7,148.3, , , ,main,991,991,P______________, ,WP242006,6.7,148.3, ,DB,18,1005,-3, , , , , , , , , , , , , , , , , , , , , , , , , , , , , , , , , , , , , , , , , , , , , , , , , , , , , , , , , , , , , , , , , , , , , , , , , , , , , , , , , , , , , , , , , , , , , , , , , , , , , , , , , , , , , , , , , , , , , , , , , , , , , , , , , , , , , , , , , , , , , , , , , , ,11,310
2006329N06150,2006,94,WP,MM,DURIAN,2006-11-25 00:00:00,DS,7.1,147.9, , , ,main,1032,1031,O______________,jtwc_wp,WP242006,7.1,147.9, ,DB,20,1004,-3, , , , , , , , , , , , ,1008,150,40, , , , , , , , , , , , , , , , , , , , , , , , , , , , , , , , , , , , , , , , , , , , , , , , , , , , , , , , , , , , , , , , , , , , , , , , , , , , , , , , , , , , , , , , , , , , , , , , , , , , , , , , , , , , , , , , , , , , , , , , , , , , , , , , , , , ,11,310
2006329N06150,2006,94,WP,MM,DURIAN,2006-11-25 03:00:00,DS,7.5,147.5, , , ,main,1075,1075,P______________, ,WP242006,7.5,147.5, ,DB,20,1004,-3, , , , , , , , , , , , ,1008,150,43, , , , , , , , , , , , , , , , , , , , , , , , , , , , , , , , , , , , , , , , , , , , , , , , , , , , , , , , , , , , , , , , , , , , , , , , , , , , , , , , , , , , , , , , , , , , , , , , , , , , , , , , , , , , , , , , , , , , , , , , , , , , , , , , , , , ,15,330
2006329N06150,2006,94,WP,MM,DURIAN,2006-11-25 06:00:00,MX,8.4,147.1, ,1004,tokyo,main,1176,1176,OOO____________,jtwc_wp,WP242006,7.8,147.1, ,DB,20,1004,-3, , , , , , , , , , , , ,1008,150,45, ,9.6,147.2,2, ,1004,0, , ,0, , ,0,9.6,147.2,1,29,1000, , , , , , , , , , , , , , , , , , , , , , , , , , , , , , , , , , , , , , , , , , , , , , , , , , , , , , , , , , , , , , , , , , , , , , , , , , , , , , , , , , , , , , , , , , , , , , , , , , , , , , , , , , , , , , , , , ,16,325
2006329N06150,2006,94,WP,MM,DURIAN,2006-11-25 09:00:00,MX,8.8,146.6, , , ,main,1221,1221,PPP____________, ,WP242006,8.1,146.6, ,DB,23,1003,-3, , , , , , , , , , , , ,1008,150,45, ,9.5,146.6,2, ,1004,0, , ,0, , , ,9.5,146.6,1,29,1000, , , , , , , , , , , , , , , , , , , , , , , , , , , , , , , , , , , , , , , , , , , , , , , , , , , , , , , , , , , , , , , , , , , , , , , , , , , , , , , , , , , , , , , , , , , , , , , , , , , , , , , , , , , , , , , , , ,12,300
2006329N06150,2006,94,WP,MM,DURIAN,2006-11-25 12:00:00,TS,9.0,146.1, ,1004,tokyo,main,1245,1245,OOO____________,jtwc_wp,WP242006,8.3,146.2, ,TD,25,1002,-1, , , , , , , , , , , , ,1008,150,45, ,9.5,146.1,2, ,1004,0, , ,0, , ,0,9.5,146.1,1,29,1000, , , , , , , , , , , , , , , , , , , , , , , , , , , , , , , , , , , , , , , , , , , , , , , , , , , , , , , , , , , , , , , , , , , , , , , , , , , , , , , , , , , , , , , , , , , , , , , , , , , , , , , , , , , , , , , , , ,10,295
2006329N06150,2006,94,WP,MM,DURIAN,2006-11-25 15:00:00,TS,9.2,145.7, , , ,main,1270,1270,PPP____________, ,WP242006,8.6,145.9, ,TD,28,1001,-1, , , , , , , , , , , , ,1008,150,45, ,9.5,145.6,2, ,1004,0, , ,0, , , ,9.5,145.6,1,29,1000, , , , , , , , , , , , , , , , , , , , , , , , , , , , , , , , , , , , , , , , , , , , , , , , , , , , , , , , , , , , , , , , , , , , , , , , , , , , , , , , , , , , , , , , , , , , , , , , , , , , , , , , , , , , , , , , , ,9,290
2006329N06150,2006,94,WP,MM,DURIAN,2006-11-25 18:00:00,TS,9.4,145.3, ,1004,tokyo,main,1296,1296,OOOO___________,jtwc_wp,WP242006,9.0,145.5, ,TD,30,1000,-1, , , , , , , , , , , , ,1008,150,45, ,9.6,145.1,2, ,1004,0, , ,0, , ,0,9.6,145.1,1,29,1000,8.9,145.6,TD,25,1005, , , , , , , , , , , , , , , , , , , , , , , , , , , , , , , , , , , , , , , , , , , , , , , , , , , , , , , , , , , , , , , , , , , , , , , , , , , , , , , , , , , , , , , , , , , , , , , , , , , , , , , , , , , , ,10,290
2006329N06150,2006,94,WP,MM,DURIAN,2006-11-25 21:00:00,TS,9.6,144.7, , , ,main,1327,1327,PPPP___________, ,WP242006,9.3,144.8, ,TD,30,1000,-1, , , , , , , , , , , , ,1008,185,45, ,9.8,144.6,2, ,1003,0, , ,0, , , ,9.7,144.6,1,29,1000,9.3,145.0,TD,28,1004, , , , , , , , , , , , , , , , , , , , , , , , , , , , , , , , , , , , , , , , , , , , , , , , , , , , , , , , , , , , , , , , , , , , , , , , , , , , , , , , , , , , , , , , , , , , , , , , , , , , , , , , , , , , ,12,290
2006329N06150,2006,94,WP,MM,DURIAN,2006-11-26 00:00:00,TS,9.8,144.1, ,1002,tokyo,main,1361,1361,OOOO___________,jtwc_wp,WP242006,9.5,144.1, ,TD,30,1000,-1, , , , , , , , , , , , ,1007,220,45, ,10.0,144.0,2, ,1002,0, , ,0, , ,0,9.9,144.0,1,29,1000,9.6,144.4,TD,30,1002, , , , , , , , , , , , , , , , , , , , , , , , , , , , , , , , , , , , , , , , , , , , , , , , , , , , , , , , , , , , , , , , , , , , , , , , , , , , , , , , , , , , , , , , , , , , , , , , , , , , , , , , , , , , ,13,285
2006329N06150,2006,94,WP,MM,DURIAN,2006-11-26 03:00:00,TS,9.9,143.5, , , ,main,1387,1387,PPPP___________, ,WP242006,9.6,143.4, ,TD,33,999,-1, , , , , , , , , , , , ,1007,230,45, ,10.1,143.4,2, ,1002,0, , ,0, , , ,10.0,143.4,1,32,998,9.8,143.7,TD,33,1000, , , , , , , , , , , , , , , , , , , , , , , , , , , , , , , , , , , , , , , , , , , , , , , , , , , , , , , , , , , , , , , , , , , , , , , , , , , , , , , , , , , , , , , , , , , , , , , , , , , , , , , , , , , , ,13,280
2006329N06150,2006,94,WP,MM,DURIAN,2006-11-26 06:00:00,TS,10.0,142.8, ,1002,tokyo,main,1396,1380,OOOO___________,jtwc_wp,WP242006,9.7,142.8, ,TS,35,997,0, , , , , , , , , , , , ,1007,240,45, ,10.1,142.7,2, ,1002,0, , ,0, , ,0,10.1,142.8,2,34,995,10.0,143.0,TS,35,998, , , , , , , , , , , , , , , , , , , , , , , , , , , , , , , , , , , , , , , , , , , , , , , , , , , , , , , , , , , , , , , , , , , , , , , , , , , , , , , , , , , , , , , , , , , , , , , , , , , , , , , , , , , , ,12,280
2006329N06150,2006,94,WP,MM,DURIAN,2006-11-26 09:00:00,TS,10.1,142.2, , , ,main,1383,1367,PPPP___________, ,WP242006,9.9,142.2, ,TS,35,997,0, , , , , , , , , , , , ,1007,240,38, ,10.1,142.0,2, ,1001,0, , ,0, , , ,10.2,142.2,2,36,995,10.1,142.5,TS,35,997, , , , , , , , , , , , , , , , , , , , , , , , , , , , , , , , , , , , , , , , , , , , , , , , , , , , , , , , , , , , , , , , , , , , , , , , , , , , , , , , , , , , , , , , , , , , , , , , , , , , , , , , , , , , ,11,280
2006329N06150,2006,94,WP,MM,DURIAN,2006-11-26 12:00:00,TS,10.2,141.7,35,1000,tokyo,main,1377,1363,OOOO___________,jtwc_wp,WP242006,10.2,141.6, ,TS,35,997,0,40,30,30,30, , , , , , , , ,1006,240,30, ,10.0,141.4,3,35,1000,0, , ,9,80,80,0,10.3,141.6,2,38,995,10.1,142.1,TS,35,996, , , , , , , , , , , , , , , , , , , , , , , , , , , , , , , , , , , , , , , , , , , , , , , , , , , , , , , , , , , , , , , , , , , , , , , , , , , , , , , , , , , , , , , , , , , , , , , , , , , , , , , , , , , , ,11,280
2006329N06150,2006,94,WP,MM,DURIAN,2006-11-26 15:00:00,TS,10.2,141.1, , , ,main,1360,1351,PPPP___________, ,WP242006,10.4,141.0, ,TS,35,997,0,40,30,30,30, , , , , , , , ,1006,240,30, ,9.9,140.8,3,35,1000,0, , ,9,85,85, ,10.4,141.0,2,38,995,10.2,141.7,TS,35,996, , , , , , , , , , , , , , , , , , , , , , , , , , , , , , , , , , , , , , , , , , , , , , , , , , , , , , , , , , , , , , , , , , , , , , , , , , , , , , , , , , , , , , , , , , , , , , , , , , , , , , , , , , , , ,10,275
2006329N06150,2006,94,WP,MM,DURIAN,2006-11-26 18:00:00,TS,10.3,140.6,35,1000,tokyo,main,1348,1331,OOOO___________,jtwc_wp,WP242006,10.5,140.4, ,TS,35,997,0,40,30,30,30, , , , , , , , ,1006,240,30, ,9.9,140.3,3,35,1000,0, , ,9,90,90,0,10.5,140.5,2,38,995,10.2,141.3,TS,35,996, , , , , , , , , , , , , , , , , , , , , , , , , , , , , , , , , , , , , , , , , , , , , , , , , , , , , , , , , , , , , , , , , , , , , , , , , , , , , , , , , , , , , , , , , , , , , , , , , , , , , , , , , , , , ,10,275
2006329N06150,2006,94,WP,MM,DURIAN,2006-11-26 21:00:00,TS,10.3,140.1, , , ,main,1327,1313,PPPP___________, ,WP242006,10.6,139.9, ,TS,35,997,0,40,30,30,30, , , , , , , , ,1006,240,30, ,9.9,139.7,3,38,1000,0, , ,9,95,95, ,10.6,140.1,2,38,995,10.2,140.8,TS,38,994, , , , , , , , , , , , , , , , , , , , , , , , , , , , , , , , , , , , , , , , , , , , , , , , , , , , , , , , , , , , , , , , , , , , , , , , , , , , , , , , , , , , , , , , , , , , , , , , , , , , , , , , , , , , ,10,275
2006329N06150,2006,94,WP,MM,DURIAN,2006-11-27 00:00:00,TS,10.3,139.7,40,1000,tokyo,main,1313,1306,OOOO___________,jtwc_wp,WP242006,10.6,139.4, ,TS,35,997,0,40,30,30,30, , , , , , , , ,1006,240,30, ,9.9,139.2,3,40,1000,0, , ,9,100,100,0,10.6,139.7,2,38,995,10.2,140.3,TS,40,992, , , , , , , , , , , , , , , , , , , , , , , , , , , , , , , , , , , , , , , , , , , , , , , , , , , , , , , , , , , , , , , , , , , , , , , , , , , , , , , , , , , , , , , , , , , , , , , , , , , , , , , , , , , , ,9,280
2006329N06150,2006,94,WP,MM,DURIAN,2006-11-27 03:00:00,TS,10.4,139.2, , , ,main,1306,1302,PPPP___________, ,WP242006,10.7,138.9, ,TS,38,996,0,45,35,35,40, , , , , , , , ,1006,240,30, ,10.1,138.8,3,40,999,0, , ,9,105,105, ,10.6,139.2,2,41,993,10.2,139.8,TS,40,992, , , , , , , , , , , , , , , , , , , , , , , , , , , , , , , , , , , , , , , , , , , , , , , , , , , , , , , , , , , , , , , , , , , , , , , , , , , , , , , , , , , , , , , , , , , , , , , , , , , , , , , , , , , , ,9,280
2006329N06150,2006,94,WP,MM,DURIAN,2006-11-27 06:00:00,TS,10.5,138.7,40,998,tokyo,main,1301,1298,OOOO___________,jtwc_wp,WP242006,10.8,138.5, ,TS,40,994,0,50,40,40,50, , , , , , , , ,1006,240,30, ,10.3,138.5,3,40,998,0, , ,9,110,110,0,10.7,138.7,2,44,990,10.3,139.2,TS,40,992, , , , , , , , , , , , , , , , , , , , , , , , , , , , , , , , , , , , , , , , , , , , , , , , , , , , , , , , , , , , , , , , , , , , , , , , , , , , , , , , , , , , , , , , , , , , , , , , , , , , , , , , , , , , ,10,280
2006329N06150,2006,94,WP,MM,DURIAN,2006-11-27 09:00:00,TS,10.6,138.2, , , ,main,1298,1264,PPPP___________, ,WP242006,10.9,138.1, ,TS,43,993,0,53,40,40,53, , , , , , , , , , , , ,10.5,138.2,3,43,996,0, , ,9,115,115, ,10.7,138.2,2,44,990,10.4,138.4,TS,43,991, , , , , , , , , , , , , , , , , , , , , , , , , , , , , , , , , , , , , , , , , , , , , , , , , , , , , , , , , , , , , , , , , , , , , , , , , , , , , , , , , , , , , , , , , , , , , , , , , , , , , , , , , , , , ,11,280
2006329N06150,2006,94,WP,MM,DURIAN,2006-11-27 12:00:00,TS,10.7,137.7,45,994,tokyo,main,1264,1190,OOOO___________,jtwc_wp,WP242006,10.9,137.6, ,TS,45,991,0,55,40,40,55, , , , , , , , , , , , ,10.6,137.7,3,45,994,0, , ,9,120,120,0,10.8,137.7,2,44,990,10.5,137.6,TS,45,990, , , , , , , , , , , , , , , , , , , , , , , , , , , , , , , , , , , , , , , , , , , , , , , , , , , , , , , , , , , , , , , , , , , , , , , , , , , , , , , , , , , , , , , , , , , , , , , , , , , , , , , , , , , , ,12,275
2006329N06150,2006,94,WP,MM,DURIAN,2006-11-27 15:00:00,TS,10.7,137.0, , , ,main,1190,1119,PPPP___________, ,WP242006,10.8,136.9, ,TS,48,989,0,58,45,45,60, , , , , , , , , , , , ,10.7,137.0,3,48,992,0, , ,9,130,120, ,10.9,137.2,2,46,990,10.6,136.9,TS,48,988, , , , , , , , , , , , , , , , , , , , , , , , , , , , , , , , , , , , , , , , , , , , , , , , , , , , , , , , , , , , , , , , , , , , , , , , , , , , , , , , , , , , , , , , , , , , , , , , , , , , , , , , , , , , ,14,275
2006329N06150,2006,94,WP,MM,DURIAN,2006-11-27 18:00:00,TS,10.8,136.3,50,990,tokyo,main,1119,1038,OOOO___________,jtwc_wp,WP242006,10.8,136.1, ,TS,50,987,0,60,50,50,65,20,20,20,20, , , , ,1007,97,20, ,10.8,136.1,4,50,990,0, , ,8,140,120,0,11.0,136.5,3,48,990,10.7,136.3,STS,50,985, , , , , , , , , , , , , , , , , , , , , , , , , , , , , , , , , , , , , , , , , , , , , , , , , , , , , , , , , , , , , , , , , , , , , , , , , , , , , , , , , , , , , , , , , , , , , , , , , , , , , , , , , , , , ,16,280
2006329N06150,2006,94,WP,MM,DURIAN,2006-11-27 21:00:00,TS,11.0,135.4, , , ,main,1027,949,PPPP___________, ,WP242006,11.1,135.2, ,TS,53,986,0,63,53,53,65,20,20,20,20, , , , ,1007,97,20, ,11.0,135.3,4,50,988,0, , ,8,150,120, ,11.1,135.6,3,48,990,10.9,135.5,STS,53,983, , , , , , , , , , , , , , , , , , , , , , , , , , , , , , , , , , , , , , , , , , , , , , , , , , , , , , , , , , , , , , , , , , , , , , , , , , , , , , , , , , , , , , , , , , , , , , , , , , , , , , , , , , , , ,17,285
2006329N06150,2006,94,WP,MM,DURIAN,2006-11-28 00:00:00,TS,11.3,134.6,50,985,tokyo,main,949,881,OOOO___________,jtwc_wp,WP242006,11.4,134.3, ,TS,55,984,0,65,55,55,65,20,20,20,20, , , , ,1007,97,20, ,11.3,134.6,4,50,985,0, , ,8,160,120,0,11.3,134.7,3,48,990,11.2,134.7,STS,55,980, , , , , , , , , , , , , , , , , , , , , , , , , , , , , , , , , , , , , , , , , , , , , , , , , , , , , , , , , , , , , , , , , , , , , , , , , , , , , , , , , , , , , , , , , , , , , , , , , , , , , , , , , , , , ,17,290
2006329N06150,2006,94,WP,MM,DURIAN,2006-11-28 03:00:00,TS,11.6,133.8, , , ,main,874,801,PPPP___________, ,WP242006,11.6,133.6, ,TS,58,982,0,68,58,58,65,23,23,23,23, , , , ,1006,139,20, ,11.6,133.9,4,53,983,0, , ,8,170,120, ,11.6,133.9,3,53,985,11.5,133.9,STS,55,980, , , , , , , , , , , , , , , , , , , , , , , , , , , , , , , , , , , , , , , , , , , , , , , , , , , , , , , , , , , , , , , , , , , , , , , , , , , , , , , , , , , , , , , , , , , , , , , , , , , , , , , , , , , , ,15,290
2006329N06150,2006,94,WP,MM,DURIAN,2006-11-28 06:00:00,TS,11.8,133.1,55,980,tokyo,main,801,728,OOOO___________,jtwc_wp,WP242006,11.7,133.0, ,TS,60,980,0,70,60,60,65,25,25,25,25, , , , ,1005,180,20, ,11.9,133.1,4,55,980,9,40,40,8,180,120,0,11.9,133.1,3,58,980,11.8,133.2,STS,55,980, , , , , , , , , , , , , , , , , , , , , , , , , , , , , , , , , , , , , , , , , , , , , , , , , , , , , , , , , , , , , , , , , , , , , , , , , , , , , , , , , , , , , , , , , , , , , , , , , , , , , , , , , , , , ,15,285
2006329N06150,2006,94,WP,MM,DURIAN,2006-11-28 09:00:00,TS,12.0,132.3, , , ,main,717,646,PPPP___________, ,WP242006,11.9,132.3, ,TS,63,978,0,73,63,60,68,25,25,25,25, , , , ,1005,193,20, ,12.1,132.2,4,58,978,9,43,43,8,180,130, ,12.1,132.3,3,61,978,12.0,132.5,STS,58,978, , , , , , , , , , , , , , , , , , , , , , , , , , , , , , , , , , , , , , , , , , , , , , , , , , , , , , , , , , , , , , , , , , , , , , , , , , , , , , , , , , , , , , , , , , , , , , , , , , , , , , , , , , , , ,15,285
2006329N06150,2006,94,WP,MM,DURIAN,2006-11-28 12:00:00,TS,12.2,131.6,60,975,tokyo,main,646,577,OOOO___________,jtwc_wp,WP242006,12.1,131.6, ,TY,65,976,1,75,65,60,70,25,25,25,25, , , , ,1005,205,20, ,12.2,131.4,4,60,975,9,45,45,8,180,140,0,12.2,131.6,4,64,975,12.2,131.7,STS,60,975, , , , , , , , , , , , , , , , , , , , , , , , , , , , , , , , , , , , , , , , , , , , , , , , , , , , , , , , , , , , , , , , , , , , , , , , , , , , , , , , , , , , , , , , , , , , , , , , , , , , , , , , , , , , ,15,285
2006329N06150,2006,94,WP,MM,DURIAN,2006-11-28 15:00:00,TS,12.4,130.8, , , ,main,566,501,PPPP___________, ,WP242006,12.4,130.9, ,TY,70,972,1,83,73,68,78,33,33,33,33, , , , ,1007,208,18, ,12.4,130.7,4,65,970,9,48,48,8,185,145, ,12.4,130.8,4,66,973,12.3,130.9,STS,65,970, , , , , , , , , , , , , , , , , , , , , , , , , , , , , , , , , , , , , , , , , , , , , , , , , , , , , , , , , , , , , , , , , , , , , , , , , , , , , , , , , , , , , , , , , , , , , , , , , , , , , , , , , , , , ,15,285
2006329N06150,2006,94,WP,MM,DURIAN,2006-11-28 18:00:00,TS,12.6,130.1,70,965,tokyo,main,501,427,OOOO___________,jtwc_wp,WP242006,12.6,130.1, ,TY,75,967,1,90,80,75,85,40,40,40,40,20,20,20,20,1008,210,15, ,12.6,130.1,5,70,965,9,50,50,1,190,150,0,12.6,130.1,4,68,970,12.5,130.1,T,70,965, , , , , , , , , , , , , , , , , , , , , , , , , , , , , , , , , , , , , , , , , , , , , , , , , , , , , , , , , , , , , , , , , , , , , , , , , , , , , , , , , , , , , , , , , , , , , , , , , , , , , , , , , , , , ,15,285
2006329N06150,2006,94,WP,MM,DURIAN,2006-11-28 21:00:00,TS,12.8,129.3, , , ,main,418,345,PPPP___________, ,WP242006,12.7,129.3, ,TY,83,961,2,95,88,85,93,45,45,45,45,23,23,23,23,1008,195,15, ,12.8,129.4,5,75,958,9,60,60,1,195,155, ,12.8,129.3,4,73,965,12.7,129.3,T,75,960, , , , , , , , , , , , , , , , , , , , , , , , , , , , , , , , , , , , , , , , , , , , , , , , , , , , , , , , , , , , , , , , , , , , , , , , , , , , , , , , , , , , , , , , , , , , , , , , , , , , , , , , , , , , ,15,285
2006329N06150,2006,94,WP,MM,DURIAN,2006-11-29 00:00:00,TS,12.9,128.6,80,950,tokyo,main,345,275,OOOO___________,jtwc_wp,WP242006,12.8,128.6, ,TY,90,954,2,100,95,95,100,50,50,50,50,25,25,25,25,1007,180,15,10,13.0,128.6,5,80,950,9,70,70,1,200,160,0,13.0,128.6,4,77,960,12.9,128.6,T,80,955, , , , , , , , , , , , , , , , , , , , , , , , , , , , , , , , , , , , , , , , , , , , , , , , , , , , , , , , , , , , , , , , , , , , , , , , , , , , , , , , , , , , , , , , , , , , , , , , , , , , , , , , , , , , ,14,280
2006329N06150,2006,94,WP,MM,DURIAN,2006-11-29 03:00:00,TS,13.1,127.9, , , ,main,279,219,PPPP___________, ,WP242006,12.9,127.9, ,TY,108,935,3,115,108,105,110,58,55,55,55,33,33,33,33,1006,183,13, ,13.1,127.9,5,90,938,9,75,75,1,210,165, ,13.1,127.9,4,92,948,13.0,127.9,T,88,948, , , , , , , , , , , , , , , , , , , , , , , , , , , , , , , , , , , , , , , , , , , , , , , , , , , , , , , , , , , , , , , , , , , , , , , , , , , , , , , , , , , , , , , , , , , , , , , , , , , , , , , , , , , , ,13,280
2006329N06150,2006,94,WP,MM,DURIAN,2006-11-29 06:00:00,TS,13.2,127.3,100,925,tokyo,main,225,180,OOOO___________,jtwc_wp,WP242006,13.1,127.3, ,TY,125,916,4,130,120,115,120,65,60,60,60,40,40,40,40,1005,185,10,15,13.2,127.3,5,100,925,9,80,80,1,220,170,0,13.2,127.3,6,106,935,13.1,127.3,ST,95,940, , , , , , , , , , , , , , , , , , , , , , , , , , , , , , , , , , , , , , , , , , , , , , , , , , , , , , , , , , , , , , , , , , , , , , , , , , , , , , , , , , , , , , , , , , , , , , , , , , , , , , , , , , , , ,11,280
2006329N06150,2006,94,WP,MM,DURIAN,2006-11-29 09:00:00,TS,13.2,126.8, , , ,main,180,156,PPPP___________, ,WP242006,13.2,126.7, ,TY,130,910,4,133,120,115,120,65,60,60,60,40,40,40,40,1005,203,10, ,13.3,126.8,5,103,920,9,80,80,1,215,165, ,13.3,126.8,6,111,928,13.1,126.8,ST,98,938, , , , , , , , , , , , , , , , , , , , , , , , , , , , , , , , , , , , , , , , , , , , , , , , , , , , , , , , , , , , , , , , , , , , , , , , , , , , , , , , , , , , , , , , , , , , , , , , , , , , , , , , , , , , ,9,280
2006329N06150,2006,94,WP,MM,DURIAN,2006-11-29 12:00:00,TS,13.3,126.4,105,915,tokyo,main,156,117,OOOO___________,jtwc_wp,WP242006,13.3,126.2, ,ST,135,904,4,135,120,115,120,65,60,60,60,40,40,40,40,1004,220,10,15,13.3,126.4,5,105,915,9,80,80,1,210,160,0,13.3,126.4,6,116,920,13.2,126.4,SuperT,100,935, , , , , , , , , , , , , , , , , , , , , , , , , , , , , , , , , , , , , , , , , , , , , , , , , , , , , , , , , , , , , , , , , , , , , , , , , , , , , , , , , , , , , , , , , , , , , , , , , , , , , , , , , , , , ,9,275
2006329N06150,2006,94,WP,MM,DURIAN,2006-11-29 15:00:00,TS,13.3,125.9, , , ,main,117,103,PPPP___________, ,WP242006,13.3,125.8, ,ST,133,907,4,128,120,118,120,63,60,60,60,40,40,40,40,1004,220,10, ,13.4,125.9,5,103,920,9,78,78,1,205,160, ,13.4,125.9,6,111,928,13.3,125.9,SuperT,100,935, , , , , , , , , , , , , , , , , , , , , , , , , , , , , , , , , , , , , , , , , , , , , , , , , , , , , , , , , , , , , , , , , , , , , , , , , , , , , , , , , , , , , , , , , , , , , , , , , , , , , , , , , , , , ,9,275
2006329N06150,2006,94,WP,MM,DURIAN,2006-11-29 18:00:00,TS,13.4,125.4,100,925,tokyo,main,103,73,OOOO___________,jtwc_wp,WP242006,13.3,125.4, ,ST,130,910,4,120,120,120,120,60,60,60,60,40,40,40,40,1004,220,10, ,13.4,125.4,5,100,925,9,75,75,1,200,160,0,13.4,125.4,6,106,935,13.4,125.4,SuperT,100,935, , , , , , , , , , , , , , , , , , , , , , , , , , , , , , , , , , , , , , , , , , , , , , , , , , , , , , , , , , , , , , , , , , , , , , , , , , , , , , , , , , , , , , , , , , , , , , , , , , , , , , , , , , , , ,8,275
2006329N06150,2006,94,WP,MM,DURIAN,2006-11-29 21:00:00,TS,13.4,125.0, , , ,main,73,39,PPPP___________, ,WP242006,13.3,125.0, ,ST,133,907,4,120,120,115,115,60,60,60,60,40,40,40,40,1004,220,10, ,13.4,125.0,5,95,933,9,73,73,1,190,160, ,13.4,125.0,6,106,935,13.4,125.1,SuperT,98,938, , , , , , , , , , , , , , , , , , , , , , , , , , , , , , , , , , , , , , , , , , , , , , , , , , , , , , , , , , , , , , , , , , , , , , , , , , , , , , , , , , , , , , , , , , , , , , , , , , , , , , , , , , , , ,8,270
2006329N06150,2006,94,WP,MM,DURIAN,2006-11-30 00:00:00,TS,13.4,124.6,90,940,tokyo,main,39,11,OOOO___________,jtwc_wp,WP242006,13.4,124.5, ,ST,135,904,4,120,120,110,110,60,60,60,60,40,40,40,40,1004,220,10, ,13.4,124.6,5,90,940,9,70,70,8,180,160,0,13.4,124.6,6,106,935,13.4,124.7,ST,95,940, , , , , , , , , , , , , , , , , , , , , , , , , , , , , , , , , , , , , , , , , , , , , , , , , , , , , , , , , , , , , , , , , , , , , , , , , , , , , , , , , , , , , , , , , , , , , , , , , , , , , , , , , , , , ,9,270
2006329N06150,2006,94,WP,MM,DURIAN,2006-11-30 03:00:00,TS,13.4,124.1, , , ,main,15,0,PPPP___________, ,WP242006,13.5,124.0, ,ST,130,910,4,125,115,110,115,65,60,60,60,40,40,40,40,1006,190,10, ,13.4,124.1,5,90,940,9,70,70,8,180,155, ,13.4,124.1,6,102,938,13.4,124.1,ST,93,943, , , , , , , , , , , , , , , , , , , , , , , , , , , , , , , , , , , , , , , , , , , , , , , , , , , , , , , , , , , , , , , , , , , , , , , , , , , , , , , , , , , , , , , , , , , , , , , , , , , , , , , , , , , , ,10,270
2006329N06150,2006,94,WP,MM,DURIAN,2006-11-30 06:00:00,TS,13.4,123.6,90,940,tokyo,main,0,0,OOOO___________,jtwc_wp,WP242006,13.5,123.5, ,TY,125,916,4,130,110,110,120,70,60,60,60,40,40,40,40,1008,160,10, ,13.4,123.6,5,90,940,9,70,70,8,180,150,0,13.4,123.6,5,97,940,13.4,123.5,ST,90,945, , , , , , , , , , , , , , , , , , , , , , , , , , , , , , , , , , , , , , , , , , , , , , , , , , , , , , , , , , , , , , , , , , , , , , , , , , , , , , , , , , , , , , , , , , , , , , , , , , ,150, , , , , , , , , ,11,275
2006329N06150,2006,94,WP,MM,DURIAN,2006-11-30 09:00:00,TS,13.5,123.0, , , ,main,10,0,PPPP___________, ,WP242006,13.5,123.0, ,TY,120,922,4,120,110,110,115,65,60,60,60,40,40,40,40,1008,160,10, ,13.4,123.0,5,85,945,9,68,68,8,180,150, ,13.4,123.0,5,97,940,13.4,123.0,ST,88,948, , , , , , , , , , , , , , , , , , , , , , , , , , , , , , , , , , , , , , , , , , , , , , , , , , , , , , , , , , , , , , , , , , , , , , , , , , , , , , , , , , , , , , , , , , , , , , , , , , , , , , , , , , , , ,11,275
2006329N06150,2006,94,WP,MM,DURIAN,2006-11-30 12:00:00,TS,13.5,122.4,80,950,tokyo,main,0,0,OOOO___________,jtwc_wp,WP242006,13.5,122.4, ,TY,115,927,4,110,110,110,110,60,60,60,60,40,40,40,40,1008,160,10, ,13.5,122.4,5,80,950,9,65,65,8,180,150,0,13.5,122.4,5,97,940,13.5,122.4,ST,85,950, , , , , , , , , , , , , , , , , , , , , , , , , , , , , , , , , , , , , , , , , , , , , , , , , , , , , , , , , , , , , , , , , , , , , , , , , , , , , , , , , , , , , , , , , , , , , , , , , , , , , , , , , , , , ,12,270
2006329N06150,2006,94,WP,MM,DURIAN,2006-11-30 15:00:00,TS,13.5,121.8, , , ,main,39,11,PPPP___________, ,WP242006,13.5,121.8, ,TY,108,936,3,110,110,110,110,60,60,60,60,40,40,40,40,1007,165,13, ,13.5,121.8,5,78,955,9,63,63,8,180,145, ,13.5,121.8,5,92,945,13.5,121.8,ST,83,953, , , , , , , , , , , , , , , , , , , , , , , , , , , , , , , , , , , , , , , , , , , , , , , , , , , , , , , , , , , , , , , , , , , , , , , , , , , , , , , , , , , , , , , , , , , , , , , , , , , , , , , , , , , , ,12,270
2006329N06150,2006,94,WP,MM,DURIAN,2006-11-30 18:00:00,TS,13.5,121.2,75,960,tokyo,main,11,11,OOOO___________,jtwc_wp,WP242006,13.5,121.2, ,TY,100,944,3,110,110,110,110,60,60,60,60,40,40,40,40,1005,170,15, ,13.5,121.2,5,75,960,9,60,60,8,180,140,0,13.5,121.2,5,87,950,13.5,121.2,T,80,955, , , , , , , , , , , , , , , , , , , , , , , , , , , , , , , , , , , , , , , , , , , , , , , , , , , , , , , , , , , , , , , , , , , , , , , , , , , , , , , , , , , , , , , , , , , , , , , , , , , , , , , , , , , , ,12,270
2006329N06150,2006,94,WP,MM,DURIAN,2006-11-30 21:00:00,TS,13.5,120.6, , , ,main,11,11,PPPP___________, ,WP242006,13.5,120.6, ,TY,98,947,3,98,98,105,108,55,55,60,63,38,40,40,40,1005,164,15, ,13.6,120.7,5,75,960,9,60,60,8,180,135, ,13.6,120.6,5,82,955,13.6,120.6,T,78,958, , , , , , , , , , , , , , , , , , , , , , , , , , , , , , , , , , , , , , , , , , , , , , , , , , , , , , , , , , , , , , , , , , , , , , , , , , , , , , , , , , , , , , , , , , , , , , , , , , , , , , , , , , , , ,11,275
2006329N06150,2006,94,WP,MM,DURIAN,2006-12-01 00:00:00,TS,13.6,120.1,75,960,tokyo,main,31,31,OOOO___________,jtwc_wp,WP242006,13.5,120.0, ,TY,95,949,2,85,85,100,105,50,50,60,65,35,40,40,40,1005,157,15, ,13.6,120.3,5,75,960,9,60,60,8,180,130,0,13.6,120.0,4,77,960,13.6,120.0,T,75,960, , , , , , , , , , , , , , , , , , , , , , , , , , , , , , , , , , , , , , , , , , , , , , , , , , , , , , , , , , , , , , , , , , , , , , , , , , , , , , , , , , , , , , , , , , , , , , , , , , , , , , , , , , , , ,9,275
2006329N06150,2006,94,WP,MM,DURIAN,2006-12-01 03:00:00,TS,13.6,119.7, , , ,main,68,68,PPPP___________, ,WP242006,13.5,119.6, ,TY,93,952,2,98,93,100,113,58,58,63,65,38,40,40,40,1005,157,15, ,13.6,120.0,5,73,963,9,58,58,8,180,125, ,13.6,119.6,4,73,965,13.6,119.6,T,73,963, , , , , , , , , , , , , , , , , , , , , , , , , , , , , , , , , , , , , , , , , , , , , , , , , , , , , , , , , , , , , , , , , , , , , , , , , , , , , , , , , , , , , , , , , , , , , , , , , , , , , , , , , , , , ,8,270
2006329N06150,2006,94,WP,MM,DURIAN,2006-12-01 06:00:00,TS,13.6,119.3,70,965,tokyo,main,110,110,OOOO___________,jtwc_wp,WP242006,13.6,119.2, ,TY,90,954,2,110,100,100,120,65,65,65,65,40,40,40,40,1005,157,15, ,13.5,119.6,5,70,965,9,55,55,8,180,120,0,13.6,119.2,4,68,970,13.6,119.2,T,70,965, , , , , , , , , , , , , , , , , , , , , , , , , , , , , , , , , , , , , , , , , , , , , , , , , , , , , , , , , , , , , , , , , , , , , , , , , , , , , , , , , , , , , , , , , , , , , , , , , , , , , , , , , , , , ,7,270
2006329N06150,2006,94,WP,MM,DURIAN,2006-12-01 09:00:00,TS,13.6,119.0, , , ,main,142,142,PPPP___________, ,WP242006,13.6,118.9, ,TY,85,959,2,105,95,95,110,58,58,58,58,35,35,35,35,1005,149,15, ,13.4,119.1,5,70,965,9,55,55,8,180,120, ,13.6,118.9,4,68,970,13.6,118.9,T,68,968, , , , , , , , , , , , , , , , , , , , , , , , , , , , , , , , , , , , , , , , , , , , , , , , , , , , , , , , , , , , , , , , , , , , , , , , , , , , , , , , , , , , , , , , , , , , , , , , , , , , , , , , , , , , ,7,270
2006329N06150,2006,94,WP,MM,DURIAN,2006-12-01 12:00:00,TS,13.6,118.6,70,965,tokyo,main,185,184,OOOO___________,jtwc_wp,WP242006,13.6,118.6, ,TY,80,963,1,100,90,90,100,50,50,50,50,30,30,30,30,1004,140,15, ,13.4,118.6,5,70,965,9,55,55,8,180,120,0,13.6,118.6,4,68,970,13.6,118.6,T,65,970, , , , , , , , , , , , , , , , , , , , , , , , , , , , , , , , , , , , , , , , , , , , , , , , , , , , , , , , , , , , , , , , , , , , , , , , , , , , , , , , , , , , , , , , , , , , , , , , , , , , , , , , , , , , ,8,265
2006329N06150,2006,94,WP,MM,DURIAN,2006-12-01 15:00:00,TS,13.5,118.2, , , ,main,227,227,PPPP___________, ,WP242006,13.6,118.1, ,TY,80,963,1,100,90,90,100,50,50,50,50,30,30,30,30,1004,140,15, ,13.4,118.3,5,70,965,9,55,55,8,180,120, ,13.6,118.2,4,68,970,13.6,118.2,T,65,970, , , , , , , , , , , , , , , , , , , , , , , , , , , , , , , , , , , , , , , , , , , , , , , , , , , , , , , , , , , , , , , , , , , , , , , , , , , , , , , , , , , , , , , , , , , , , , , , , , , , , , , , , , , , ,8,270
2006329N06150,2006,94,WP,MM,DURIAN,2006-12-01 18:00:00,TS,13.5,117.8,70,965,tokyo,main,270,270,OOOO___________,jtwc_wp,WP242006,13.6,117.6, ,TY,80,963,1,100,90,90,100,50,50,50,50,30,30,30,30,1004,140,15, ,13.4,118.0,5,70,965,9,55,55,8,180,120,0,13.6,117.7,4,68,970,13.5,117.7,T,65,970, , , , , , , , , , , , , , , , , , , , , , , , , , , , , , , , , , , , , , , , , , , , , , , , , , , , , , , , , , , , , , , , , , , , , , , , , , , , , , , , , , , , , , , , , , , , , , , , , , , , , , , , , , , , ,8,275
2006329N06150,2006,94,WP,MM,DURIAN,2006-12-01 21:00:00,TS,13.6,117.3, , , ,main,325,325,PPPP___________, ,WP242006,13.6,117.3, ,TY,78,965,1,98,90,90,98,48,48,48,48,28,28,28,28,1004,140,15, ,13.6,117.5,5,70,965,9,55,55,8,180,120, ,13.6,117.3,4,68,970,13.5,117.3,T,65,970, , , , , , , , , , , , , , , , , , , , , , , , , , , , , , , , , , , , , , , , , , , , , , , , , , , , , , , , , , , , , , , , , , , , , , , , , , , , , , , , , , , , , , , , , , , , , , , , , , , , , , , , , , , , ,8,280
2006329N06150,2006,94,WP,MM,DURIAN,2006-12-02 00:00:00,TS,13.6,117.0,70,965,tokyo,main,357,357,OOOO___________,jtwc_wp,WP242006,13.7,117.0, ,TY,75,967,1,95,90,90,95,45,45,45,45,25,25,25,25,1004,140,15, ,13.7,117.0,5,70,965,9,55,55,8,180,120,0,13.6,117.0,4,68,970,13.5,116.9,T,65,970, , , , , , , , , , , , , , , , , , , , , , , , , , , , , , , , , , , , , , , , , , , , , , , , , , , , , , , , , , , , , , , , , , , , , , , , , , , , , , , , , , , , , , , , , , , , , , , , , , , , , , , , , , , , ,7,280
2006329N06150,2006,94,WP,MM,DURIAN,2006-12-02 03:00:00,TS,13.7,116.7, , , ,main,386,386,PPPP___________, ,WP242006,13.7,116.7, ,TY,75,967,1,93,88,88,93,43,43,43,43,25,25,25,25,1004,155,15, ,13.7,116.7,5,70,965,9,55,55,8,180,120, ,13.6,116.7,4,68,970,13.5,116.6,T,65,970, , , , , , , , , , , , , , , , , , , , , , , , , , , , , , , , , , , , , , , , , , , , , , , , , , , , , , , , , , , , , , , , , , , , , , , , , , , , , , , , , , , , , , , , , , , , , , , , , , , , , , , , , , , , ,6,275
2006329N06150,2006,94,WP,MM,DURIAN,2006-12-02 06:00:00,TS,13.7,116.4,70,965,tokyo,main,417,417,OOOO___________,jtwc_wp,WP242006,13.8,116.3, ,TY,75,967,1,90,85,85,90,40,40,40,40,25,25,25,25,1004,170,15, ,13.7,116.4,5,70,965,9,55,55,8,180,120,0,13.7,116.4,4,68,970,13.6,116.3,T,65,970, , , , , , , , , , , , , , , , , , , , , , , , , , , , , , , , , , , , , , , , , , , , , , , , , , , , , , , , , , , , , , , , , , , , , , , , , , , , , , , , , , , , , , , , , , , , , , , , , , , , , , , , , , , , ,7,280
2006329N06150,2006,94,WP,MM,DURIAN,2006-12-02 09:00:00,TS,13.8,116.0, , , ,main,455,455,PPPP___________, ,WP242006,13.9,115.9, ,TY,75,967,1,90,85,85,90,40,40,40,40,25,25,25,25,1005,178,15, ,13.8,116.0,5,70,965,9,55,55,8,180,120, ,13.8,116.0,4,68,970,13.6,116.0,T,65,970, , , , , , , , , , , , , , , , , , , , , , , , , , , , , , , , , , , , , , , , , , , , , , , , , , , , , , , , , , , , , , , , , , , , , , , , , , , , , , , , , , , , , , , , , , , , , , , , , , , , , , , , , , , , ,8,285
2006329N06150,2006,94,WP,MM,DURIAN,2006-12-02 12:00:00,TS,13.9,115.6,70,965,tokyo,main,492,492,OOOO___________,jtwc_wp,WP242006,14.0,115.5, ,TY,75,967,1,90,85,85,90,40,40,40,40,25,25,25,25,1006,185,15, ,13.9,115.6,5,70,965,9,55,55,8,180,120,0,13.9,115.6,4,68,970,13.7,115.6,T,65,970, , , , , , , , , , , , , , , , , , , , , , , , , , , , , , , , , , , , , , , , , , , , , , , , , , , , , , , , , , , , , , , , , , , , , , , , , , , , , , , , , , , , , , , , , , , , , , , , , , , , , , , , , , , , ,8,280
2006329N06150,2006,94,WP,MM,DURIAN,2006-12-02 15:00:00,TS,13.9,115.1, , , ,main,543,543,PPPP___________, ,WP242006,14.0,115.1, ,TY,83,961,2,95,90,90,95,45,45,45,45,28,28,28,28,1006,185,15, ,13.9,115.1,5,73,963,9,58,58,8,180,125, ,13.9,115.1,4,73,965,13.8,115.1,T,70,965, , , , , , , , , , , , , , , , , , , , , , , , , , , , , , , , , , , , , , , , , , , , , , , , , , , , , , , , , , , , , , , , , , , , , , , , , , , , , , , , , , , , , , , , , , , , , , , , , , , , , , , , , , , , ,9,270
2006329N06150,2006,94,WP,MM,DURIAN,2006-12-02 18:00:00,TS,13.9,114.7,75,960,tokyo,main,573,531,OOOO___________,jtwc_wp,WP242006,13.9,114.7, ,TY,90,954,2,100,95,95,100,50,50,50,50,30,30,30,30,1006,185,15,20,13.9,114.7,5,75,960,9,60,60,8,180,130,0,13.9,114.7,4,77,960,13.9,114.6,T,75,960, , , , , , , , , , , , , , , , , , , , , , , , , , , , , , , , , , , , , , , , , , , , , , , , , , , , , , , , , , , , , , , , , , , , , , , , , , , , , , , , , , , , , , , , , , , , , , , , , , , , , , , , , , , , ,8,270
2006329N06150,2006,94,WP,MM,DURIAN,2006-12-02 21:00:00,TS,13.9,114.3, , , ,main,531,497,PPPP___________, ,WP242006,13.8,114.3, ,TY,90,954,2,98,90,90,100,50,48,48,53,30,30,30,30,1006,185,15, ,13.9,114.3,5,75,958,9,60,60,8,180,135, ,13.9,114.3,4,77,960,13.9,114.2,T,78,958, , , , , , , , , , , , , , , , , , , , , , , , , , , , , , , , , , , , , , , , , , , , , , , , , , , , , , , , , , , , , , , , , , , , , , , , , , , , , , , , , , , , , , , , , , , , , , , , , , , , , , , , , , , , ,7,265
2006329N06150,2006,94,WP,MM,DURIAN,2006-12-03 00:00:00,TS,13.8,114.0,75,955,tokyo,main,497,455,OOOO___________,jtwc_wp,WP242006,13.8,113.9, ,TY,90,954,2,95,85,85,100,50,45,45,55,30,30,30,30,1006,185,15,25,13.9,114.0,5,75,955,9,60,60,7,180,140,0,13.8,114.0,4,77,960,13.8,113.9,T,80,955, , , , , , , , , , , , , , , , , , , , , , , , , , , , , , , , , , , , , , , , , , , , , , , , , , , , , , , , , , , , , , , , , , , , , , , , , , , , , , , , , , , , , , , , , , , , , , , , , , , , , , , , , , , , ,7,265
2006329N06150,2006,94,WP,MM,DURIAN,2006-12-03 03:00:00,TS,13.8,113.6, , , ,main,455,421,PPPP___________, ,WP242006,13.8,113.5, ,TY,90,954,2,103,85,85,105,53,45,45,55,33,28,28,33,1006,175,18, ,13.9,113.6,5,75,955,9,60,60,7,180,140, ,13.8,113.6,4,77,960,13.8,113.5,T,80,955, , , , , , , , , , , , , , , , , , , , , , , , , , , , , , , , , , , , , , , , , , , , , , , , , , , , , , , , , , , , , , , , , , , , , , , , , , , , , , , , , , , , , , , , , , , , , , , , , , , , , , , , , , , , ,7,260
2006329N06150,2006,94,WP,MM,DURIAN,2006-12-03 06:00:00,TS,13.7,113.3,75,955,tokyo,main,421,387,OOOO___________,jtwc_wp,WP242006,13.7,113.2, ,TY,90,954,2,110,85,85,110,55,45,45,55,35,25,25,35,1006,165,20,30,13.8,113.3,5,75,955,9,60,60,7,180,140,0,13.7,113.3,4,77,960,13.7,113.2,T,80,955, , , , , , , , , , , , , , , , , , , , , , , , , , , , , , , , , , , , , , , , , , , , , , , , , , , , , , , , , , , , , , , , , , , , , , , , , , , , , , , , , , , , , , , , , , , , , , , , , , , , , , , , , , , , ,6,255
2006329N06150,2006,94,WP,MM,DURIAN,2006-12-03 09:00:00,TS,13.6,113.0, , , ,main,387,363,PPPP___________, ,WP242006,13.6,112.9, ,TY,90,954,2,110,85,85,110,55,45,45,55,35,25,25,35,1006,165,20, ,13.7,113.1,5,75,955,9,60,60,7,180,140, ,13.6,113.0,4,77,960,13.6,113.0,T,80,955, , , , , , , , , , , , , , , , , , , , , , , , , , , , , , , , , , , , , , , , , , , , , , , , , , , , , , , , , , , , , , , , , , , , , , , , , , , , , , , , , , , , , , , , , , , , , , , , , , , , , , , , , , , , ,5,245
2006329N06150,2006,94,WP,MM,DURIAN,2006-12-03 12:00:00,TS,13.5,112.8,75,955,tokyo,main,363,317,OOOO___________,jtwc_wp,WP242006,13.4,112.6, ,TY,90,954,2,110,85,85,110,55,45,45,55,35,25,25,35,1006,165,20,30,13.5,112.9,5,75,955,9,60,60,7,180,140,0,13.5,112.7,4,77,960,13.5,112.8,T,80,955, , , , , , , , , , , , , , , , , , , , , , , , , , , , , , , , , , , , , , , , , , , , , , , , , , , , , , , , , , , , , , , , , , , , , , , , , , , , , , , , , , , , , , , , , , , , , , , , , , , , , , , , , , , , ,6,240
2006329N06150,2006,94,WP,MM,DURIAN,2006-12-03 15:00:00,TS,13.3,112.4, , , ,main,317,282,PPPP___________, ,WP242006,13.2,112.3, ,TY,85,959,2,105,83,83,105,53,43,43,53,33,23,23,33,1007,168,20, ,13.3,112.5,5,75,958,9,60,60,7,180,135, ,13.3,112.3,4,71,968,13.4,112.5,T,78,958, , , , , , , , , , , , , , , , , , , , , , , , , , , , , , , , , , , , , , , , , , , , , , , , , , , , , , , , , , , , , , , , , , , , , , , , , , , , , , , , , , , , , , , , , , , , , , , , , , , , , , , , , , , , ,8,240
2006329N06150,2006,94,WP,MM,DURIAN,2006-12-03 18:00:00,TS,13.1,112.1,75,960,tokyo,main,282,238,OOOO___________,jtwc_wp,WP242006,13.0,112.0, ,TY,80,963,1,100,80,80,100,50,40,40,50,30,20,20,30,1007,170,20, ,13.1,112.0,5,75,960,9,60,60,7,180,130,0,13.1,112.0,4,64,975,13.2,112.2,T,75,960, , , , , , , , , , , , , , , , , , , , , , , , , , , , , , , , , , , , , , , , , , , , , , , , , , , , , , , , , , , , , , , , , , , , , , , , , , , , , , , , , , , , , , , , , , , , , , , , , , , , , , , , , , , , ,8,240
2006329N06150,2006,94,WP,MM,DURIAN,2006-12-03 21:00:00,TS,12.9,111.7, , , ,main,238,195,PPPP___________, ,WP242006,12.7,111.6, ,TY,73,970,1,90,80,80,95,45,40,40,48,25,20,20,25,1007,165,20, ,12.8,111.7,5,70,965,9,55,55,7,175,130, ,12.9,111.7,4,61,978,13.1,111.8,T,73,963, , , , , , , , , , , , , , , , , , , , , , , , , , , , , , , , , , , , , , , , , , , , , , , , , , , , , , , , , , , , , , , , , , , , , , , , , , , , , , , , , , , , , , , , , , , , , , , , , , , , , , , , , , , , ,9,235
2006329N06150,2006,94,WP,MM,DURIAN,2006-12-04 00:00:00,TS,12.6,111.3,65,970,tokyo,main,195,158,OOOO___________,jtwc_wp,WP242006,12.3,111.1, ,TY,65,976,1,80,80,80,90,40,40,40,45,20,20,20,20,1007,160,20, ,12.5,111.3,5,65,970,9,50,50,8,170,130,0,12.6,111.4,3,58,980,12.8,111.4,T,70,965, , , , , , , , , , , , , , , , , , , , , , , , , , , , , , , , , , , , , , , , , , , , , , , , , , , , , , , , , , , , , , , , , , , , , , , , , , , , , , , , , , , , , , , , , , , , , , , , , , , , , , , , , , , , ,11,230
2006329N06150,2006,94,WP,MM,DURIAN,2006-12-04 03:00:00,TS,12.1,110.9, , , ,main,162,121,PPPP___________, ,WP242006,12.0,110.8, ,TY,58,982,0,73,70,73,75, , , , , , , , ,1008,168,23, ,12.0,110.8,5,63,975,9,40,40,8,170,125, ,12.2,111.0,3,53,985,12.3,111.0,T,65,970, , , , , , , , , , , , , , , , , , , , , , , , , , , , , , , , , , , , , , , , , , , , , , , , , , , , , , , , , , , , , , , , , , , , , , , , , , , , , , , , , , , , , , , , , , , , , , , , , , , , , , , , , , , , ,12,225
2006329N06150,2006,94,WP,MM,DURIAN,2006-12-04 06:00:00,TS,11.7,110.4,60,980,tokyo,main,121,103,OOOO___________,jtwc_wp,WP242006,11.7,110.4, ,TS,50,987,0,65,60,65,60, , , , , , , , ,1009,175,25, ,11.5,110.3,4,60,980,9,30,30,8,170,120,0,11.8,110.5,3,48,990,11.8,110.5,STS,60,975, , , , , , , , , , , , , , , , , , , , , , , , , , , , , , , , , , , , , , , , , , , , , , , , , , , , , , , , , , , , , , , , , , , , , , , , , , , , , , , , , , , , , , , , , , , , , , , , , , , , , , , , , , , , ,12,225
2006329N06150,2006,94,WP,MM,DURIAN,2006-12-04 09:00:00,TS,11.3,110.0, , , ,main,98,79,PPPP___________, ,WP242006,11.3,110.0, ,TS,53,986,0,68,63,68,60, , , , , , , , ,1009,175,23, ,11.1,110.0,4,60,980,9,30,30,8,165,120, ,11.4,110.1,3,51,988,11.4,110.1,STS,58,978, , , , , , , , , , , , , , , , , , , , , , , , , , , , , , , , , , , , , , , , , , , , , , , , , , , , , , , , , , , , , , , , , , , , , , , , , , , , , , , , , , , , , , , , , , , , , , , , , , , , , , , , , , , , ,11,225
2006329N06150,2006,94,WP,MM,DURIAN,2006-12-04 12:00:00,TS,11.0,109.6,60,980,tokyo,main,79,64,OOOO___________,jtwc_wp,WP242006,10.9,109.5, ,TS,55,984,0,70,65,70,60,25,25,25,25, , , , ,1009,175,20, ,10.8,109.7,4,60,980,9,30,30,8,160,120,0,11.0,109.6,3,54,985,11.1,109.6,STS,55,980, , , , , , , , , , , , , , , , , , , , , , , , , , , , , , , , , , , , , , , , , , , , , , , , , , , , , , , , , , , , , , , , , , , , , , , , , , , , , , , , , , , , , , , , , , , , , , , , , , , , , , , , , , , , ,12,240
2006329N06150,2006,94,WP,MM,DURIAN,2006-12-04 15:00:00,TS,10.7,109.0, , , ,main,64,49,PPPP___________, ,WP242006,10.7,108.9, ,TS,60,980,0,75,73,75,63,25,25,25,25, , , , ,1009,168,18, ,10.6,109.1,4,60,980,9,30,30,8,155,115, ,10.7,109.0,3,54,985,10.7,109.0,STS,58,978, , , , , , , , , , , , , , , , , , , , , , , , , , , , , , , , , , , , , , , , , , , , , , , , , , , , , , , , , , , , , , , , , , , , , , , , , , , , , , , , , , , , , , , , , , , , , , , , , , , , , , , , , , , , ,13,245
2006329N06150,2006,94,WP,MM,DURIAN,2006-12-04 18:00:00,TS,10.4,108.4,60,980,tokyo,main,55,35,OOOO___________,jtwc_wp,WP242006,10.5,108.2, ,TY,65,976,1,80,80,80,65,25,25,25,25, , , , ,1009,160,15, ,10.4,108.4,4,60,980,9,30,30,3,150,110,0,10.4,108.4,3,54,985,10.4,108.4,STS,60,975, , , , , , , , , , , , , , , , , , , , , , , , , , , , , , , , , , , , , , , , , , , , , , , , , , , , , , , , , , , , , , , , , , , , , , , , , , , , , , , , , , , , , , , , , , , , , , , , , , , , , , , , , , , , ,14,250
2006329N06150,2006,94,WP,MM,DURIAN,2006-12-04 21:00:00,TS,10.2,107.7, , , ,main,46,24,PPPP___________, ,WP242006,10.3,107.6, ,TY,60,980,0,80,80,80,65,28,28,28,28, , , , ,1009,150,18, ,10.2,107.7,4,53,985,9, , ,3,135,105, ,10.2,107.7,3,49,988,10.2,107.8,STS,53,980, , , , , , , , , , , , , , , , , , , , , , , , , , , , , , , , , , , , , , , , , , , , , , , , , , , , , , , , , , , , , , , , , , , , , , , , , , , , , , , , , , , , , , , , , , , , , , , , , , , , , , , , , , , , ,14,250
2006329N06150,2006,94,WP,MM,DURIAN,2006-12-05 00:00:00,TS,10.0,107.0,45,990,tokyo,main,24,0,OOOO___________,jtwc_wp,WP242006,10.0,106.9, ,TS,55,984,0,80,80,80,65,30,30,30,30, , , , ,1009,140,20, ,10.0,107.0,3,45,990,0, , ,3,120,100,0,10.0,107.0,2,44,990,10.0,107.2,TS,45,985, , , , , , , , , , , , , , , , , , , , , , , , , , , , , , , , , , , , , , , , , , , , , , , , , , , , , , , , , , , , , , , , , , , , , , , , , , , , , , , , , , , , , , , , , , , , , , , , , , , , , , , , , , , , ,15,245
2006329N06150,2006,94,WP,MM,DURIAN,2006-12-05 03:00:00,TS,9.6,106.4, , , ,main,0,0,PPPP___________, ,WP242006,9.7,106.2, ,TS,50,988,0,68,73,73,60,15,15,15,15, , , , ,1009,140,23, ,9.5,106.4,3, ,997,0, , ,3, , , ,9.6,106.3,2,37,995,9.7,106.6,TS,39,991, , , , , , , , , , , , , , , , , , , , , , , , , , , , , , , , , , , , , , , , , , , , , , , , , , , , , , , , , , , , , , , , , , , , , , , , , , , , , , , , , , , , , , , , , , , , , , , , , , , , , , , , , , , , ,16,240
2006329N06150,2006,94,WP,MM,DURIAN,2006-12-05 06:00:00,TS,9.2,105.6, ,1004,tokyo,main,0,0,OOOO___________,jtwc_wp,WP242006,9.3,105.5, ,TS,45,991,0,55,65,65,55, , , , , , , , ,1009,140,25, ,9.1,105.6,2, ,1004,0, , ,0, , ,0,9.1,105.6,1,29,1000,9.4,106.1,TD,32,997, , , , , , , , , , , , , , , , , , , , , , , , , , , , , , , , , , , , , , , , , , , , , , , , , , , , , , , , , , , , , , , , , , , , , , , , , , , , , , , , , , , , , , , , , , , , , , , , , , , , , , , , , , , , ,19,245
2006329N06150,2006,94,WP,MM,DURIAN,2006-12-05 09:00:00,TS,8.8,104.6, , , ,main,21,21,PP_____________, ,WP242006,8.9,104.9, ,TS,40,994,0,55,65,65,55, , , , , , , , ,1010,145,33, ,8.8,104.3,2, ,1005,0, , ,0, , , , , , , , , , , , , , , , , , , , , , , , , , , , , , , , , , , , , , , , , , , , , , , , , , , , , , , , , , , , , , , , , , , , , , , , , , , , , , , , , , , , , , , , , , , , , , , , , , , , , , , , , , , , , , , , , , , , , , , , , ,21,255
2006329N06150,2006,94,WP,MM,DURIAN,2006-12-05 12:00:00,TS,8.7,103.6, ,1006,tokyo,main,132,132,OO_____________,jtwc_wp,WP242006,8.6,104.2, ,TS,35,997,0,55,65,65,55, , , , , , , , ,1010,150,40, ,8.7,103.0,2, ,1006,0, , ,0, , ,0, , , , , , , , , , , , , , , , , , , , , , , , , , , , , , , , , , , , , , , , , , , , , , , , , , , , , , , , , , , , , , , , , , , , , , , , , , , , , , , , , , , , , , , , , , , , , , , , , , , , , , , , , , , , , , , , , , , , , , ,18,265
2006329N06150,2006,94,WP,MM,DURIAN,2006-12-05 15:00:00,TS,8.7,102.8, , , ,main,219,214,PP_____________, ,WP242006,8.5,103.5, ,TS,30,1000,-1, , , , , , , , , , , , ,1010,120,43, ,9.0,102.1,2, ,1007,0, , ,0, , , , , , , , , , , , , , , , , , , , , , , , , , , , , , , , , , , , , , , , , , , , , , , , , , , , , , , , , , , , , , , , , , , , , , , , , , , , , , , , , , , , , , , , , , , , , , , , , , , , , , , , , , , , , , , , , , , , , , , , , ,15,280
2006329N06150,2006,94,WP,MM,DURIAN,2006-12-05 18:00:00,TS,8.9,102.1, ,1008,tokyo,main,216,148,OO_____________,jtwc_wp,WP242006,8.6,102.7, ,TD,25,1002,-1, , , , , , , , , , , , ,1009,90,45, ,9.3,101.3,2, ,1008,0, , ,0, , ,0, , , , , , , , , , , , , , , , , , , , , , , , , , , , , , , , , , , , , , , , , , , , , , , , , , , , , , , , , , , , , , , , , , , , , , , , , , , , , , , , , , , , , , , , , , , , , , , , , , , , , , , , , , , , , , , , , , , , , , ,14,280
2006329N06150,2006,94,WP,MM,DURIAN,2006-12-05 21:00:00,TS,9.0,101.4, , , ,main,148,101,PP_____________, ,WP242006,8.8,101.9, ,TD,25,1002,-1, , , , , , , , , , , , ,1009,95,45, ,9.5,100.5,2, ,1009,0, , ,0, , , , , , , , , , , , , , , , , , , , , , , , , , , , , , , , , , , , , , , , , , , , , , , , , , , , , , , , , , , , , , , , , , , , , , , , , , , , , , , , , , , , , , , , , , , , , , , , , , , , , , , , , , , , , , , , , , , , , , , , , ,14,280
2006329N06150,2006,94,WP,MM,DURIAN,2006-12-06 00:00:00,TS,9.1,100.7, , , ,main,90,54,OO_____________,jtwc_wp,WP242006,9.0,101.0, ,TD,25,1002,-1, , , , , , , , , , , , ,1009,100,45, ,9.5,99.6,2, ,1010,0, , ,0, , ,0, , , , , , , , , , , , , , , , , , , , , , , , , , , , , , , , , , , , , , , , , , , , , , , , , , , , , , , , , , , , , , , , , , , , , , , , , , , , , , , , , , , , , , , , , , , , , , , , , , , , , , , , , , , , , , , , , , , , , , ,12,280
2006329N06150,2006,94,WP,MM,DURIAN,2006-12-06 03:00:00,TS,9.2,100.2, , , ,main,43,22,P______________, ,WP242006,9.2,100.2, ,TD,23,1003,-1, , , , , , , , , , , , ,1010,115,45, , , , , , ,0, , ,0, , , , , , , , , , , , , , , , , , , , , , , , , , , , , , , , , , , , , , , , , , , , , , , , , , , , , , , , , , , , , , , , , , , , , , , , , , , , , , , , , , , , , , , , , , , , , , , , , , , , , , , , , , , , , , , , , , , , , , , , , ,13,290
2006329N06150,2006,94,NI,BB,DURIAN,2006-12-06 06:00:00,TS,9.5,99.5, , , ,main,24,0,O______________,jtwc_wp,WP242006,9.5,99.5, ,TD,20,1004,-1, , , , , , , , , , , , ,1010,130,45, , , , , , , , , , , , , , , , , , , , , , , , , , , , , , , , , , , , , , , , , , , , , , , , , , , , , , , , , , , , , , , , , , , , , , , , , , , , , , , , , , , , , , , , , , , , , , , , , , , , , , , , , , , , , , , , , , , , , , , , , , , , , , , , , , , ,15,290
2006329N06150,2006,94,NI,BB,DURIAN,2006-12-06 09:00:00,TS,9.7,98.8, , , ,main,0,0,P______________, ,WP242006,9.7,98.8, ,TD,20,1004,-1, , , , , , , , , , , , ,1010,130,45, , , , , , , , , , , , , , , , , , , , , , , , , , , , , , , , , , , , , , , , , , , , , , , , , , , , , , , , , , , , , , , , , , , , , , , , , , , , , , , , , , , , , , , , , , , , , , , , , , , , , , , , , , , , , , , , , , , , , , , , , , , , , , , , , , , ,13,285
2006329N06150,2006,94,NI,BB,DURIAN,2006-12-06 12:00:00,TS,9.9,98.2, , , ,main,34,34,O______________,jtwc_wp,WP242006,9.9,98.2, ,TD,20,1004,-1, , , , , , , , , , , , ,1010,130,45, , , , , , , , , , , , , , , , , , , , , , , , , , , , , , , , , , , , , , , , , , , , , , , , , , , , , , , , , , , , , , , , , , , , , , , , , , , , , , , , , , , , , , , , , , , , , , , , , , , , , , , , , , , , , , , , , , , , , , , , , , , , , , , , , , , ,12,285
2006329N06150,2006,94,NI,BB,DURIAN,2006-12-06 15:00:00,TS,10.1,97.7, , , ,main,88,88,P______________, ,WP242006,10.1,97.7, ,TD,20,1004,-1, , , , , , , , , , , , ,1010,130,45, , , , , , , , , , , , , , , , , , , , , , , , , , , , , , , , , , , , , , , , , , , , , , , , , , , , , , , , , , , , , , , , , , , , , , , , , , , , , , , , , , , , , , , , , , , , , , , , , , , , , , , , , , , , , , , , , , , , , , , , , , , , , , , , , , , ,11,285
2006329N06150,2006,94,NI,BB,DURIAN,2006-12-06 18:00:00,TS,10.2,97.1, , , ,main,153,153,O______________,jtwc_wp,WP242006,10.2,97.1, ,TD,20,1004,-1, , , , , , , , , , , , ,1010,130,45, , , , , , , , , , , , , , , , , , , , , , , , , , , , , , , , , , , , , , , , , , , , , , , , , , , , , , , , , , , , , , , , , , , , , , , , , , , , , , , , , , , , , , , , , , , , , , , , , , , , , , , , , , , , , , , , , , , , , , , , , , , , , , , , , , , ,13,280
2006329N06150,2006,94,NI,BB,DURIAN,2006-12-06 21:00:00,TS,10.3,96.4, , , ,main,229,229,P______________, ,WP242006,10.3,96.4, ,TD,20,1004,-1, , , , , , , , , , , , ,1010,130,45, , , , , , , , , , , , , , , , , , , , , , , , , , , , , , , , , , , , , , , , , , , , , , , , , , , , , , , , , , , , , , , , , , , , , , , , , , , , , , , , , , , , , , , , , , , , , , , , , , , , , , , , , , , , , , , , , , , , , , , , , , , , , , , , , , , ,14,280
2006329N06150,2006,94,NI,BB,DURIAN,2006-12-07 00:00:00,TS,10.4,95.7, , , ,main,306,306,O______________,jtwc_wp,WP242006,10.4,95.7, ,TD,20,1004,-1, , , , , , , , , , , , ,1010,130,45, , , , , , , , , , , , , , , , , , , , , , , , , , , , , , , , , , , , , , , , , , , , , , , , , , , , , , , , , , , , , , , , , , , , , , , , , , , , , , , , , , , , , , , , , , , , , , , , , , , , , , , , , , , , , , , , , , , , , , , , , , , , , , , , , , , ,13,280
2006329N06150,2006,94,NI,BB,DURIAN,2006-12-07 03:00:00,TS,10.6,95.1, , , ,main,371,371,P______________, ,WP242006,10.6,95.1, ,TD,20,1004,-1, , , , , , , , , , , , , , , , , , , , , , , , , , , , , , , , , , , , , , , , , , , , , , , , , , , , , , , , , , , , , , , , , , , , , , , , , , , , , , , , , , , , , , , , , , , , , , , , , , , , , , , , , , , , , , , , , , , , , , , , , , , , , , , , , , , , , , , , , , , , , , , , , , ,12,285
2006329N06150,2006,94,NI,BB,DURIAN,2006-12-07 06:00:00,TS,10.7,94.5, , , ,main,437,437,O______________,jtwc_wp,WP242006,10.7,94.5, ,TD,20,1004,-1, , , , , , , , , , , , , , , , , , , , , , , , , , , , , , , , , , , , , , , , , , , , , , , , , , , , , , , , , , , , , , , , , , , , , , , , , , , , , , , , , , , , , , , , , , , , , , , , , , , , , , , , , , , , , , , , , , , , , , , , , , , , , , , , , , , , , , , , , , , , , , , , , , ,11,280
2006329N06150,2006,94,NI,BB,DURIAN,2006-12-07 09:00:00,TS,10.7,93.9, , , ,main,503,503,P______________, ,WP242006,10.7,93.9, ,TD,20,1004,-1, , , , , , , , , , , , , , , , , , , , , , , , , , , , , , , , , , , , , , , , , , , , , , , , , , , , , , , , , , , , , , , , , , , , , , , , , , , , , , , , , , , , , , , , , , , , , , , , , , , , , , , , , , , , , , , , , , , , , , , , , , , , , , , , , , , , , , , , , , , , , , , , , , ,11,270
2006329N06150,2006,94,NI,BB,DURIAN,2006-12-07 12:00:00,TS,10.7,93.4, , , ,main,557,557,O______________,jtwc_wp,WP242006,10.7,93.4, ,TD,20,1004,-1, , , , , , , , , , , , , , , , , , , , , , , , , , , , , , , , , , , , , , , , , , , , , , , , , , , , , , , , , , , , , , , , , , , , , , , , , , , , , , , , , , , , , , , , , , , , , , , , , , , , , , , , , , , , , , , , , , , , , , , , , , , , , , , , , , , , , , , , , , , , , , , , , , ,11,270
2006329N06150,2006,94,NI,BB,DURIAN,2006-12-07 15:00:00,TS,10.7,92.8, , , ,main,596,596,P______________, ,WP242006,10.7,92.8, ,TD,20,1004,-1, , , , , , , , , , , , , , , , , , , , , , , , , , , , , , , , , , , , , , , , , , , , , , , , , , , , , , , , , , , , , , , , , , , , , , , , , , , , , , , , , , , , , , , , , , , , , , , , , , , , , , , , , , , , , , , , , , , , , , , , , , , , , , , , , , , , , , , , , , , , , , , , , , ,12,270
2006329N06150,2006,94,NI,BB,DURIAN,2006-12-07 18:00:00,DS,10.7,92.2, , , ,main,618,618,O______________,jtwc_wp,WP242006,10.7,92.2, ,DB,20,1004,-3, , , , , , , , , , , , , , , , , , , , , , , , , , , , , , , , , , , , , , , , , , , , , , , , , , , , , , , , , , , , , , , , , , , , , , , , , , , , , , , , , , , , , , , , , , , , , , , , , , , , , , , , , , , , , , , , , , , , , , , , , , , , , , , , , , , , , , , , , , , , , , , , , , ,11,270
2006329N06150,2006,94,NI,BB,DURIAN,2006-12-07 21:00:00,DS,10.7,91.7, , , ,main,641,641,P______________, ,WP242006,10.7,91.7, ,DB,20,1004,-3, , , , , , , , , , , , , , , , , , , , , , , , , , , , , , , , , , , , , , , , , , , , , , , , , , , , , , , , , , , , , , , , , , , , , , , , , , , , , , , , , , , , , , , , , , , , , , , , , , , , , , , , , , , , , , , , , , , , , , , , , , , , , , , , , , , , , , , , , , , , , , , , , , ,10,270
2006329N06150,2006,94,NI,BB,DURIAN,2006-12-08 00:00:00,DS,10.7,91.2, , , ,main,667,667,O______________,jtwc_wp,WP242006,10.7,91.2, ,DB,20,1004,-3, , , , , , , , , , , , , , , , , , , , , , , , , , , , , , , , , , , , , , , , , , , , , , , , , , , , , , , , , , , , , , , , , , , , , , , , , , , , , , , , , , , , , , , , , , , , , , , , , , , , , , , , , , , , , , , , , , , , , , , , , , , , , , , , , , , , , , , , , , , , , , , , , , ,12,270
2006329N06150,2006,94,NI,BB,DURIAN,2006-12-08 03:00:00,DS,10.7,90.5, , , ,main,710,707,P______________, ,WP242006,10.7,90.5, ,DB,20,1004,-3, , , , , , , , , , , , , , , , , , , , , , , , , , , , , , , , , , , , , , , , , , , , , , , , , , , , , , , , , , , , , , , , , , , , , , , , , , , , , , , , , , , , , , , , , , , , , , , , , , , , , , , , , , , , , , , , , , , , , , , , , , , , , , , , , , , , , , , , , , , , , , , , , , ,14,275
2006329N06150,2006,94,NI,BB,DURIAN,2006-12-08 06:00:00,DS,10.8,89.8, , , ,main,749,749,O______________,jtwc_wp,WP242006,10.8,89.8, ,DB,20,1004,-3, , , , , , , , , , , , , , , , , , , , , , , , , , , , , , , , , , , , , , , , , , , , , , , , , , , , , , , , , , , , , , , , , , , , , , , , , , , , , , , , , , , , , , , , , , , , , , , , , , , , , , , , , , , , , , , , , , , , , , , , , , , , , , , , , , , , , , , , , , , , , , , , , , ,12,275
2006329N06150,2006,94,NI,BB,DURIAN,2006-12-08 09:00:00,DS,10.8,89.2, , , ,main,793,793,P______________, ,WP242006,10.8,89.2, ,DB,20,1004,-3, , , , , , , , , , , , , , , , , , , , , , , , , , , , , , , , , , , , , , , , , , , , , , , , , , , , , , , , , , , , , , , , , , , , , , , , , , , , , , , , , , , , , , , , , , , , , , , , , , , , , , , , , , , , , , , , , , , , , , , , , , , , , , , , , , , , , , , , , , , , , , , , , , ,11,275
2006329N06150,2006,94,NI,BB,DURIAN,2006-12-08 12:00:00,DS,10.9,88.7, , , ,main,824,788,O______________,jtwc_wp,WP242006,10.9,88.7, ,DB,20,1004,-3, , , , , , , , , , , , , , , , , , , , , , , , , , , , , , , , , , , , , , , , , , , , , , , , , , , , , , , , , , , , , , , , , , , , , , , , , , , , , , , , , , , , , , , , , , , , , , , , , , , , , , , , , , , , , , , , , , , , , , , , , , , , , , , , , , , , , , , , , , , , , , , , , , ,12,275
2006329N06150,2006,94,NI,BB,DURIAN,2006-12-08 15:00:00,DS,11.0,88.0, , , ,main,778,714,P______________, ,WP242006,11.0,88.0, ,DB,18,1005,-3, , , , , , , , , , , , , , , , , , , , , , , , , , , , , , , , , , , , , , , , , , , , , , , , , , , , , , , , , , , , , , , , , , , , , , , , , , , , , , , , , , , , , , , , , , , , , , , , , , , , , , , , , , , , , , , , , , , , , , , , , , , , , , , , , , , , , , , , , , , , , , , , , , ,14,280
2006329N06150,2006,94,NI,BB,DURIAN,2006-12-08 18:00:00,DS,11.1,87.3, , , ,main,714,655,O______________,jtwc_wp,WP242006,11.1,87.3, ,DB,15,1006,-3, , , , , , , , , , , , , , , , , , , , , , , , , , , , , , , , , , , , , , , , , , , , , , , , , , , , , , , , , , , , , , , , , , , , , , , , , , , , , , , , , , , , , , , , , , , , , , , , , , , , , , , , , , , , , , , , , , , , , , , , , , , , , , , , , , , , , , , , , , , , , , , , , , ,13,275
2006329N06150,2006,94,NI,BB,DURIAN,2006-12-08 21:00:00,DS,11.1,86.7, , , ,main,655,593,P______________, ,WP242006,11.1,86.7, ,DB,15,1006,-3, , , , , , , , , , , , , , , , , , , , , , , , , , , , , , , , , , , , , , , , , , , , , , , , , , , , , , , , , , , , , , , , , , , , , , , , , , , , , , , , , , , , , , , , , , , , , , , , , , , , , , , , , , , , , , , , , , , , , , , , , , , , , , , , , , , , , , , , , , , , , , , , , , ,13,275
2006329N06150,2006,94,NI,BB,DURIAN,2006-12-09 00:00:00,DS,11.2,86.0, , , ,main,593,535,O______________,jtwc_wp,WP242006,11.2,86.0, ,DB,15,1006,-3, , , , , , , , , , , , , , , , , , , , , , , , , , , , , , , , , , , , , , , , , , , , , , , , , , , , , , , , , , , , , , , , , , , , , , , , , , , , , , , , , , , , , , , , , , , , , , , , , , , , , , , , , , , , , , , , , , , , , , , , , , , , , , , , , , , , , , , , , , , , , , , , , , ,14,275
2006329N06150,2006,94,NI,BB,DURIAN,2006-12-09 03:00:00,DS,11.3,85.2, , , ,main,526,468,P______________, ,WP242006,11.3,85.2, ,DB,15,1006,-3, , , , , , , , , , , , , , , , , , , , , , , , , , , , , , , , , , , , , , , , , , , , , , , , , , , , , , , , , , , , , , , , , , , , , , , , , , , , , , , , , , , , , , , , , , , , , , , , , , , , , , , , , , , , , , , , , , , , , , , , , , , , , , , , , , , , , , , , , , , , , , , , , , ,15,280
2006329N06150,2006,94,NI,BB,DURIAN,2006-12-09 06:00:00,DS,11.4,84.5, , , ,main,468,412,O______________,jtwc_wp,WP242006,11.4,84.5, ,DB,15,1006,-3, , , , , , , , , , , , , , , , , , , , , , , , , , , , , , , , , , , , , , , , , , , , , , , , , , , , , , , , , , , , , , , , , , , , , , , , , , , , , , , , , , , , , , , , , , , , , , , , , , , , , , , , , , , , , , , , , , , , , , , , , , , , , , , , , , , , , , , , , , , , , , , , , , ,13,275
2006329N06150,2006,94,NI,BB,DURIAN,2006-12-09 09:00:00,DS,11.4,83.9, , , ,main,412,355,P______________, ,WP242006,11.4,83.9, ,DB,15,1006,-3, , , , , , , , , , , , , , , , , , , , , , , , , , , , , , , , , , , , , , , , , , , , , , , , , , , , , , , , , , , , , , , , , , , , , , , , , , , , , , , , , , , , , , , , , , , , , , , , , , , , , , , , , , , , , , , , , , , , , , , , , , , , , , , , , , , , , , , , , , , , , , , , , , ,12,275
2006329N06150,2006,94,NI,BB,DURIAN,2006-12-09 12:00:00,DS,11.5,83.3, , , ,main,355,279,O______________,jtwc_wp,WP242006,11.5,83.3, ,DB,15,1006,-3, , , , , , , , , , , , , , , , , , , , , , , , , , , , , , , , , , , , , , , , , , , , , , , , , , , , , , , , , , , , , , , , , , , , , , , , , , , , , , , , , , , , , , , , , , , , , , , , , , , , , , , , , , , , , , , , , , , , , , , , , , , , , , , , , , , , , , , , , , , , , , , , , , ,13,275
2006329N06150,2006,94,NI,BB,DURIAN,2006-12-09 15:00:00,DS,11.6,82.6, , , ,main,279,195,P______________, ,WP242006,11.6,82.6, ,DB,15,1006,-3, , , , , , , , , , , , , , , , , , , , , , , , , , , , , , , , , , , , , , , , , , , , , , , , , , , , , , , , , , , , , , , , , , , , , , , , , , , , , , , , , , , , , , , , , , , , , , , , , , , , , , , , , , , , , , , , , , , , , , , , , , , , , , , , , , , , , , , , , , , , , , , , , , ,15,280
2006329N06150,2006,94,NI,BB,DURIAN,2006-12-09 18:00:00,DS,11.7,81.8, , , ,main,195, ,O______________,jtwc_wp,WP242006,11.7,81.8, ,DB,15,1006,-3, , , , , , , , , , , , , , , , , , , , , , , , , , , , , , , , , , , , , , , , , , , , , , , , , , , , , , , , , , , , , , , , , , , , , , , , , , , , , , , , , , , , , , , , , , , , , , , , , , , , , , , , , , , , , , , , , , , , , , , , , , , , , , , , , , , , , , , , , , , , , , , , , , ,16,280
2008293N09060,2008,83,NI,AS,UNNAMED,2008-10-19 09:00:00,TS,9.0,60.0,25,1004,newdelhi,main,723,679,_____O_________, , , , , , , , ,-5, , , , , , , , , , , , , , , , , , , , , , , , , , , , , , , , , , , , , , , , , , , , , , , , , ,9.0,60.0,D,25,1004,1.50000,4, , , , , , , , , , , , , , , , , , , , , , , , , , , , , , , , , , , , , , , , , , , , , , , , , , , , , , , , , , , , , , , , , , , , , , , , , , , , , , , , , , , , , , , , , , ,10,270
2008293N09060,2008,83,NI,AS,UNNAMED,2008-10-19 12:00:00,TS,9.0,59.5,25,1004,newdelhi,main,679,637,_____O_________, , , , , , , , ,-5, , , , , , , , , , , , , , , , , , , , , , , , , , , , , , , , , , , , , , , , , , , , , , , , , ,9.0,59.5,D,25,1004,1.50000,4, , , , , , , , , , , , , , , , , , , , , , , , , , , , , , , , , , , , , , , , , , , , , , , , , , , , , , , , , , , , , , , , , , , , , , , , , , , , , , , , , , , , , , , , , , ,10,275
2008293N09060,2008,83,NI,AS,UNNAMED,2008-10-19 15:00:00,TS,9.1,59.0, , , ,main,628,580,_____P_________, , , , , , , , ,-5, , , , , , , , , , , , , , , , , , , , , , , , , , , , , , , , , , , , , , , , , , , , , , , , , ,9.1,59.0,D, , , , , , , , , , , , , , , , , , , , , , , , , , , , , , , , , , , , , , , , , , , , , , , , , , , , , , , , , , , , , , , , , , , , , , , , , , , , , , , , , , , , , , , , , , , , , , ,9,290
2008293N09060,2008,83,NI,AS,UNNAMED,2008-10-19 18:00:00,TS,9.3,58.6, , , ,main,580,525,_____P_________, , , , , , , , ,-5, , , , , , , , , , , , , , , , , , , , , , , , , , , , , , , , , , , , , , , , , , , , , , , , , ,9.3,58.6,D, , , , , , , , , , , , , , , , , , , , , , , , , , , , , , , , , , , , , , , , , , , , , , , , , , , , , , , , , , , , , , , , , , , , , , , , , , , , , , , , , , , , , , , , , , , , , , ,9,300
2008293N09060,2008,83,NI,AS,UNNAMED,2008-10-19 21:00:00,TS,9.6,58.2, , , ,main,525,469,_____P_________, , , , , , , , ,-5, , , , , , , , , , , , , , , , , , , , , , , , , , , , , , , , , , , , , , , , , , , , , , , , , ,9.6,58.2,D, , , , , , , , , , , , , , , , , , , , , , , , , , , , , , , , , , , , , , , , , , , , , , , , , , , , , , , , , , , , , , , , , , , , , , , , , , , , , , , , , , , , , , , , , , , , , , ,10,295
2008293N09060,2008,83,NI,AS,UNNAMED,2008-10-20 00:00:00,MX,9.8,57.7, , , ,main,469,429,O____P_________,jtwc_io,IO032008,9.6,57.1, ,DB,20,1007,-3, , , , , , , , , , , , , , , , , , , , , , , , , , , , , , , , , , , , , , , , , , , , , , , , , ,9.8,57.9,D, , , , , , , , , , , , , , , , , , , , , , , , , , , , , , , , , , , , , , , , , , , , , , , , , , , , , , , , , , , , , , , , , , , , , , , , , , , , , , , , , , , , , , , , , , , , , , ,10,290
2008293N09060,2008,83,NI,AS,UNNAMED,2008-10-20 03:00:00,MX,9.9,57.3,25,1004,newdelhi,main,429,391,P____O_________, ,IO032008,9.8,56.8, ,DB,23,1006,-3, , , , , , , , , , , , , , , , , , , , , , , , , , , , , , , , , , , , , , , , , , , , , , , , , ,10.0,57.5,D,25,1004,1.50000,4, , , , , , , , , , , , , , , , , , , , , , , , , , , , , , , , , , , , , , , , , , , , , , , , , , , , , , , , , , , , , , , , , , , , , , , , , , , , , , , , , , , , , , , , , , ,8,285
2008293N09060,2008,83,NI,AS,UNNAMED,2008-10-20 06:00:00,TS,10.0,56.9, , , ,main,391,363,O____P_________,jtwc_io,IO032008,9.9,56.5, ,TD,25,1004,-1, , , , , , , , , , , , ,1006,320,40, , , , , , , , , , , , , , , , , , , , , , , , , , , , , , , , , , ,10.0,57.2,D,25,1003, ,4, , , , , , , , , , , , , , , , , , , , , , , , , , , , , , , , , , , , , , , , , , , , , , , , , , , , , , , , , , , , , , , , , , , , , , , , , , , , , , , , , , , , , , , , , , ,7,280
2008293N09060,2008,83,NI,AS,UNNAMED,2008-10-20 09:00:00,TS,10.0,56.5, , , ,main,363,335,P____P_________, ,IO032008,10.0,56.2, ,TD,25,1004,-1, , , , , , , , , , , , ,1006,320,40, , , , , , , , , , , , , , , , , , , , , , , , , , , , , , , , , , ,10.0,56.8,D,25,1003, ,4, , , , , , , , , , , , , , , , , , , , , , , , , , , , , , , , , , , , , , , , , , , , , , , , , , , , , , , , , , , , , , , , , , , , , , , , , , , , , , , , , , , , , , , , , , ,7,280
2008293N09060,2008,83,NI,AS,UNNAMED,2008-10-20 12:00:00,TS,10.1,56.2,25,1002,newdelhi,main,335,309,O____O_________,jtwc_io,IO032008,10.2,55.9, ,TD,25,1004,-1, , , , , , , , , , , , ,1006,320,40, , , , , , , , , , , , , , , , , , , , , , , , , , , , , , , , , , ,10.0,56.5,D,25,1002,1.50000,4, , , , , , , , , , , , , , , , , , , , , , , , , , , , , , , , , , , , , , , , , , , , , , , , , , , , , , , , , , , , , , , , , , , , , , , , , , , , , , , , , , , , , , , , , , ,7,285
2008293N09060,2008,83,NI,AS,UNNAMED,2008-10-20 15:00:00,TS,10.2,55.8, , , ,main,303,277,P____P_________, ,IO032008,10.4,55.6, ,TD,28,1002,-1, , , , , , , , , , , , ,1006,320,40, , , , , , , , , , , , , , , , , , , , , , , , , , , , , , , , , , ,10.0,56.1,D, , , , , , , , , , , , , , , , , , , , , , , , , , , , , , , , , , , , , , , , , , , , , , , , , , , , , , , , , , , , , , , , , , , , , , , , , , , , , , , , , , , , , , , , , , , , , , ,7,285
2008293N09060,2008,83,NI,AS,UNNAMED,2008-10-20 18:00:00,TS,10.3,55.5, , , ,main,277,244,O____P_________,jtwc_io,IO032008,10.5,55.3, ,TD,30,1000,-1, , , , , , , , , , , , ,1006,320,40, , , , , , , , , , , , , , , , , , , , , , , , , , , , , , , , , , ,10.1,55.6,D, , , , , , , , , , , , , , , , , , , , , , , , , , , , , , , , , , , , , , , , , , , , , , , , , , , , , , , , , , , , , , , , , , , , , , , , , , , , , , , , , , , , , , , , , , , , , , ,8,285
2008293N09060,2008,83,NI,AS,UNNAMED,2008-10-20 21:00:00,TS,10.4,55.1, , , ,main,244,219,P____P_________, ,IO032008,10.6,55.0, ,TD,30,1000,-1, , , , , , , , , , , , ,1006,310,40, , , , , , , , , , , , , , , , , , , , , , , , , , , , , , , , , , ,10.2,55.2,D, , , , , , , , , , , , , , , , , , , , , , , , , , , , , , , , , , , , , , , , , , , , , , , , , , , , , , , , , , , , , , , , , , , , , , , , , , , , , , , , , , , , , , , , , , , , , , ,7,285
2008293N09060,2008,83,NI,AS,UNNAMED,2008-10-21 00:00:00,TS,10.5,54.8, , , ,main,219,198,O____P_________,jtwc_io,IO032008,10.7,54.7, ,TD,30,1000,-1, , , , , , , , , , , , ,1006,300,40, , , , , , , , , , , , , , , , , , , , , , , , , , , , , , , , , , ,10.4,54.8,D, , , , , , , , , , , , , , , , , , , , , , , , , , , , , , , , , , , , , , , , , , , , , , , , , , , , , , , , , , , , , , , , , , , , , , , , , , , , , , , , , , , , , , , , , , , , , , ,7,290
2008293N09060,2008,83,NI,AS,UNNAMED,2008-10-21 03:00:00,TS,10.6,54.5,30,1000,newdelhi,main,198,171,P____O_________, ,IO032008,10.8,54.4, ,TD,30,1000,-1, , , , , , , , , , , , ,1006,300,40, , , , , , , , , , , , , , , , , , , , , , , , , , , , , , , , , , ,10.5,54.5,DD,30,1000,2.00000,5, , , , , , , , , , , , , , , , , , , , , , , , , , , , , , , , , , , , , , , , , , , , , , , , , , , , , , , , , , , , , , , , , , , , , , , , , , , , , , , , , , , , , , , , , , ,5,295
2008293N09060,2008,83,NI,AS,UNNAMED,2008-10-21 06:00:00,TS,10.8,54.3, , , ,main,171,147,O____P_________,jtwc_io,IO032008,10.9,54.3, ,TD,30,1000,-1, , , , , , , , , , , , ,1006,300,40, , , , , , , , , , , , , , , , , , , , , , , , , , , , , , , , , , ,10.6,54.3,DD,30,1000, ,5, , , , , , , , , , , , , , , , , , , , , , , , , , , , , , , , , , , , , , , , , , , , , , , , , , , , , , , , , , , , , , , , , , , , , , , , , , , , , , , , , , , , , , , , , , ,4,330
2008293N09060,2008,83,NI,AS,UNNAMED,2008-10-21 09:00:00,TS,11.0,54.2, , , ,main,147,114,P____P_________, ,IO032008,11.2,54.3, ,TD,30,1000,-1, , , , , , , , , , , , ,1006,280,40, , , , , , , , , , , , , , , , , , , , , , , , , , , , , , , , , , ,10.8,54.1,DD,30,1000, ,5, , , , , , , , , , , , , , , , , , , , , , , , , , , , , , , , , , , , , , , , , , , , , , , , , , , , , , , , , , , , , , , , , , , , , , , , , , , , , , , , , , , , , , , , , , ,6,350
2008293N09060,2008,83,NI,AS,UNNAMED,2008-10-21 12:00:00,TS,11.4,54.2,30,1000,newdelhi,main,103,57,O____O_________,jtwc_io,IO032008,11.7,54.4, ,TD,30,1000,-1, , , , , , , , , , , , ,1006,260,40, , , , , , , , , , , , , , , , , , , , , , , , , , , , , , , , , , ,11.0,54.0,DD,30,1000,2.00000,5, , , , , , , , , , , , , , , , , , , , , , , , , , , , , , , , , , , , , , , , , , , , , , , , , , , , , , , , , , , , , , , , , , , , , , , , , , , , , , , , , , , , , , , , , , ,8,350
2008293N09060,2008,83,NI,AS,UNNAMED,2008-10-21 15:00:00,TS,11.8,54.1, , , ,main,57,0,P____P_________, ,IO032008,12.3,54.4, ,TD,30,1000,-1, , , , , , , , , , , , ,1006,260,40, , , , , , , , , , , , , , , , , , , , , , , , , , , , , , , , , , ,11.3,53.8,DD, , , , , , , , , , , , , , , , , , , , , , , , , , , , , , , , , , , , , , , , , , , , , , , , , , , , , , , , , , , , , , , , , , , , , , , , , , , , , , , , , , , , , , , , , , , , , , ,10,345
2008293N09060,2008,83,NI,AS,UNNAMED,2008-10-21 18:00:00,TS,12.3,53.9, , , ,main,0,0,O____P_________,jtwc_io,IO032008,12.8,54.2, ,TD,30,1000,-1, , , , , , , , , , , , ,1006,260,40, , , , , , , , , , , , , , , , , , , , , , , , , , , , , , , , , , ,11.8,53.6,DD, , , , , , , , , , , , , , , , , , , , , , , , , , , , , , , , , , , , , , , , , , , , , , , , , , , , , , , , , , , , , , , , , , , , , , , , , , , , , , , , , , , , , , , , , , , , , , ,10,335
2008293N09060,2008,83,NI,AS,UNNAMED,2008-10-21 21:00:00,TS,12.7,53.6, , , ,main,11,11,P____P_________, ,IO032008,13.1,53.9, ,TD,30,1000,-1, , , , , , , , , , , , ,1006,240,40, , , , , , , , , , , , , , , , , , , , , , , , , , , , , , , , , , ,12.2,53.4,DD, , , , , , , , , , , , , , , , , , , , , , , , , , , , , , , , , , , , , , , , , , , , , , , , , , , , , , , , , , , , , , , , , , , , , , , , , , , , , , , , , , , , , , , , , , , , , , ,9,320
2008293N09060,2008,83,NI,AS,UNNAMED,2008-10-22 00:00:00,TS,13.0,53.3, , , ,main,46,46,O____P_________,jtwc_io,IO032008,13.3,53.5, ,TD,30,1000,-1, , , , , , , , , , , , ,1005,220,40, , , , , , , , , , , , , , , , , , , , , , , , , , , , , , , , , , ,12.7,53.2,DD, , , , , , , , , , , , , , , , , , , , , , , , , , , , , , , , , , , , , , , , , , , , , , , , , , , , , , , , , , , , , , , , , , , , , , , , , , , , , , , , , , , , , , , , , , , , , , ,7,315
2008293N09060,2008,83,NI,AS,UNNAMED,2008-10-22 03:00:00,TS,13.2,53.1,25,1002,newdelhi,main,74,74,P____O_________, ,IO032008,13.4,53.2, ,TD,30,1000,-1, , , , , , , , , , , , ,1005,215,40, , , , , , , , , , , , , , , , , , , , , , , , , , , , , , , , , , ,13.0,53.0,D,25,1002,1.50000,4, , , , , , , , , , , , , , , , , , , , , , , , , , , , , , , , , , , , , , , , , , , , , , , , , , , , , , , , , , , , , , , , , , , , , , , , , , , , , , , , , , , , , , , , , , ,6,315
2008293N09060,2008,83,NI,AS,UNNAMED,2008-10-22 06:00:00,TS,13.4,52.9, , , ,main,104,104,O____P_________,jtwc_io,IO032008,13.5,53.0, ,TD,30,1000,-1, , , , , , , , , , , , ,1005,210,40, , , , , , , , , , , , , , , , , , , , , , , , , , , , , , , , , , ,13.2,52.8,D,25,1002, ,4, , , , , , , , , , , , , , , , , , , , , , , , , , , , , , , , , , , , , , , , , , , , , , , , , , , , , , , , , , , , , , , , , , , , , , , , , , , , , , , , , , , , , , , , , , ,5,315
2008293N09060,2008,83,NI,AS,UNNAMED,2008-10-22 09:00:00,TS,13.5,52.8, , , ,main,119,119,P____P_________, ,IO032008,13.6,52.8, ,TD,30,1000,-1, , , , , , , , , , , , ,1005,210,40, , , , , , , , , , , , , , , , , , , , , , , , , , , , , , , , , , ,13.4,52.7,D,25,1002, ,4, , , , , , , , , , , , , , , , , , , , , , , , , , , , , , , , , , , , , , , , , , , , , , , , , , , , , , , , , , , , , , , , , , , , , , , , , , , , , , , , , , , , , , , , , , ,4,310
2008293N09060,2008,83,NI,AS,UNNAMED,2008-10-22 12:00:00,TS,13.7,52.6,25,1002,newdelhi,main,150,150,O____O_________,jtwc_io,IO032008,13.7,52.6, ,TD,30,1000,-1, , , , , , , , , , , , ,1005,210,40, , , , , , , , , , , , , , , , , , , , , , , , , , , , , , , , , , ,13.5,52.5,D,25,1002,1.50000,4, , , , , , , , , , , , , , , , , , , , , , , , , , , , , , , , , , , , , , , , , , , , , , , , , , , , , , , , , , , , , , , , , , , , , , , , , , , , , , , , , , , , , , , , , , ,5,290
2008293N09060,2008,83,NI,AS,UNNAMED,2008-10-22 15:00:00,TS,13.7,52.3, , , ,main,171,171,P______________, ,IO032008,13.7,52.3, ,TD,30,1000,-1, , , , , , , , , , , , ,1005,210,40, , , , , , , , , , , , , , , , , , , , , , , , , , , , , , , , , , , , , , , , , , , , , , , , , , , , , , , , , , , , , , , , , , , , , , , , , , , , , , , , , , , , , , , , , , , , , , , , , , , , , , , , , , , , , , , , , , , , , , , , , , , , , , , , , , , ,6,275
2008293N09060,2008,83,NI,AS,UNNAMED,2008-10-22 18:00:00,TS,13.7,52.0, , , ,main,179,171,O______________,jtwc_io,IO032008,13.7,52.0, ,TD,30,1000,-1, , , , , , , , , , , , ,1005,210,40, , , , , , , , , , , , , , , , , , , , , , , , , , , , , , , , , , , , , , , , , , , , , , , , , , , , , , , , , , , , , , , , , , , , , , , , , , , , , , , , , , , , , , , , , , , , , , , , , , , , , , , , , , , , , , , , , , , , , , , , , , , , , , , , , , , ,6,270
2008293N09060,2008,83,NI,AS,UNNAMED,2008-10-22 21:00:00,TS,13.7,51.7, , , ,main,171,165,P______________, ,IO032008,13.7,51.7, ,TD,28,1002,-1, , , , , , , , , , , , ,1005,163,35, , , , , , , , , , , , , , , , , , , , , , , , , , , , , , , , , , , , , , , , , , , , , , , , , , , , , , , , , , , , , , , , , , , , , , , , , , , , , , , , , , , , , , , , , , , , , , , , , , , , , , , , , , , , , , , , , , , , , , , , , , , , , , , , , , , ,6,270
2008293N09060,2008,83,NI,AS,UNNAMED,2008-10-23 00:00:00,TS,13.7,51.4, , , ,main,165,156,O______________,jtwc_io,IO032008,13.7,51.4, ,TD,25,1003,-1, , , , , , , , , , , , ,1004,115,30, , , , , , , , , , , , , , , , , , , , , , , , , , , , , , , , , , , , , , , , , , , , , , , , , , , , , , , , , , , , , , , , , , , , , , , , , , , , , , , , , , , , , , , , , , , , , , , , , , , , , , , , , , , , , , , , , , , , , , , , , , , , , , , , , , , ,6,275
2008293N09060,2008,83,NI,AS,UNNAMED,2008-10-23 03:00:00,TS,13.7,51.1, , , ,main,156,129,P______________, ,IO032008,13.7,51.1, ,TD,25,1004,-1, , , , , , , , , , , , ,1005,143,28, , , , , , , , , , , , , , , , , , , , , , , , , , , , , , , , , , , , , , , , , , , , , , , , , , , , , , , , , , , , , , , , , , , , , , , , , , , , , , , , , , , , , , , , , , , , , , , , , , , , , , , , , , , , , , , , , , , , , , , , , , , , , , , , , , , ,6,280
2008293N09060,2008,83,NI,AS,UNNAMED,2008-10-23 06:00:00,TS,13.8,50.8, , , ,main,129,105,O______________,jtwc_io,IO032008,13.8,50.8, ,TD,25,1004,-1, , , , , , , , , , , , ,1006,170,25, , , , , , , , , , , , , , , , , , , , , , , , , , , , , , , , , , , , , , , , , , , , , , , , , , , , , , , , , , , , , , , , , , , , , , , , , , , , , , , , , , , , , , , , , , , , , , , , , , , , , , , , , , , , , , , , , , , , , , , , , , , , , , , , , , , ,6,285
2008293N09060,2008,83,NI,AS,UNNAMED,2008-10-23 09:00:00,TS,13.9,50.5, , , ,main,105,78,P______________, ,IO032008,13.9,50.5, ,TD,25,1004,-1, , , , , , , , , , , , , , , , , , , , , , , , , , , , , , , , , , , , , , , , , , , , , , , , , , , , , , , , , , , , , , , , , , , , , , , , , , , , , , , , , , , , , , , , , , , , , , , , , , , , , , , , , , , , , , , , , , , , , , , , , , , , , , , , , , , , , , , , , , , , , , , , , , ,7,295
2008293N09060,2008,83,NI,AS,UNNAMED,2008-10-23 12:00:00,TS,14.1,50.2, , , ,main,78,33,O______________,jtwc_io,IO032008,14.1,50.2, ,TD,25,1004,-1, , , , , , , , , , , , , , , , , , , , , , , , , , , , , , , , , , , , , , , , , , , , , , , , , , , , , , , , , , , , , , , , , , , , , , , , , , , , , , , , , , , , , , , , , , , , , , , , , , , , , , , , , , , , , , , , , , , , , , , , , , , , , , , , , , , , , , , , , , , , , , , , , , ,9,315
2008293N09060,2008,83,NI,AS,UNNAMED,2008-10-23 15:00:00,TS,14.5,49.9, , , ,main,33,0,P______________, ,IO032008,14.5,49.9, ,TD,25,1004,-1, , , , , , , , , , , , , , , , , , , , , , , , , , , , , , , , , , , , , , , , , , , , , , , , , , , , , , , , , , , , , , , , , , , , , , , , , , , , , , , , , , , , , , , , , , , , , , , , , , , , , , , , , , , , , , , , , , , , , , , , , , , , , , , , , , , , , , , , , , , , , , , , , , ,11,325
2008293N09060,2008,83,NI,AS,UNNAMED,2008-10-23 18:00:00,TS,15.0,49.5, , , ,main,0, ,O______________,jtwc_io,IO032008,15.0,49.5, ,TD,25,1004,-1, , , , , , , , , , , , , , , , , , , , , , , , , , , , , , , , , , , , , , , , , , , , , , , , , , , , , , , , , , , , , , , , , , , , , , , , , , , , , , , , , , , , , , , , , , , , , , , , , , , , , , , , , , , , , , , , , , , , , , , , , , , , , , , , , , , , , , , , , , , , , , , , , , ,12,325
2011290N15090,2011,79,NI,BB,UNNAMED,2011-10-17 00:00:00,DS,15.2,89.5, , , ,main,511,511,O______________,jtwc_io,IO022011,15.2,89.5, ,DB,15,1010,-3, , , , , , , , , , , , , , , , , , , , , , , , , , , , , , , , , , , , , , , , , , , , , , , , , , , , , , , , , , , , , , , , , , , , , , , , , , , , , , , , , , , , , , , , , , , , , , , , , , , , , , , , , , , , , , , , , , , , , , , , , , , , , , , , , , , , , , , , , , , , , , , , , , ,4,320
2011290N15090,2011,79,NI,BB,UNNAMED,2011-10-17 03:00:00,DS,15.3,89.4, , , ,main,520,518,P______________, ,IO022011,15.3,89.4, ,DB,15,1010,-3, , , , , , , , , , , , , , , , , , , , , , , , , , , , , , , , , , , , , , , , , , , , , , , , , , , , , , , , , , , , , , , , , , , , , , , , , , , , , , , , , , , , , , , , , , , , , , , , , , , , , , , , , , , , , , , , , , , , , , , , , , , , , , , , , , , , , , , , , , , , , , , , , , ,4,315
2011290N15090,2011,79,NI,BB,UNNAMED,2011-10-17 06:00:00,DS,15.5,89.2, , , ,main,538,538,O______________,jtwc_io,IO022011,15.5,89.2, ,DB,15,1010,-3, , , , , , , , , , , , , , , , , , , , , , , , , , , , , , , , , , , , , , , , , , , , , , , , , , , , , , , , , , , , , , , , , , , , , , , , , , , , , , , , , , , , , , , , , , , , , , , , , , , , , , , , , , , , , , , , , , , , , , , , , , , , , , , , , , , , , , , , , , , , , , , , , , ,5,310
2011290N15090,2011,79,NI,BB,UNNAMED,2011-10-17 09:00:00,DS,15.7,89.0, , , ,main,554,524,P______________, ,IO022011,15.7,89.0, ,DB,15,1010,-3, , , , , , , , , , , , , , , , , , , , , , , , , , , , , , , , , , , , , , , , , , , , , , , , , , , , , , , , , , , , , , , , , , , , , , , , , , , , , , , , , , , , , , , , , , , , , , , , , , , , , , , , , , , , , , , , , , , , , , , , , , , , , , , , , , , , , , , , , , , , , , , , , , ,6,315
2011290N15090,2011,79,NI,BB,UNNAMED,2011-10-17 12:00:00,DS,15.9,88.8, , , ,main,524,489,O______________,jtwc_io,IO022011,15.9,88.8, ,DB,15,1010,-3, , , , , , , , , , , , , , , , , , , , , , , , , , , , , , , , , , , , , , , , , , , , , , , , , , , , , , , , , , , , , , , , , , , , , , , , , , , , , , , , , , , , , , , , , , , , , , , , , , , , , , , , , , , , , , , , , , , , , , , , , , , , , , , , , , , , , , , , , , , , , , , , , , ,6,330
2011290N15090,2011,79,NI,BB,UNNAMED,2011-10-17 15:00:00,DS,16.2,88.7, , , ,main,489,445,P______________, ,IO022011,16.2,88.7, ,DB,15,1010,-3, , , , , , , , , , , , , , , , , , , , , , , , , , , , , , , , , , , , , , , , , , , , , , , , , , , , , , , , , , , , , , , , , , , , , , , , , , , , , , , , , , , , , , , , , , , , , , , , , , , , , , , , , , , , , , , , , , , , , , , , , , , , , , , , , , , , , , , , , , , , , , , , , , ,7,345
2011290N15090,2011,79,NI,BB,UNNAMED,2011-10-17 18:00:00,DS,16.6,88.6, , , ,main,445,408,O______________,jtwc_io,IO022011,16.6,88.6, ,DB,15,1010,-3, , , , , , , , , , , , , , , , , , , , , , , , , , , , , , , , , , , , , , , , , , , , , , , , , , , , , , , , , , , , , , , , , , , , , , , , , , , , , , , , , , , , , , , , , , , , , , , , , , , , , , , , , , , , , , , , , , , , , , , , , , , , , , , , , , , , , , , , , , , , , , , , , , ,8,355
2011290N15090,2011,79,NI,BB,UNNAMED,2011-10-17 21:00:00,DS,17.0,88.6, , , ,main,408,371,P______________, ,IO022011,17.0,88.6, ,DB,15,1008,-3, , , , , , , , , , , , , , , , , , , , , , , , , , , , , , , , , , , , , , , , , , , , , , , , , , , , , , , , , , , , , , , , , , , , , , , , , , , , , , , , , , , , , , , , , , , , , , , , , , , , , , , , , , , , , , , , , , , , , , , , , , , , , , , , , , , , , , , , , , , , , , , , , , ,8,0
2011290N15090,2011,79,NI,BB,UNNAMED,2011-10-18 00:00:00,DS,17.4,88.6, , , ,main,371,323,O______________,jtwc_io,IO022011,17.4,88.6, ,DB,15,1006,-3, , , , , , , , , , , , , , , , , , , , , , , , , , , , , , , , , , , , , , , , , , , , , , , , , , , , , , , , , , , , , , , , , , , , , , , , , , , , , , , , , , , , , , , , , , , , , , , , , , , , , , , , , , , , , , , , , , , , , , , , , , , , , , , , , , , , , , , , , , , , , , , , , , ,9,350
2011290N15090,2011,79,NI,BB,UNNAMED,2011-10-18 03:00:00,DS,17.8,88.4, , , ,main,323,283,P______________, ,IO022011,17.8,88.4, ,DB,18,1006,-3, , , , , , , , , , , , , , , , , , , , , , , , , , , , , , , , , , , , , , , , , , , , , , , , , , , , , , , , , , , , , , , , , , , , , , , , , , , , , , , , , , , , , , , , , , , , , , , , , , , , , , , , , , , , , , , , , , , , , , , , , , , , , , , , , , , , , , , , , , , , , , , , , , ,9,350
2011290N15090,2011,79,NI,BB,UNNAMED,2011-10-18 06:00:00,DS,18.3,88.4, , , ,main,283,267,O______________,jtwc_io,IO022011,18.3,88.4, ,DB,20,1006,-3, , , , , , , , , , , , ,1008,170,40,40, , , , , , , , , , , , , , , , , , , , , , , , , , , , , , , , , , , , , , , , , , , , , , , , , , , , , , , , , , , , , , , , , , , , , , , , , , , , , , , , , , , , , , , , , , , , , , , , , , , , , , , , , , , , , , , , , , , , , , , , , , , , , , , , , , ,10,15
2011290N15090,2011,79,NI,BB,UNNAMED,2011-10-18 09:00:00,DS,18.8,88.7, , , ,main,268,268,P______________, ,IO022011,18.8,88.7, ,DB,23,1005,-3, , , , , , , , , , , , ,1008,170,40, , , , , , , , , , , , , , , , , , , , , , , , , , , , , , , , , , , , , , , , , , , , , , , , , , , , , , , , , , , , , , , , , , , , , , , , , , , , , , , , , , , , , , , , , , , , , , , , , , , , , , , , , , , , , , , , , , , , , , , , , , , , , , , , , , , ,12,40
2011290N15090,2011,79,NI,BB,UNNAMED,2011-10-18 12:00:00,TS,19.2,89.2, , , ,main,268,240,O______________,jtwc_io,IO022011,19.2,89.2, ,TD,25,1004,-1, , , , , , , , , , , , ,1008,170,40, , , , , , , , , , , , , , , , , , , , , , , , , , , , , , , , , , , , , , , , , , , , , , , , , , , , , , , , , , , , , , , , , , , , , , , , , , , , , , , , , , , , , , , , , , , , , , , , , , , , , , , , , , , , , , , , , , , , , , , , , , , , , , , , , , , ,11,50
2011290N15090,2011,79,NI,BB,UNNAMED,2011-10-18 15:00:00,TS,19.5,89.7, , , ,main,243,232,P______________, ,IO022011,19.5,89.7, ,TD,28,1002,-1, , , , , , , , , , , , ,1007,165,40, , , , , , , , , , , , , , , , , , , , , , , , , , , , , , , , , , , , , , , , , , , , , , , , , , , , , , , , , , , , , , , , , , , , , , , , , , , , , , , , , , , , , , , , , , , , , , , , , , , , , , , , , , , , , , , , , , , , , , , , , , , , , , , , , , , ,10,60
2011290N15090,2011,79,NI,BB,UNNAMED,2011-10-18 18:00:00,TS,19.7,90.1, , , ,main,234,213,O______________,jtwc_io,IO022011,19.7,90.1, ,TD,30,1000,-1, , , , , , , , , , , , ,1006,160,40, , , , , , , , , , , , , , , , , , , , , , , , , , , , , , , , , , , , , , , , , , , , , , , , , , , , , , , , , , , , , , , , , , , , , , , , , , , , , , , , , , , , , , , , , , , , , , , , , , , , , , , , , , , , , , , , , , , , , , , , , , , , , , , , , , , ,10,60
2011290N15090,2011,79,NI,BB,UNNAMED,2011-10-18 21:00:00,TS,20.0,90.5, , , ,main,203,174,P______________, ,IO022011,20.0,90.5, ,TD,33,998,-1, , , , , , , , , , , , ,1006,160,40, , , , , , , , , , , , , , , , , , , , , , , , , , , , , , , , , , , , , , , , , , , , , , , , , , , , , , , , , , , , , , , , , , , , , , , , , , , , , , , , , , , , , , , , , , , , , , , , , , , , , , , , , , , , , , , , , , , , , , , , , , , , , , , , , , , ,8,55
2011290N15090,2011,79,NI,BB,UNNAMED,2011-10-19 00:00:00,TS,20.2,90.8,3,1002,newdelhi,main,174,141,O____O_________,jtwc_io,IO022011,20.2,90.9, ,TS,35,996,0, , , , , , , , , , , , ,1005,160,40, , , , , , , , , , , , , , , , , , , , , , , , , , , , , , , , , , ,20.0,90.5,D,3,1002,1.50000,25, , , , , , , , , , , , , , , , , , , , , , , , , , , , , , , , , , , , , , , , , , , , , , , , , , , , , , , , , , , , , , , , , , , , , , , , , , , , , , , , , , , , , , , , , , ,7,60
2011290N15090,2011,79,NI,BB,UNNAMED,2011-10-19 03:00:00,TS,20.3,91.1,3,1000,newdelhi,main,141,94,P____O_________, ,IO022011,20.4,91.2, ,TS,35,996,0, , , , , , , , , , , , ,1005,160,38, , , , , , , , , , , , , , , , , , , , , , , , , , , , , , , , , , ,20.2,91.0,D,3,1000,1.50000,25, , , , , , , , , , , , , , , , , , , , , , , , , , , , , , , , , , , , , , , , , , , , , , , , , , , , , , , , , , , , , , , , , , , , , , , , , , , , , , , , , , , , , , , , , , ,8,60
2011290N15090,2011,79,NI,BB,UNNAMED,2011-10-19 06:00:00,TS,20.6,91.5,5,1000,newdelhi,main,89,45,O____O_________,jtwc_io,IO022011,20.6,91.5, ,TS,35,996,0, , , , , , , , , , , , ,1005,160,35, , , , , , , , , , , , , , , , , , , , , , , , , , , , , , , , , , ,20.5,91.5,DD,5,1000,2.00000,30, , , , , , , , , , , , , , , , , , , , , , , , , , , , , , , , , , , , , , , , , , , , , , , , , , , , , , , , , , , , , , , , , , , , , , , , , , , , , , , , , , , , , , , , , , ,8,45
2011290N15090,2011,79,NI,BB,UNNAMED,2011-10-19 09:00:00,TS,20.9,91.8, , , ,main,45,10,P____P_________, ,IO022011,21.0,91.8, ,TS,33,998,-1, , , , , , , , , , , , ,1005,160,35, , , , , , , , , , , , , , , , , , , , , , , , , , , , , , , , , , ,20.8,91.8,DD,5,1000, ,30, , , , , , , , , , , , , , , , , , , , , , , , , , , , , , , , , , , , , , , , , , , , , , , , , , , , , , , , , , , , , , , , , , , , , , , , , , , , , , , , , , , , , , , , , , ,8,40
2011290N15090,2011,79,NI,BB,UNNAMED,2011-10-19 12:00:00,TS,21.2,92.0,5,1000,newdelhi,main,10,0,O____O_________,jtwc_io,IO022011,21.4,92.1, ,TD,30,1000,-1, , , , , , , , , , , , ,1005,160,35, , , , , , , , , , , , , , , , , , , , , , , , , , , , , , , , , , ,21.0,92.0,DD,5,1000,2.00000,30, , , , , , , , , , , , , , , , , , , , , , , , , , , , , , , , , , , , , , , , , , , , , , , , , , , , , , , , , , , , , , , , , , , , , , , , , , , , , , , , , , , , , , , , , , ,7,45
2011290N15090,2011,79,NI,BB,UNNAMED,2011-10-19 15:00:00,TS,21.4,92.3, , , ,main,0,0,P____P_________, ,IO022011,21.6,92.6, ,TD,28,1002,-1, , , , , , , , , , , , , , , , , , , , , , , , , , , , , , , , , , , , , , , , , , , , , , , , , ,21.3,92.2,DD,5,1001, ,30, , , , , , , , , , , , , , , , , , , , , , , , , , , , , , , , , , , , , , , , , , , , , , , , , , , , , , , , , , , , , , , , , , , , , , , , , , , , , , , , , , , , , , , , , , ,7,55
2011290N15090,2011,79,NI,BB,UNNAMED,2011-10-19 18:00:00,TS,21.5,92.7,5,1002,newdelhi,main,0,0,O____O_________,jtwc_io,IO022011,21.7,93.1, ,TD,25,1004,-1, , , , , , , , , , , , , , , , , , , , , , , , , , , , , , , , , , , , , , , , , , , , , , , , , ,21.5,92.5,DD,5,1002,2.00000,30, , , , , , , , , , , , , , , , , , , , , , , , , , , , , , , , , , , , , , , , , , , , , , , , , , , , , , , , , , , , , , , , , , , , , , , , , , , , , , , , , , , , , , , , , , ,6,75
2011290N15090,2011,79,NI,BB,UNNAMED,2011-10-19 21:00:00,TS,21.6,93.0, , , ,main,0,0,_____P_________, ,IO022011, , , ,TD, , ,-5, , , , , , , , , , , , , , , , , , , , , , , , , , , , , , , , , , , , , , , , , , , , , , , , , ,21.6,93.0,DD,4,1003, ,28, , , , , , , , , , , , , , , , , , , , , , , , , , , , , , , , , , , , , , , , , , , , , , , , , , , , , , , , , , , , , , , , , , , , , , , , , , , , , , , , , , , , , , , , , , ,8,95
2011290N15090,2011,79,NI,BB,UNNAMED,2011-10-20 00:00:00,TS,21.5,93.5,3,1004,newdelhi,main,0, ,_____O_________, , , , , , , , ,-5, , , , , , , , , , , , , , , , , , , , , , , , , , , , , , , , , , , , , , , , , , , , , , , , , ,21.5,93.5,D,3,1004,1.50000,25, , , , , , , , , , , , , , , , , , , , , , , , , , , , , , , , , , , , , , , , , , , , , , , , , , , , , , , , , , , , , , , , , , , , , , , , , , , , , , , , , , , , , , , , , , ,10,95
2012357N09064,2012,90,NI,AS,UNNAMED,2012-12-22 06:00:00,MX,9.1,63.8,25,1004,newdelhi,main,1089,1022,O____O_________,jtwc_io,IO042012,9.1,63.6, ,DB,25,1004,-3, , , , , , , , , , , , ,1007,180,45, , , , , , , , , , , , , , , , , , , , , , , , , , , , , , , , , , ,9.0,64.0,D,25,1004,1.50000,3, , , , , , , , , , , , , , , , , , , , , , , , , , , , , , , , , , , , , , , , , , , , , , , , , , , , , , , , , , , , , , , , , , , , , , , , , , , , , , , , , , , , , , , , , , ,15,265
2012357N09064,2012,90,NI,AS,UNNAMED,2012-12-22 09:00:00,MX,9.0,63.1,25,1004,newdelhi,main,1022,977,P____O_________, ,IO042012,9.0,63.1, ,DB,25,1004,-3, , , , , , , , , , , , ,1007,180,43, , , , , , , , , , , , , , , , , , , , , , , , , , , , , , , , , , ,9.0,63.0,D,25,1004,1.50000,3, , , , , , , , , , , , , , , , , , , , , , , , , , , , , , , , , , , , , , , , , , , , , , , , , , , , , , , , , , , , , , , , , , , , , , , , , , , , , , , , , , , , , , , , , , ,12,265
2012357N09064,2012,90,NI,AS,UNNAMED,2012-12-22 12:00:00,MX,8.9,62.6,25,1003,newdelhi,main,977,923,O____O_________,jtwc_io,IO042012,8.8,62.6, ,DB,25,1004,-3, , , , , , , , , , , , ,1007,180,40, , , , , , , , , , , , , , , , , , , , , , , , , , , , , , , , , , ,9.0,62.5,D,25,1003,1.50000,4, , , , , , , , , , , , , , , , , , , , , , , , , , , , , , , , , , , , , , , , , , , , , , , , , , , , , , , , , , , , , , , , , , , , , , , , , , , , , , , , , , , , , , , , , , ,11,260
2012357N09064,2012,90,NI,AS,UNNAMED,2012-12-22 15:00:00,MX,8.8,62.0, , , ,main,923,866,P____P_________, ,IO042012,8.6,62.0, ,DB,28,1002,-3, , , , , , , , , , , , ,1007,185,40, , , , , , , , , , , , , , , , , , , , , , , , , , , , , , , , , , ,9.0,62.0,D,26,1003, ,4, , , , , , , , , , , , , , , , , , , , , , , , , , , , , , , , , , , , , , , , , , , , , , , , , , , , , , , , , , , , , , , , , , , , , , , , , , , , , , , , , , , , , , , , , , ,11,260
2012357N09064,2012,90,NI,AS,UNNAMED,2012-12-22 18:00:00,TS,8.7,61.4, , , ,main,871,815,O____P_________,jtwc_io,IO042012,8.5,61.3, ,TD,30,1000,-1, , , , , , , , , , , , ,1007,190,40, , , , , , , , , , , , , , , , , , , , , , , , , , , , , , , , , , ,9.0,61.5,D,28,1003, ,5, , , , , , , , , , , , , , , , , , , , , , , , , , , , , , , , , , , , , , , , , , , , , , , , , , , , , , , , , , , , , , , , , , , , , , , , , , , , , , , , , , , , , , , , , , ,12,265
2012357N09064,2012,90,NI,AS,UNNAMED,2012-12-22 21:00:00,TS,8.7,60.8, , , ,main,815,761,P____P_________, ,IO042012,8.4,60.6, ,TD,33,998,-1, , , , , , , , , , , , ,1007,195,40, , , , , , , , , , , , , , , , , , , , , , , , , , , , , , , , , , ,9.0,61.0,D,29,1002, ,5, , , , , , , , , , , , , , , , , , , , , , , , , , , , , , , , , , , , , , , , , , , , , , , , , , , , , , , , , , , , , , , , , , , , , , , , , , , , , , , , , , , , , , , , , , ,12,270
2012357N09064,2012,90,NI,AS,UNNAMED,2012-12-23 00:00:00,TS,8.7,60.2,30,1002,newdelhi,main,761,708,O____O_________,jtwc_io,IO042012,8.4,59.8, ,TS,35,996,0, , , , , , , , , , , , ,1007,200,40, , , , , , , , , , , , , , , , , , , , , , , , , , , , , , , , , , ,9.0,60.5,DD,30,1002,2.00000,5, , , , , , , , , , , , , , , , , , , , , , , , , , , , , , , , , , , , , , , , , , , , , , , , , , , , , , , , , , , , , , , , , , , , , , , , , , , , , , , , , , , , , , , , , , ,12,265
2012357N09064,2012,90,NI,AS,UNNAMED,2012-12-23 03:00:00,TS,8.7,59.5,30,1002,newdelhi,main,699,649,P____O_________, ,IO042012,8.3,59.1, ,TS,35,996,0, , , , , , , , , , , , ,1008,200,38, , , , , , , , , , , , , , , , , , , , , , , , , , , , , , , , , , ,9.0,60.0,DD,30,1002,2.00000,5, , , , , , , , , , , , , , , , , , , , , , , , , , , , , , , , , , , , , , , , , , , , , , , , , , , , , , , , , , , , , , , , , , , , , , , , , , , , , , , , , , , , , , , , , , ,14,265
2012357N09064,2012,90,NI,AS,UNNAMED,2012-12-23 06:00:00,TS,8.6,58.8, , , ,main,649,589,O____P_________,jtwc_io,IO042012,8.3,58.4, ,TS,35,996,0,45,45,50,55, , , , , , , , ,1008,200,35, , , , , , , , , , , , , , , , , , , , , , , , , , , , , , , , , , ,8.9,59.2,DD,30,1002, ,5, , , , , , , , , , , , , , , , , , , , , , , , , , , , , , , , , , , , , , , , , , , , , , , , , , , , , , , , , , , , , , , , , , , , , , , , , , , , , , , , , , , , , , , , , , ,16,265
2012357N09064,2012,90,NI,AS,UNNAMED,2012-12-23 09:00:00,TS,8.6,57.9, , , ,main,582,540,P____P_________, ,IO042012,8.4,57.8, ,TS,35,996,0,50,45,50,58, , , , , , , , ,1009,185,35, , , , , , , , , , , , , , , , , , , , , , , , , , , , , , , , , , ,8.7,58.1,DD,30,1002, ,5, , , , , , , , , , , , , , , , , , , , , , , , , , , , , , , , , , , , , , , , , , , , , , , , , , , , , , , , , , , , , , , , , , , , , , , , , , , , , , , , , , , , , , , , , , ,17,265
2012357N09064,2012,90,NI,AS,UNNAMED,2012-12-23 12:00:00,TS,8.5,57.1,30,1002,newdelhi,main,540,505,O____O_________,jtwc_io,IO042012,8.5,57.2, ,TS,35,996,0,55,45,50,60, , , , , , , , ,1010,170,35, , , , , , , , , , , , , , , , , , , , , , , , , , , , , , , , , , ,8.5,57.0,DD,30,1002,2.00000,5, , , , , , , , , , , , , , , , , , , , , , , , , , , , , , , , , , , , , , , , , , , , , , , , , , , , , , , , , , , , , , , , , , , , , , , , , , , , , , , , , , , , , , , , , , ,15,265
2012357N09064,2012,90,NI,AS,UNNAMED,2012-12-23 15:00:00,TS,8.4,56.4, , , ,main,509,479,P____P_________, ,IO042012,8.5,56.6, ,TS,35,996,0,55,45,50,60, , , , , , , , ,1010,175,35, , , , , , , , , , , , , , , , , , , , , , , , , , , , , , , , , , ,8.4,56.3,DD, , , , , , , , , , , , , , , , , , , , , , , , , , , , , , , , , , , , , , , , , , , , , , , , , , , , , , , , , , , , , , , , , , , , , , , , , , , , , , , , , , , , , , , , , , , , , , ,13,265
2012357N09064,2012,90,NI,AS,UNNAMED,2012-12-23 18:00:00,TS,8.4,55.8, , , ,main,479,459,O____P_________,jtwc_io,IO042012,8.4,55.9, ,TS,35,996,0,55,45,50,60, , , , , , , , ,1010,180,35, , , , , , , , , , , , , , , , , , , , , , , , , , , , , , , , , , ,8.4,55.6,DD, , , , , , , , , , , , , , , , , , , , , , , , , , , , , , , , , , , , , , , , , , , , , , , , , , , , , , , , , , , , , , , , , , , , , , , , , , , , , , , , , , , , , , , , , , , , , , ,13,265
2012357N09064,2012,90,NI,AS,UNNAMED,2012-12-23 21:00:00,TS,8.3,55.1, , , ,main,463,422,P____P_________, ,IO042012,8.4,55.2, ,TS,35,996,0,55,45,50,60, , , , , , , , ,1010,180,35, , , , , , , , , , , , , , , , , , , , , , , , , , , , , , , , , , ,8.3,55.1,DD, , , , , , , , , , , , , , , , , , , , , , , , , , , , , , , , , , , , , , , , , , , , , , , , , , , , , , , , , , , , , , , , , , , , , , , , , , , , , , , , , , , , , , , , , , , , , , ,12,265
2012357N09064,2012,90,NI,AS,UNNAMED,2012-12-24 00:00:00,TS,8.2,54.5, , , ,main,420,375,O____P_________,jtwc_io,IO042012,8.3,54.5, ,TS,35,996,0,55,45,50,60, , , , , , , , ,1010,180,35, , , , , , , , , , , , , , , , , , , , , , , , , , , , , , , , , , ,8.2,54.6,DD, , , , , , , , , , , , , , , , , , , , , , , , , , , , , , , , , , , , , , , , , , , , , , , , , , , , , , , , , , , , , , , , , , , , , , , , , , , , , , , , , , , , , , , , , , , , , , ,13,255
2012357N09064,2012,90,NI,AS,UNNAMED,2012-12-24 03:00:00,TS,8.0,53.9,30,1002,newdelhi,main,375,326,P____O_________, ,IO042012,8.0,53.8, ,TS,35,996,0,55,48,50,58, , , , , , , , ,1010,185,38, , , , , , , , , , , , , , , , , , , , , , , , , , , , , , , , , , ,8.0,54.0,DD,30,1002,2.00000,5, , , , , , , , , , , , , , , , , , , , , , , , , , , , , , , , , , , , , , , , , , , , , , , , , , , , , , , , , , , , , , , , , , , , , , , , , , , , , , , , , , , , , , , , , , ,14,250
2012357N09064,2012,90,NI,AS,UNNAMED,2012-12-24 06:00:00,TS,7.7,53.2, , , ,main,322,282,O____P_________,jtwc_io,IO042012,7.7,53.1, ,TS,35,996,0,55,50,50,55, , , , , , , , ,1010,190,40, , , , , , , , , , , , , , , , , , , , , , , , , , , , , , , , , , ,7.7,53.4,DD,28,1003, ,4, , , , , , , , , , , , , , , , , , , , , , , , , , , , , , , , , , , , , , , , , , , , , , , , , , , , , , , , , , , , , , , , , , , , , , , , , , , , , , , , , , , , , , , , , , ,15,245
2012357N09064,2012,90,NI,AS,UNNAMED,2012-12-24 09:00:00,TS,7.4,52.6, , , ,main,289,237,P____P_________, ,IO042012,7.4,52.5, ,TS,33,998,-1, , , , , , , , , , , , ,1009,155,35, , , , , , , , , , , , , , , , , , , , , , , , , , , , , , , , , , ,7.4,52.7,DD,27,1003, ,4, , , , , , , , , , , , , , , , , , , , , , , , , , , , , , , , , , , , , , , , , , , , , , , , , , , , , , , , , , , , , , , , , , , , , , , , , , , , , , , , , , , , , , , , , , ,14,245
2012357N09064,2012,90,NI,AS,UNNAMED,2012-12-24 12:00:00,TS,7.2,51.9,25,1004,newdelhi,main,227,183,O____O_________,jtwc_io,IO042012,7.2,51.9, ,TD,30,1000,-1, , , , , , , , , , , , ,1007,120,30, , , , , , , , , , , , , , , , , , , , , , , , , , , , , , , , , , ,7.0,52.0,D,25,1004,1.50000,3, , , , , , , , , , , , , , , , , , , , , , , , , , , , , , , , , , , , , , , , , , , , , , , , , , , , , , , , , , , , , , , , , , , , , , , , , , , , , , , , , , , , , , , , , , ,13,250
2012357N09064,2012,90,NI,AS,UNNAMED,2012-12-24 15:00:00,TS,6.9,51.3, , , ,main,188,143,P______________, ,IO042012,6.9,51.3, ,TD,28,1002,-1, , , , , , , , , , , , ,1007,120,30, , , , , , , , , , , , , , , , , , , , , , , , , , , , , , , , , , , , , , , , , , , , , , , , , , , , , , , , , , , , , , , , , , , , , , , , , , , , , , , , , , , , , , , , , , , , , , , , , , , , , , , , , , , , , , , , , , , , , , , , , , , , , , , , , , , ,13,250
2012357N09064,2012,90,NI,AS,UNNAMED,2012-12-24 18:00:00,TS,6.7,50.7, , , ,main,143,109,O______________,jtwc_io,IO042012,6.7,50.7, ,TD,25,1004,-1, , , , , , , , , , , , ,1007,120,30, , , , , , , , , , , , , , , , , , , , , , , , , , , , , , , , , , , , , , , , , , , , , , , , , , , , , , , , , , , , , , , , , , , , , , , , , , , , , , , , , , , , , , , , , , , , , , , , , , , , , , , , , , , , , , , , , , , , , , , , , , , , , , , , , , , ,13,245
2012357N09064,2012,90,NI,AS,UNNAMED,2012-12-24 21:00:00,TS,6.5,50.1, , , ,main,99,59,P______________, ,IO042012,6.5,50.1, ,TD,23,1006,-1, , , , , , , , , , , , , , , , , , , , , , , , , , , , , , , , , , , , , , , , , , , , , , , , , , , , , , , , , , , , , , , , , , , , , , , , , , , , , , , , , , , , , , , , , , , , , , , , , , , , , , , , , , , , , , , , , , , , , , , , , , , , , , , , , , , , , , , , , , , , , , , , , , ,12,245
2012357N09064,2012,90,NI,AS,UNNAMED,2012-12-25 00:00:00,TS,6.2,49.6, , , ,main,59, ,O______________,jtwc_io,IO042012,6.2,49.6, ,TD,20,1007,-1, , , , , , , , , , , , , , , , , , , , , , , , , , , , , , , , , , , , , , , , , , , , , , , , , , , , , , , , , , , , , , , , , , , , , , , , , , , , , , , , , , , , , , , , , , , , , , , , , , , , , , , , , , , , , , , , , , , , , , , , , , , , , , , , , , , , , , , , , , , , , , , , , , ,12,245
2018263N17089,2018,84,NI,BB,DAYE,2018-09-19 15:00:00,TS,17.2,89.0,25,997,newdelhi,main,416,377,_____O_________, , , , , , , , ,-5, , , , , , , , , , , , , , , , , , , , , , , , , , , , , , , , , , , , , , , , , , , , , , , , , ,17.2,89.0,D,25,997,1.50000,3, , , , , , , , , , , , , , , , , , , , , , , , , , , , , , , , , , , , , , , , , , , , , , , , , , , , , , , , , , , , , , , , , , , , , , , , , , , , , , , , , , , , , , , , , , ,13,275
2018263N17089,2018,84,NI,BB,DAYE,2018-09-19 18:00:00,TS,17.2,88.3,25,996,newdelhi,main,371,350,O____O_________,jtwc_io,IO042018,16.9,87.4, ,TD,30,1000,-1, , , , , , , , , , , , ,1002,220,50, , , , , , , , , , , , , , , , , , , , , , , , , , , , , , , , , , ,17.4,88.8,D,25,996,1.50000,4, , , , , , , , , , , , , , , , , , , , , , , , , , , , , , , , , , , , , , , , , , , , , , , , , , , , , , , , , , , , , , , , , , , , , , , , , , , , , , , , , , , , , , , , , , ,11,270
2018263N17089,2018,84,NI,BB,DAYE,2018-09-19 21:00:00,TS,17.2,87.8, , , ,main,346,330,P____P_________, ,IO042018,16.8,87.3, ,TD,30,999,-1, , , , , , , , , , , , ,1002,225,50, , , , , , , , , , , , , , , , , , , , , , , , , , , , , , , , , , ,17.5,88.2,D,25,996, ,4, , , , , , , , , , , , , , , , , , , , , , , , , , , , , , , , , , , , , , , , , , , , , , , , , , , , , , , , , , , , , , , , , , , , , , , , , , , , , , , , , , , , , , , , , , ,9,270
2018263N17089,2018,84,NI,BB,DAYE,2018-09-20 00:00:00,TS,17.2,87.4,25,996,newdelhi,main,330,309,O____O_________,jtwc_io,IO042018,16.8,87.2, ,TD,30,998,-1, , , , , , , , , , , , ,1001,230,50, , , , , , , , , , , , , , , , , , , , , , , , , , , , , , , , , , ,17.5,87.5,D,25,996,1.50000,4, , , , , , , , , , , , , , , , , , , , , , , , , , , , , , , , , , , , , , , , , , , , , , , , , , , , , , , , , , , , , , , , , , , , , , , , , , , , , , , , , , , , , , , , , , ,7,280
2018263N17089,2018,84,NI,BB,DAYE,2018-09-20 03:00:00,TS,17.3,87.1,30,995,newdelhi,main,309,284,P____O_________, ,IO042018,17.1,87.2, ,TD,30,998,-1, , , , , , , , , , , , ,1002,235,50, , , , , , , , , , , , , , , , , , , , , , , , , , , , , , , , , , ,17.5,87.0,DD,30,995,2.00000,5, , , , , , , , , , , , , , , , , , , , , , , , , , , , , , , , , , , , , , , , , , , , , , , , , , , , , , , , , , , , , , , , , , , , , , , , , , , , , , , , , , , , , , , , , , ,5,315
2018263N17089,2018,84,NI,BB,DAYE,2018-09-20 06:00:00,TS,17.6,87.0,30,995,newdelhi,main,274,228,O____O_________,jtwc_io,IO042018,17.5,87.2, ,TD,30,997,-1, , , , , , , , , , , , ,1003,240,50, , , , , , , , , , , , , , , , , , , , , , , , , , , , , , , , , , ,17.6,86.8,DD,30,995,2.00000,5, , , , , , , , , , , , , , , , , , , , , , , , , , , , , , , , , , , , , , , , , , , , , , , , , , , , , , , , , , , , , , , , , , , , , , , , , , , , , , , , , , , , , , , , , , ,8,320
2018263N17089,2018,84,NI,BB,DAYE,2018-09-20 09:00:00,TS,17.9,86.6, , , ,main,228,163,P____P_________, ,IO042018,17.8,86.9, ,TD,33,996,-1, , , , , , , , , , , , ,1003,230,50, , , , , , , , , , , , , , , , , , , , , , , , , , , , , , , , , , ,18.0,86.3,DD,30,995, ,6, , , , , , , , , , , , , , , , , , , , , , , , , , , , , , , , , , , , , , , , , , , , , , , , , , , , , , , , , , , , , , , , , , , , , , , , , , , , , , , , , , , , , , , , , , ,11,310
2018263N17089,2018,84,NI,BB,DAYE,2018-09-20 12:00:00,TS,18.3,86.1,30,994,newdelhi,main,163,118,O____O_________,jtwc_io,IO042018,18.2,86.4, ,TS,35,995,0,65,85,85,65, , , , , , , , ,1002,220,50, , , , , , , , , , , , , , , , , , , , , , , , , , , , , , , , , , ,18.4,85.8,DD,30,994,2.00000,6, , , , , , , , , , , , , , , , , , , , , , , , , , , , , , , , , , , , , , , , , , , , , , , , , , , , , , , , , , , , , , , , , , , , , , , , , , , , , , , , , , , , , , , , , , ,11,315
2018263N17089,2018,84,NI,BB,DAYE,2018-09-20 15:00:00,TS,18.6,85.8,35,992,newdelhi,main,118,46,P____O_________, ,IO042018,18.6,85.9, ,TS,35,997,0, , , , , , , , , , , , ,1002,213,50, , , , , , , , , , , , , , , , , , , , , , , , , , , , , , , , , , ,18.7,85.6,CS,35,992,2.50000,8, , , , , , , , , , , , , , , , , , , , , , , , , , , , , , , , , , , , , , , , , , , , , , , , , , , , , , , , , , , , , , , , , , , , , , , , , , , , , , , , , , , , , , , , , , ,12,310
2018263N17089,2018,84,NI,BB,DAYE,2018-09-20 18:00:00,TS,19.1,85.2,35,992,newdelhi,main,38,0,O____O_________,jtwc_io,IO042018,18.9,85.3, ,TS,35,999,0, , , , , , , , , , , , ,1002,205,50, , , , , , , , , , , , , , , , , , , , , , , , , , , , , , , , , , ,19.2,85.0,CS,35,992,2.50000,8, , , , , , , , , , , , , , , , , , , , , , , , , , , , , , , , , , , , , , , , , , , , , , , , , , , , , , , , , , , , , , , , , , , , , , , , , , , , , , , , , , , , , , , , , , ,15,300
2018263N17089,2018,84,NI,BB,DAYE,2018-09-20 21:00:00,TS,19.4,84.4,35,993,newdelhi,main,0,0,P____O_________, ,IO042018,19.2,84.4, ,TS,35,998,0, , , , , , , , , , , , ,1002,205,50, , , , , , , , , , , , , , , , , , , , , , , , , , , , , , , , , , ,19.6,84.4,CS,35,993,0.00000,7, , , , , , , , , , , , , , , , , , , , , , , , , , , , , , , , , , , , , , , , , , , , , , , , , , , , , , , , , , , , , , , , , , , , , , , , , , , , , , , , , , , , , , , , , , ,17,295
2018263N17089,2018,84,NI,BB,DAYE,2018-09-21 00:00:00,TS,19.8,83.6,30,994,newdelhi,main,0,0,O____O_________,jtwc_io,IO042018,19.5,83.4, ,TS,35,996,0, , , , , , , , , , , , ,1002,205,50, , , , , , , , , , , , , , , , , , , , , , , , , , , , , , , , , , ,20.0,83.7,DD,30,994,0.00000,6, , , , , , , , , , , , , , , , , , , , , , , , , , , , , , , , , , , , , , , , , , , , , , , , , , , , , , , , , , , , , , , , , , , , , , , , , , , , , , , , , , , , , , , , , , ,19,290
2018263N17089,2018,84,NI,BB,DAYE,2018-09-21 03:00:00,TS,20.1,82.5,30,994,newdelhi,main,0,0,P____O_________, ,IO042018,19.6,82.6, ,TS,33,998,-1, , , , , , , , , , , , ,1003,203,50, , , , , , , , , , , , , , , , , , , , , , , , , , , , , , , , , , ,20.5,82.5,DD,30,994,0.00000,6, , , , , , , , , , , , , , , , , , , , , , , , , , , , , , , , , , , , , , , , , , , , , , , , , , , , , , , , , , , , , , , , , , , , , , , , , , , , , , , , , , , , , , , , , , ,20,290
2018263N17089,2018,84,NI,BB,DAYE,2018-09-21 06:00:00,TS,20.5,81.5,30,995,newdelhi,main,0,0,O____O_________,jtwc_io,IO042018,19.8,81.7, ,TD,30,1000,-1, , , , , , , , , , , , ,1003,200,50, , , , , , , , , , , , , , , , , , , , , , , , , , , , , , , , , , ,21.0,81.4,DD,30,995,0.00000,5, , , , , , , , , , , , , , , , , , , , , , , , , , , , , , , , , , , , , , , , , , , , , , , , , , , , , , , , , , , , , , , , , , , , , , , , , , , , , , , , , , , , , , , , , , ,19,295
2018263N17089,2018,84,NI,BB,DAYE,2018-09-21 09:00:00,TS,20.9,80.7, , , ,main,0,0,P____P_________, ,IO042018,20.1,80.7, ,TD,28,1002,-1, , , , , , , , , , , , ,1003,200,50, , , , , , , , , , , , , , , , , , , , , , , , , , , , , , , , , , ,21.3,80.7,DD,28,996, ,5, , , , , , , , , , , , , , , , , , , , , , , , , , , , , , , , , , , , , , , , , , , , , , , , , , , , , , , , , , , , , , , , , , , , , , , , , , , , , , , , , , , , , , , , , , ,16,300
2018263N17089,2018,84,NI,BB,DAYE,2018-09-21 12:00:00,TS,21.2,80.1,25,996,newdelhi,main,0,0,O____O_________,jtwc_io,IO042018,20.6,79.6, ,TD,25,1004,-1, , , , , , , , , , , , ,1003,200,50, , , , , , , , , , , , , , , , , , , , , , , , , , , , , , , , , , ,21.4,80.2,D,25,996,0.00000,4, , , , , , , , , , , , , , , , , , , , , , , , , , , , , , , , , , , , , , , , , , , , , , , , , , , , , , , , , , , , , , , , , , , , , , , , , , , , , , , , , , , , , , , , , , ,12,290
2018263N17089,2018,84,NI,BB,DAYE,2018-09-21 15:00:00,TS,21.4,79.5, , , ,main,0,0,_____P_________, ,IO042018, , , ,TD, , ,-5, , , , , , , , , , , , , , , , , , , , , , , , , , , , , , , , , , , , , , , , , , , , , , , , , ,21.4,79.5,D,25,996, ,4, , , , , , , , , , , , , , , , , , , , , , , , , , , , , , , , , , , , , , , , , , , , , , , , , , , , , , , , , , , , , , , , , , , , , , , , , , , , , , , , , , , , , , , , , , ,13,275
2018263N17089,2018,84,NI,BB,DAYE,2018-09-21 18:00:00,TS,21.4,78.7,25,996,newdelhi,main,0,0,_____O_________, , , , , , , , ,-5, , , , , , , , , , , , , , , , , , , , , , , , , , , , , , , , , , , , , , , , , , , , , , , , , ,21.4,78.7,D,25,996,0.00000,4, , , , , , , , , , , , , , , , , , , , , , , , , , , , , , , , , , , , , , , , , , , , , , , , , , , , , , , , , , , , , , , , , , , , , , , , , , , , , , , , , , , , , , , , , , ,17,285
2018263N17089,2018,84,NI,AS,DAYE,2018-09-21 21:00:00,TS,21.8,77.8, , , ,main,0,0,_____P_________, , , , , , , , ,-5, , , , , , , , , , , , , , , , , , , , , , , , , , , , , , , , , , , , , , , , , , , , , , , , , ,21.8,77.8,D,25,997, ,4, , , , , , , , , , , , , , , , , , , , , , , , , , , , , , , , , , , , , , , , , , , , , , , , , , , , , , , , , , , , , , , , , , , , , , , , , , , , , , , , , , , , , , , , , , ,19,300
2018263N17089,2018,84,NI,AS,DAYE,2018-09-22 00:00:00,TS,22.3,76.9,25,997,newdelhi,main,0,0,_____O_________, , , , , , , , ,-5, , , , , , , , , , , , , , , , , , , , , , , , , , , , , , , , , , , , , , , , , , , , , , , , , ,22.3,76.9,D,25,997,0.00000,4, , , , , , , , , , , , , , , , , , , , , , , , , , , , , , , , , , , , , , , , , , , , , , , , , , , , , , , , , , , , , , , , , , , , , , , , , , , , , , , , , , , , , , , , , , ,18,310
2018263N17089,2018,84,NI,AS,DAYE,2018-09-22 03:00:00,TS,22.9,76.3,20,998,newdelhi,main,0,0,_____O_________, , , , , , , , ,-5, , , , , , , , , , , , , , , , , , , , , , , , , , , , , , , , , , , , , , , , , , , , , , , , , ,22.9,76.3,D,20,998,0.00000,3, , , , , , , , , , , , , , , , , , , , , , , , , , , , , , , , , , , , , , , , , , , , , , , , , , , , , , , , , , , , , , , , , , , , , , , , , , , , , , , , , , , , , , , , , , ,8,315
2018263N17089,2018,84,NI,AS,DAYE,2018-09-22 06:00:00,TS,22.9,76.3,20,999,newdelhi,main,0, ,_____O_________, , , , , , , , ,-5, , , , , , , , , , , , , , , , , , , , , , , , , , , , , , , , , , , , , , , , , , , , , , , , , ,22.9,76.3,D,20,999,0.00000,3, , , , , , , , , , , , , , , , , , , , , , , , , , , , , , , , , , , , , , , , , , , , , , , , , , , , , , , , , , , , , , , , , , , , , , , , , , , , , , , , , , , , , , , , , , ,0,0
2025274N16087,2025,93,NI,BB,UNNAMED,2025-10-01 06:00:00,TS,15.9,86.5,25,998,newdelhi,US-PROVISIONAL,370,338,O____O_________,tcvitals,IO012025,15.9,86.5, , ,35,997,0, , , , , , , , , , , , ,1002,170,94, , , , , , , , , , , , , , , , , , , , , , , , , , , , , , , , , , ,15.8,86.5,D,25,998,1.50000,3, , , , , , , , , , , , , , , , , , , , , , , , , , , , , , , , , , , , , , , , , , , , , , , , , , , , , , , , , , , , , , , , , , , , , , , , , , , , , , , , , , , , , , , , , , ,8,350
2025274N16087,2025,93,NI,BB,UNNAMED,2025-10-01 09:00:00,TS,16.3,86.4, , , ,US-PROVISIONAL,331,300,P____P_________, ,IO012025,16.4,86.4, , ,35,996,0, , , , , , , , , , , , ,1002,195,87, , , , , , , , , , , , , , , , , , , , , , , , , , , , , , , , , , ,16.1,86.4,D,25,998, ,4, , , , , , , , , , , , , , , , , , , , , , , , , , , , , , , , , , , , , , , , , , , , , , , , , , , , , , , , , , , , , , , , , , , , , , , , , , , , , , , , , , , , , , , , , , ,7,345
2025274N16087,2025,93,NI,BB,UNNAMED,2025-10-01 12:00:00,TS,16.6,86.3,25,997,newdelhi,US-PROVISIONAL,300,277,O____O_________,tcvitals,IO012025,16.7,86.3, , ,35,994,0, , , , , , , , , , , , ,1002,220,80, , , , , , , , , , , , , , , , , , , , , , , , , , , , , , , , , , ,16.3,86.3,D,25,997,1.50000,4, , , , , , , , , , , , , , , , , , , , , , , , , , , , , , , , , , , , , , , , , , , , , , , , , , , , , , , , , , , , , , , , , , , , , , , , , , , , , , , , , , , , , , , , , , ,5,325
2025274N16087,2025,93,NI,BB,UNNAMED,2025-10-01 15:00:00,TS,16.7,86.1, , , ,US-PROVISIONAL,277,254,P____P_________, ,IO012025,16.8,86.1, , ,35,994,0, , , , , , , , , , , , , , , , , , , , , , , , , , , , , , , , , , , , , , , , , , , , , , , , , ,16.5,86.2,D,28,997, ,5, , , , , , , , , , , , , , , , , , , , , , , , , , , , , , , , , , , , , , , , , , , , , , , , , , , , , , , , , , , , , , , , , , , , , , , , , , , , , , , , , , , , , , , , , , ,5,300
2025274N16087,2025,93,NI,BB,UNNAMED,2025-10-01 18:00:00,TS,16.8,85.8,30,996,newdelhi,US-PROVISIONAL,246,215,I____O_________,tcvitals,IO012025,16.8,85.8, , ,35,994,0, , , , , , , , , , , , , , , , , , , , , , , , , , , , , , , , , , , , , , , , , , , , , , , , , ,16.8,86.0,DD,30,996,2.00000,5, , , , , , , , , , , , , , , , , , , , , , , , , , , , , , , , , , , , , , , , , , , , , , , , , , , , , , , , , , , , , , , , , , , , , , , , , , , , , , , , , , , , , , , , , , ,6,305
2025274N16087,2025,93,NI,BB,UNNAMED,2025-10-01 21:00:00,TS,17.0,85.6, , , ,US-PROVISIONAL,215,177,P____P_________, ,IO012025,16.9,85.5, , ,35,994,0, , , , , , , , , , , , , , , , , , , , , , , , , , , , , , , , , , , , , , , , , , , , , , , , , ,17.3,85.8,DD,30,996, ,5, , , , , , , , , , , , , , , , , , , , , , , , , , , , , , , , , , , , , , , , , , , , , , , , , , , , , , , , , , , , , , , , , , , , , , , , , , , , , , , , , , , , , , , , , , ,7,320
2025274N16087,2025,93,NI,BB,UNNAMED,2025-10-02 00:00:00,TS,17.4,85.4,30,996,newdelhi,US-PROVISIONAL,169,115,O____O_________,tcvitals,IO012025,17.2,85.2, , ,35,994,0, , , , , , , , , , , , ,1002,160,80, , , , , , , , , , , , , , , , , , , , , , , , , , , , , , , , , , ,17.7,85.7,DD,30,996,2.00000,5, , , , , , , , , , , , , , , , , , , , , , , , , , , , , , , , , , , , , , , , , , , , , , , , , , , , , , , , , , , , , , , , , , , , , , , , , , , , , , , , , , , , , , , , , , ,9,340
2025274N16087,2025,93,NI,BB,UNNAMED,2025-10-02 03:00:00,TS,17.9,85.2,30,995,newdelhi,US-PROVISIONAL,115,57,P____O_________, ,IO012025,17.9,85.0, , ,35,995,0, , , , , , , , , , , , ,1002,160,73, , , , , , , , , , , , , , , , , , , , , , , , , , , , , , , , , , ,18.0,85.6,DD,30,995,2.00000,6, , , , , , , , , , , , , , , , , , , , , , , , , , , , , , , , , , , , , , , , , , , , , , , , , , , , , , , , , , , , , , , , , , , , , , , , , , , , , , , , , , , , , , , , , , ,13,345
2025274N16087,2025,93,NI,BB,UNNAMED,2025-10-02 06:00:00,TS,18.6,85.1,30,995,newdelhi,US-PROVISIONAL,57,15,O____O_________,tcvitals,IO012025,18.6,84.9, , ,35,995,0, , , , , , , , , , , , ,1002,160,65, , , , , , , , , , , , , , , , , , , , , , , , , , , , , , , , , , ,18.6,85.3,DD,30,995,2.00000,6, , , , , , , , , , , , , , , , , , , , , , , , , , , , , , , , , , , , , , , , , , , , , , , , , , , , , , , , , , , , , , , , , , , , , , , , , , , , , , , , , , , , , , , , , , ,12,350
2025274N16087,2025,93,NI,BB,UNNAMED,2025-10-02 09:00:00,TS,19.1,84.9, , , ,US-PROVISIONAL,15,0,P____P_________, ,IO012025,19.1,84.8, , ,35,995,0, , , , , , , , , , , , ,1002,160,65, , , , , , , , , , , , , , , , , , , , , , , , , , , , , , , , , , ,19.1,85.1,DD,30,996, ,6, , , , , , , , , , , , , , , , , , , , , , , , , , , , , , , , , , , , , , , , , , , , , , , , , , , , , , , , , , , , , , , , , , , , , , , , , , , , , , , , , , , , , , , , , , ,9,345
2025274N16087,2025,93,NI,BB,UNNAMED,2025-10-02 12:00:00,TS,19.4,84.8,30,996,newdelhi,US-PROVISIONAL,0,0,O____O_________,tcvitals,IO012025,19.5,84.7, , ,35,995,0, , , , , , , , , , , , ,1002,160,65, , , , , , , , , , , , , , , , , , , , , , , , , , , , , , , , , , ,19.4,84.9,DD,30,996,0.00000,5, , , , , , , , , , , , , , , , , , , , , , , , , , , , , , , , , , , , , , , , , , , , , , , , , , , , , , , , , , , , , , , , , , , , , , , , , , , , , , , , , , , , , , , , , , ,6,330
2025274N16087,2025,93,NI,BB,UNNAMED,2025-10-02 15:00:00,TS,19.6,84.6, , , ,US-PROVISIONAL,0,0,_____P_________, ,IO012025, , , , , , ,-5, , , , , , , , , , , , , , , , , , , , , , , , , , , , , , , , , , , , , , , , , , , , , , , , , ,19.6,84.6,DD,30,997, ,5, , , , , , , , , , , , , , , , , , , , , , , , , , , , , , , , , , , , , , , , , , , , , , , , , , , , , , , , , , , , , , , , , , , , , , , , , , , , , , , , , , , , , , , , , , ,6,310
2025274N16087,2025,93,NI,BB,UNNAMED,2025-10-02 18:00:00,TS,19.8,84.4,30,997,newdelhi,US-PROVISIONAL,0,0,_____O_________, , , , , , , , ,-5, , , , , , , , , , , , , , , , , , , , , , , , , , , , , , , , , , , , , , , , , , , , , , , , , ,19.8,84.4,DD,30,997,0.00000,5, , , , , , , , , , , , , , , , , , , , , , , , , , , , , , , , , , , , , , , , , , , , , , , , , , , , , , , , , , , , , , , , , , , , , , , , , , , , , , , , , , , , , , , , , , ,5,315
2025274N16087,2025,93,NI,BB,UNNAMED,2025-10-02 21:00:00,TS,19.9,84.3, , , ,US-PROVISIONAL,0,0,_____P_________, , , , , , , , ,-5, , , , , , , , , , , , , , , , , , , , , , , , , , , , , , , , , , , , , , , , , , , , , , , , , ,19.9,84.3,DD,28,998, ,5, , , , , , , , , , , , , , , , , , , , , , , , , , , , , , , , , , , , , , , , , , , , , , , , , , , , , , , , , , , , , , , , , , , , , , , , , , , , , , , , , , , , , , , , , , ,5,325
2025274N16087,2025,93,NI,BB,UNNAMED,2025-10-03 00:00:00,TS,20.2,84.1,25,999,newdelhi,US-PROVISIONAL,0,0,_____O_________, , , , , , , , ,-5, , , , , , , , , , , , , , , , , , , , , , , , , , , , , , , , , , , , , , , , , , , , , , , , , ,20.2,84.1,D,25,999,0.00000,4, , , , , , , , , , , , , , , , , , , , , , , , , , , , , , , , , , , , , , , , , , , , , , , , , , , , , , , , , , , , , , , , , , , , , , , , , , , , , , , , , , , , , , , , , , ,9,325
2025274N16087,2025,93,NI,BB,UNNAMED,2025-10-03 03:00:00,TS,20.7,83.7,25,1000,newdelhi,US-PROVISIONAL,0,0,_____O_________, , , , , , , , ,-5, , , , , , , , , , , , , , , , , , , , , , , , , , , , , , , , , , , , , , , , , , , , , , , , , ,20.7,83.7,D,25,1000,0.00000,4, , , , , , , , , , , , , , , , , , , , , , , , , , , , , , , , , , , , , , , , , , , , , , , , , , , , , , , , , , , , , , , , , , , , , , , , , , , , , , , , , , , , , , , , , , ,11,335
2025274N16087,2025,93,NI,BB,UNNAMED,2025-10-03 06:00:00,TS,21.2,83.6,25,1001,newdelhi,US-PROVISIONAL,0, ,_____O_________, , , , , , , , ,-5, , , , , , , , , , , , , , , , , , , , , , , , , , , , , , , , , , , , , , , , , , , , , , , , , ,21.2,83.6,D,25,1001,0.00000,3, , , , , , , , , , , , , , , , , , , , , , , , , , , , , , , , , , , , , , , , , , , , , , , , , , , , , , , , , , , , , , , , , , , , , , , , , , , , , , , , , , , , , , , , , , ,10,350
