SID,SEASON,NUMBER,BASIN,SUBBASIN,NAME,ISO_TIME,NATURE,LAT,LON,WMO_WIND,WMO_PRES,WMO_AGENCY,TRACK_TYPE,DIST2LAND,LANDFALL,IFLAG,USA_AGENCY,USA_ATCF_ID,USA_LAT,USA_LON,USA_RECORD,USA_STATUS,USA_WIND,USA_PRES,USA_SSHS,USA_R34_NE,USA_R34_SE,USA_R34_SW,USA_R34_NW,USA_R50_NE,USA_R50_SE,USA_R50_SW,USA_R50_NW,USA_R64_NE,USA_R64_SE,USA_R64_SW,USA_R64_NW,USA_POCI,USA_ROCI,USA_RMW,USA_EYE,TOKYO_LAT,TOKYO_LON,TOKYO_GRADE,TOKYO_WIND,TOKYO_PRES,TOKYO_R50_DIR,TOKYO_R50_LONG,TOKYO_R50_SHORT,TOKYO_R30_DIR,TOKYO_R30_LONG,TOKYO_R30_SHORT,TOKYO_LAND,CMA_LAT,CMA_LON,CMA_CAT,CMA_WIND,CMA_PRES,HKO_LAT,HKO_LON,HKO_CAT,HKO_WIND,HKO_PRES,KMA_LAT,KMA_LON,KMA_CAT,KMA_WIND,KMA_PRES,KMA_R50_DIR,KMA_R50_LONG,KMA_R50_SHORT,KMA_R30_DIR,KMA_R30_LONG,KMA_R30_SHORT,NEWDELHI_LAT,NEWDELHI_LON,NEWDELHI_GRADE,NEWDELHI_WIND,NEWDELHI_PRES,NEWDELHI_CI,NEWDELHI_DP,NEWDELHI_POCI,REUNION_LAT,REUNION_LON,REUNION_TYPE,REUNION_WIND,REUNION_PRES,REUNION_TNUM,REUNION_CI,REUNION_RMW,REUNION_R34_NE,REUNION_R34_SE,REUNION_R34_SW,REUNION_R34_NW,REUNION_R50_NE,REUNION_R50_SE,REUNION_R50_SW,REUNION_R50_NW,REUNION_R64_NE,REUNION_R64_SE,REUNION_R64_SW,REUNION_R64_NW,BOM_LAT,BOM_LON,BOM_TYPE,BOM_WIND,BOM_PRES,BOM_TNUM,BOM_CI,BOM_RMW,BOM_R34_NE,BOM_R34_SE,BOM_R34_SW,BOM_R34_NW,BOM_R50_NE,BOM_R50_SE,BOM_R50_SW,BOM_R50_NW,BOM_R64_NE,BOM_R64_SE,BOM_R64_SW,BOM_R64_NW,BOM_ROCI,BOM_POCI,BOM_EYE,BOM_POS_METHOD,BOM_PRES_METHOD,NADI_LAT,NADI_LON,NADI_CAT,NADI_WIND,NADI_PRES,WELLINGTON_LAT,WELLINGTON_LON,WELLINGTON_WIND,WELLINGTON_PRES,DS824_LAT,DS824_LON,DS824_STAGE,DS824_WIND,DS824_PRES,TD9636_LAT,TD9636_LON,TD9636_STAGE,TD9636_WIND,TD9636_PRES,TD9635_LAT,TD9635_LON,TD9635_WIND,TD9635_PRES,TD9635_ROCI,NEUMANN_LAT,NEUMANN_LON,NEUMANN_CLASS,NEUMANN_WIND,NEUMANN_PRES,MLC_LAT,MLC_LON,MLC_CLASS,MLC_WIND,MLC_PRES,USA_GUST,BOM_GUST,BOM_GUST_PER,REUNION_GUST,REUNION_GUST_PER,USA_SEAHGT,USA_SEARAD_NE,USA_SEARAD_SE,USA_SEARAD_SW,USA_SEARAD_NW,STORM_SPEED,STORM_DIR
1989305N07105,1989,118,WP,MM,GAY,1989-10-31 12:00:00,TS,7.2,105.2, ,1008,tokyo,main,171,146,_O_____________, , , , , , , , ,-5, , , , , , , , , , , , , , , , ,7.2,105.2,2, ,1008,0, , ,0, , ,0, , , , , , , , , , , , , , , , , , , , , , , , , , , , , , , , , , , , , , , , , , , , , , , , , , , , , , , , , , , , , , , , , , , , , , , , , , , , , , , , , , , , , , , , , , , , , , , , , , , , , , , , , , , , , , , , , , , , , , ,5,310
1989305N07105,1989,118,WP,MM,GAY,1989-10-31 15:00:00,TS,7.4,105.0, , , ,main,146,134,_P_____________, , , , , , , , ,-5, , , , , , , , , , , , , , , , ,7.4,105.0,2, ,1008,0, , ,0, , , , , , , , , , , , , , , , , , , , , , , , , , , , , , , , , , , , , , , , , , , , , , , , , , , , , , , , , , , , , , , , , , , , , , , , , , , , , , , , , , , , , , , , , , , , , , , , , , , , , , , , , , , , , , , , , , , , , , , , , ,5,305
1989305N07105,1989,118,WP,MM,GAY,1989-10-31 18:00:00,TS,7.5,104.8, ,1008,tokyo,main,134,134,_O_____________, , , , , , , , ,-5, , , , , , , , , , , , , , , , ,7.5,104.8,2, ,1008,0, , ,0, , ,0, , , , , , , , , , , , , , , , , , , , , , , , , , , , , , , , , , , , , , , , , , , , , , , , , , , , , , , , , , , , , , , , , , , , , , , , , , , , , , , , , , , , , , , , , , , , , , , , , , , , , , , , , , , , , , , , , , , , , , ,4,290
1989305N07105,1989,118,WP,MM,GAY,1989-10-31 21:00:00,TS,7.5,104.6, , , ,main,138,138,_P_____________, , , , , , , , ,-5, , , , , , , , , , , , , , , , ,7.5,104.6,2, ,1008,0, , ,0, , , , , , , , , , , , , , , , , , , , , , , , , , , , , , , , , , , , , , , , , , , , , , , , , , , , , , , , , , , , , , , , , , , , , , , , , , , , , , , , , , , , , , , , , , , , , , , , , , , , , , , , , , , , , , , , , , , , , , , , , ,8,260
1989305N07105,1989,118,WP,MM,GAY,1989-11-01 00:00:00,TS,7.4,104.0, ,1008,tokyo,main,176,176,OO_O_______O___,jtwc_wp,WP321989,7.1,103.7, , ,25, ,-1, , , , , , , , , , , , , , , , ,7.5,104.4,2, ,1008,0, , ,0, , ,0, , , , , ,7.4,102.8,TD,25,1005, , , , , , , , , , , , , , , , , , , , , , , , , , , , , , , , , , , , , , , , , , , , , , , , , , , , , , , , , , , , , , , , , , , , , , , , , , , , , , ,7.1,103.7,1,25, , , , , , , , , , , , , , , , , , , , , , , , , , ,11,270
1989305N07105,1989,118,WP,MM,GAY,1989-11-01 03:00:00,TS,7.5,103.5, , , ,main,198,189,PP_P_O_____P___, ,WP321989,7.4,103.4, , ,25, ,-1, , , , , , , , , , , , , , , , ,7.5,104.2,2, ,1007,0, , ,0, , , , , , , , ,7.5,102.8,TD,25,1005, , , , , , , , , , , ,8.0,103.0,D,25, ,1.50000,3, , , , , , , , , , , , , , , , , , , , , , , , , , , , , , , , , , , , , , , , , , , , , , , , , , , , , , , , , , , , ,7.4,103.4,1,25, , , , , , , , , , , , , , , , , , , , , , , , , , ,8,290
1989305N07105,1989,118,WP,MM,GAY,1989-11-01 06:00:00,TS,7.7,103.2, ,1006,tokyo,main,199,184,OO_O_P_____P___,jtwc_wp,WP321989,7.7,103.1, , ,25, ,-1, , , , , , , , , , , , , , , , ,7.5,104.0,2, ,1006,0, , ,0, , ,0, , , , , ,7.6,102.7,TD,25,1005, , , , , , , , , , , ,8.0,102.8,D,25, , ,3, , , , , , , , , , , , , , , , , , , , , , , , , , , , , , , , , , , , , , , , , , , , , , , , , , , , , , , , , , , , ,7.6,103.1,1,25, , , , , , , , , , , , , , , , , , , , , , , , , , ,6,295
1989305N07105,1989,118,WP,MM,GAY,1989-11-01 09:00:00,TS,7.8,102.9, , , ,main,182,165,PP_P_P_____P___, ,WP321989,7.9,102.8, , ,25, ,-1, , , , , , , , , , , , , , , , ,7.5,103.8,2, ,1006,0, , ,0, , , , , , , , ,7.7,102.6,TD,28,1005, , , , , , , , , , , ,8.0,102.6,D,25, , ,3, , , , , , , , , , , , , , , , , , , , , , , , , , , , , , , , , , , , , , , , , , , , , , , , , , , , , , , , , , , , ,7.8,102.8,1,25, , , , , , , , , , , , , , , , , , , , , , , , , , ,5,290
1989305N07105,1989,118,WP,MM,GAY,1989-11-01 12:00:00,TS,7.8,102.7, ,1006,tokyo,main,165,165,OO_O_O_____O___,jtwc_wp,WP321989,8.0,102.6, , ,25, ,-1, , , , , , , , , , , , , , , , ,7.5,103.5,2, ,1006,0, , ,0, , ,0, , , , , ,7.7,102.5,TD,30,1005, , , , , , , , , , , ,8.0,102.5,D,25, ,1.50000,3, , , , , , , , , , , , , , , , , , , , , , , , , , , , , , , , , , , , , , , , , , , , , , , , , , , , , , , , , , , , ,8.0,102.6,1,25, , , , , , , , , , , , , , , , , , , , , , , , , , ,4,295
1989305N07105,1989,118,WP,MM,GAY,1989-11-01 15:00:00,TS,7.9,102.6, , , ,main,165,158,PP_P_P_____P___, ,WP321989,8.1,102.5, , ,28, ,-1, , , , , , , , , , , , , , , , ,7.6,103.1,2, ,1005,0, , ,0, , , , , , , , ,7.7,102.4,TD,30,1005, , , , , , , , , , , ,8.0,102.5,D, , , , , , , , , , , , , , , , , , , , , , , , , , , , , , , , , , , , , , , , , , , , , , , , , , , , , , , , , , , , , , , , ,8.1,102.4,1,28, , , , , , , , , , , , , , , , , , , , , , , , , , ,3,300
1989305N07105,1989,118,WP,MM,GAY,1989-11-01 18:00:00,TS,8.0,102.5, ,1004,tokyo,main,167,160,OO_O_P_____P___,jtwc_wp,WP321989,8.1,102.4, , ,30, ,-1, , , , , , , , , , , , , , , , ,7.8,102.7,2, ,1004,0, , ,0, , ,0, , , , , ,7.8,102.4,TD,30,1005, , , , , , , , , , , ,8.1,102.5,D, , , , , , , , , , , , , , , , , , , , , , , , , , , , , , , , , , , , , , , , , , , , , , , , , , , , , , , , , , , , , , , , ,8.1,102.3,1,30, , , , , , , , , , , , , , , , , , , , , , , , , , ,3,305
1989305N07105,1989,118,WP,MM,GAY,1989-11-01 21:00:00,TS,8.1,102.4, , , ,main,170,164,PP_P_P_____P___, ,WP321989,8.1,102.3, , ,33, ,-1, , , , , , , , , , , , , , , , ,7.9,102.5,2, ,1003,0, , ,0, , , , , , , , ,7.9,102.4,TD,33,1003, , , , , , , , , , , ,8.2,102.5,D, , , , , , , , , , , , , , , , , , , , , , , , , , , , , , , , , , , , , , , , , , , , , , , , , , , , , , , , , , , , , , , , ,8.2,102.3,1,33, , , , , , , , , , , , , , , , , , , , , , , , , , ,2,315
1989305N07105,1989,118,WP,MM,GAY,1989-11-02 00:00:00,TS,8.2,102.3, ,1002,tokyo,main,174,170,OO_O_P_____O___,jtwc_wp,WP321989,8.2,102.2, , ,35, ,0, , , , , , , , , , , , , , , , ,8.0,102.3,2, ,1002,0, , ,0, , ,0, , , , , ,8.0,102.3,TS,35,1000, , , , , , , , , , , ,8.4,102.5,D, , , , , , , , , , , , , , , , , , , , , , , , , , , , , , , , , , , , , , , , , , , , , , , , , , , , , , , , , , , , , , , , ,8.2,102.2,2,35, , , , , , , , , , , , , , , , , , , , , , , , , , ,2,315
1989305N07105,1989,118,WP,MM,GAY,1989-11-02 03:00:00,TS,8.2,102.2,35,998,tokyo,main,170,170,PO_P_O_____P___, ,WP321989,8.2,102.1, , ,35, ,0, , , , , , , , , , , , , , , , ,8.1,102.1,3,35,998,0, , ,9,50,50,0, , , , , ,8.1,102.3,TS,35,1000, , , , , , , , , , , ,8.5,102.5,CS,45, ,3.50000,10, , , , , , , , , , , , , , , , , , , , , , , , , , , , , , , , , , , , , , , , , , , , , , , , , , , , , , , , , , , , ,8.3,102.1,2,35, , , , , , , , , , , , , , , , , , , , , , , , , , ,3,315
1989305N07105,1989,118,WP,MM,GAY,1989-11-02 06:00:00,TS,8.4,102.1,40,994,tokyo,main,187,184,OO_O_P_____P___,jtwc_wp,WP321989,8.3,102.0, , ,35, ,0, , , , , , , , , , , , , , , , ,8.2,101.9,3,40,994,0, , ,9,60,60,0, , , , , ,8.2,102.2,TS,35,1000, , , , , , , , , , , ,8.7,102.4,CS,43, , ,9, , , , , , , , , , , , , , , , , , , , , , , , , , , , , , , , , , , , , , , , , , , , , , , , , , , , , , , , , , , , ,8.4,102.0,2,35, , , , , , , , , , , , , , , , , , , , , , , , , , ,3,320
1989305N07105,1989,118,WP,MM,GAY,1989-11-02 09:00:00,TS,8.5,102.0, , , ,main,192,184,PP_P_P_____P___, ,WP321989,8.5,101.9, , ,35, ,0, , , , , , , , , , , , , , , , ,8.3,101.8,3,40,994,0, , ,9,60,60, , , , , , ,8.4,102.1,TS,38,998, , , , , , , , , , , ,8.8,102.2,CS,42, , ,9, , , , , , , , , , , , , , , , , , , , , , , , , , , , , , , , , , , , , , , , , , , , , , , , , , , , , , , , , , , , ,8.6,102.0,2,35, , , , , , , , , , , , , , , , , , , , , , , , , , ,4,330
1989305N07105,1989,118,WP,MM,GAY,1989-11-02 12:00:00,TS,8.7,101.9,40,994,tokyo,main,188,181,OO_O_O_____O___,jtwc_wp,WP321989,8.7,101.9, , ,35, ,0, , , , , , , , , , , , , , , , ,8.4,101.8,3,40,994,0, , ,9,60,60,0, , , , , ,8.6,102.0,TS,40,995, , , , , , , , , , , ,9.0,102.0,CS,40, ,4.00000,8, , , , , , , , , , , , , , , , , , , , , , , , , , , , , , , , , , , , , , , , , , , , , , , , , , , , , , , , , , , , ,8.7,101.9,2,35, , , , , , , , , , , , , , , , , , , , , , , , , , ,4,335
1989305N07105,1989,118,WP,MM,GAY,1989-11-02 15:00:00,TS,8.8,101.8, , , ,main,181,181,PP_P_P_____P___, ,WP321989,8.9,101.9, , ,40, ,0, , , , , , , , , , , , , , , , ,8.5,101.7,3,43,993,0, , ,9,60,60, , , , , , ,8.8,101.9,TS,43,995, , , , , , , , , , , ,9.1,101.9,CS, , , , , , , , , , , , , , , , , , , , , , , , , , , , , , , , , , , , , , , , , , , , , , , , , , , , , , , , , , , , , , , , ,8.8,101.8,2,43, , , , , , , , , , , , , , , , , , , , , , , , , , ,4,330
1989305N07105,1989,118,WP,MM,GAY,1989-11-02 18:00:00,TS,9.0,101.7,45,992,tokyo,main,178,172,OO_O_P_____P___,jtwc_wp,WP321989,9.1,101.8, , ,45, ,0, , , , , , , , , , , , , , , , ,8.7,101.6,3,45,992,0, , ,9,60,60,0, , , , , ,9.0,101.8,TS,45,995, , , , , , , , , , , ,9.2,101.8,CS, , , , , , , , , , , , , , , , , , , , , , , , , , , , , , , , , , , , , , , , , , , , , , , , , , , , , , , , , , , , , , , , ,9.0,101.7,2,50, , , , , , , , , , , , , , , , , , , , , , , , , , ,4,325
1989305N07105,1989,118,WP,MM,GAY,1989-11-02 21:00:00,TS,9.1,101.6, , , ,main,172,168,PP_P_P_____P___, ,WP321989,9.2,101.7, , ,55, ,0, , , , , , , , , , , , , , , , ,8.8,101.5,3,45,991,0, , ,9,60,60, , , , , , ,9.2,101.7,TS,48,993, , , , , , , , , , , ,9.3,101.7,CS, , , , , , , , , , , , , , , , , , , , , , , , , , , , , , , , , , , , , , , , , , , , , , , , , , , , , , , , , , , , , , , , ,9.1,101.6,2,58, , , , , , , , , , , , , , , , , , , , , , , , , , ,4,320
1989305N07105,1989,118,WP,MM,GAY,1989-11-03 00:00:00,TS,9.3,101.5,45,990,tokyo,main,174,173,OO_O_P_____O___,jtwc_wp,WP321989,9.3,101.5, , ,65, ,1, , , , , , , , , , , , , , , , ,9.0,101.4,3,45,990,0, , ,9,60,60,0, , , , , ,9.4,101.5,STS,50,990, , , , , , , , , , , ,9.4,101.6,CS, , , , , , , , , , , , , , , , , , , , , , , , , , , , , , , , , , , , , , , , , , , , , , , , , , , , , , , , , , , , , , , , ,9.3,101.5,3,65, , , , , , , , , , , , , , , , , , , , , , , , , , ,5,325
1989305N07105,1989,118,WP,MM,GAY,1989-11-03 03:00:00,TS,9.5,101.4, , , ,main,177,163,PP_P_O_____P___, ,WP321989,9.5,101.4, , ,70, ,1, , , , , , , , , , , , , , , , ,9.3,101.3,3,50,985,0, , ,9,70,70, , , , , , ,9.6,101.3,STS,55,988, , , , , , , , , , , ,9.5,101.5,CS,65, ,4.50000,21, , , , , , , , , , , , , , , , , , , , , , , , , , , , , , , , , , , , , , , , , , , , , , , , , , , , , , , , , , , , ,9.5,101.4,3,71, , , , , , , , , , , , , , , , , , , , , , , , , , ,6,325
1989305N07105,1989,118,WP,MM,GAY,1989-11-03 06:00:00,TS,9.8,101.2,55,980,tokyo,main,167,153,OO_O_P_____P___,jtwc_wp,WP321989,9.8,101.2, , ,75, ,1, , , , , , , , , , , , , , , , ,9.7,101.1,4,55,980,9,20,20,9,80,80,0, , , , , ,9.8,101.1,STS,60,985, , , , , , , , , , , ,9.7,101.4,CS, , , , , , , , , , , , , , , , , , , , , , , , , , , , , , , , , , , , , , , , , , , , , , , , , , , , , , , , , , , , , , , , ,9.8,101.2,3,78, , , , , , , , , , , , , , , , , , , , , , , , , , ,6,325
1989305N07105,1989,118,WP,MM,GAY,1989-11-03 09:00:00,TS,10.0,101.0, , , ,main,159,148,PP_P_P_____P___, ,WP321989,10.0,101.0, , ,83, ,2, , , , , , , , , , , , , , , , ,9.9,101.0,4,58,978,9,25,25,9,90,90, , , , , , ,10.0,100.9,STS,65,983, , , , , , , , , , , ,9.9,101.2,CS, , , , , , , , , , , , , , , , , , , , , , , , , , , , , , , , , , , , , , , , , , , , , , , , , , , , , , , , , , , , , , , , ,10.0,101.0,3,84, , , , , , , , , , , , , , , , , , , , , , , , , , ,5,315
1989305N07105,1989,118,WP,MM,GAY,1989-11-03 12:00:00,TS,10.1,100.8,60,975,tokyo,main,148,137,OO_O_P_____O___,jtwc_wp,WP321989,10.2,100.8, , ,90, ,2, , , , , , , , , , , , , , , , ,10.1,100.8,4,60,975,9,30,30,9,100,100,0, , , , , ,10.1,100.7,T,70,980, , , , , , , , , , , ,10.1,101.0,CS, , , , , , , , , , , , , , , , , , , , , , , , , , , , , , , , , , , , , , , , , , , , , , , , , , , , , , , , , , , , , , , , ,10.2,100.8,4,90, , , , , , , , , , , , , , , , , , , , , , , , , , ,5,305
1989305N07105,1989,118,WP,MM,GAY,1989-11-03 15:00:00,TS,10.3,100.6, , , ,main,137,113,PP_P_P_____P___, ,WP321989,10.3,100.5, , ,93, ,2, , , , , , , , , , , , , , , , ,10.2,100.6,4,63,973,9,30,30,9,100,100, , , , , , ,10.2,100.5,T,73,980, , , , , , , , , , , ,10.4,100.8,CS, , , , , , , , , , , , , , , , , , , , , , , , , , , , , , , , , , , , , , , , , , , , , , , , , , , , , , , , , , , , , , , , ,10.3,100.6,4,93, , , , , , , , , , , , , , , , , , , , , , , , , , ,5,300
1989305N07105,1989,118,WP,MM,GAY,1989-11-03 18:00:00,TS,10.4,100.4,65,970,tokyo,main,113,79,OO_O_P_____P___,jtwc_wp,WP321989,10.4,100.3, , ,95, ,2, , , , , , , , , , , , , , , , ,10.3,100.3,5,65,970,9,30,30,9,100,100,0, , , , , ,10.3,100.2,T,75,980, , , , , , , , , , , ,10.6,100.6,CS, , , , , , , , , , , , , , , , , , , , , , , , , , , , , , , , , , , , , , , , , , , , , , , , , , , , , , , , , , , , , , , , ,10.4,100.4,4,95, , , , , , , , , , , , , , , , , , , , , , , , , , ,5,295
1989305N07105,1989,118,WP,MM,GAY,1989-11-03 21:00:00,TS,10.5,100.1, , , ,main,79,46,PP_P_P_____P___, ,WP321989,10.4,100.1, , ,98, ,3, , , , , , , , , , , , , , , , ,10.4,100.1,5,70,965,9,30,30,9,100,100, , , , , , ,10.4,99.9,T,78,978, , , , , , , , , , , ,10.8,100.3,CS, , , , , , , , , , , , , , , , , , , , , , , , , , , , , , , , , , , , , , , , , , , , , , , , , , , , , , , , , , , , , , , , ,10.4,100.2,4,98, , , , , , , , , , , , , , , , , , , , , , , , , , ,6,295
1989305N07105,1989,118,NI,BB,GAY,1989-11-04 00:00:00,TS,10.6,99.8, , , ,main,46,21,OO_O_P_____O___,jtwc_wp,WP321989,10.5,99.9, , ,100, ,3, , , , , , , , , , , , , , , , ,10.6,99.8,5,75,960,9,30,30,9,100,100,0, , , , , ,10.6,99.6,T,80,975, , , , , , , , , , , ,10.9,99.9,CS, , , , , , , , , , , , , , , , , , , , , , , , , , , , , , , , , , , , , , , , , , , , , , , , , , , , , , , , , , , , , , , , ,10.5,99.9,4,100, , , , , , , , , , , , , , , , , , , , , , , , , , ,7,290
1989305N07105,1989,118,NI,BB,GAY,1989-11-04 03:00:00,TS,10.7,99.5,115, ,newdelhi,main,21,0,PP_P_O_____P___, ,WP321989,10.6,99.6, , ,100, ,3, , , , , , , , , , , , , , , , ,10.7,99.5,5,70,965,9,30,30,9,100,100, , , , , , ,10.7,99.3,T,75,980, , , , , , , , , , , ,11.0,99.5,SCS,115, ,5.50000,66, , , , , , , , , , , , , , , , , , , , , , , , , , , , , , , , , , , , , , , , , , , , , , , , , , , , , , , , , , , , ,10.7,99.5,4,91, , , , , , , , , , , , , , , , , , , , , , , , , , ,8,285
1989305N07105,1989,118,NI,BB,GAY,1989-11-04 06:00:00,TS,10.8,99.1, , , ,main,0,0,OO_O_P_____P___,jtwc_wp,WP321989,10.7,99.2, , ,100, ,3, , , , , , , , , , , , , , , , ,10.8,99.0,5,65,970,9,30,30,9,100,100,0, , , , , ,10.8,98.9,T,70,985, , , , , , , , , , , ,11.0,99.0,SCS,115, , ,66, , , , , , , , , , , , , , , , , , , , , , , , , , , , , , , , , , , , , , , , , , , , , , , , , , , , , , , , , , , , ,10.9,99.1,4,83, , , , , , , , , , , , , , , , , , , , , , , , , , ,9,285
1989305N07105,1989,118,NI,BB,GAY,1989-11-04 09:00:00,TS,11.0,98.6, , , ,main,10,10,PP_P_P_____P___, ,WP321989,11.0,98.8, , ,83, ,2, , , , , , , , , , , , , , , , ,11.0,98.3,5,63,973,9,30,30,9,100,100, , , , , , ,10.9,98.5,T,68,985, , , , , , , , , , , ,11.0,98.5,SCS,115, , ,66, , , , , , , , , , , , , , , , , , , , , , , , , , , , , , , , , , , , , , , , , , , , , , , , , , , , , , , , , , , , ,11.0,98.7,4,74, , , , , , , , , , , , , , , , , , , , , , , , , , ,9,285
1989305N07105,1989,118,NI,BB,GAY,1989-11-04 12:00:00,TS,11.1,98.2,115, ,newdelhi,main,54,54,OO_O_O_____O___,jtwc_wp,WP321989,11.2,98.3, , ,65, ,1, , , , , , , , , , , , , , , , ,11.3,97.5,4,60,975,9,30,30,9,100,100,0, , , , , ,11.0,98.2,T,65,985, , , , , , , , , , , ,11.0,98.0,SCS,115, ,5.50000,66, , , , , , , , , , , , , , , , , , , , , , , , , , , , , , , , , , , , , , , , , , , , , , , , , , , , , , , , , , , , ,11.2,98.3,4,65, , , , , , , , , , , , , , , , , , , , , , , , , , ,8,285
1989305N07105,1989,118,NI,BB,GAY,1989-11-04 15:00:00,TS,11.2,97.8, , , ,main,98,98,P__P_P_____P___, ,WP321989,11.3,97.9, , ,70, ,1, , , , , , , , , , , , , , , , , , , , , ,9, , ,9, , , , , , , , ,11.0,97.9,T,65,985, , , , , , , , , , , ,11.1,97.5,SCS, , , , , , , , , , , , , , , , , , , , , , , , , , , , , , , , , , , , , , , , , , , , , , , , , , , , , , , , , , , , , , , , ,11.3,97.9,4,70, , , , , , , , , , , , , , , , , , , , , , , , , , ,7,280
1989305N07105,1989,118,NI,BB,GAY,1989-11-04 18:00:00,TS,11.2,97.4, , , ,main,137,137,O__O_P_____P___,jtwc_wp,WP321989,11.3,97.5, , ,75, ,1, , , , , , , , , , , , , , , , , , , , , , , , , , , , , , , , , ,11.1,97.6,T,65,985, , , , , , , , , , , ,11.1,97.0,SCS, , , , , , , , , , , , , , , , , , , , , , , , , , , , , , , , , , , , , , , , , , , , , , , , , , , , , , , , , , , , , , , , ,11.3,97.6,4,75, , , , , , , , , , , , , , , , , , , , , , , , , , ,8,280
1989305N07105,1989,118,NI,BB,GAY,1989-11-04 21:00:00,TS,11.3,97.0, , , ,main,176,176,P__P_P_____P___, ,WP321989,11.3,97.2, , ,80, ,1, , , , , , , , , , , , , , , , , , , , , , , , , , , , , , , , , ,11.2,97.2,T,68,985, , , , , , , , , , , ,11.2,96.6,SCS, , , , , , , , , , , , , , , , , , , , , , , , , , , , , , , , , , , , , , , , , , , , , , , , , , , , , , , , , , , , , , , , ,11.3,97.2,4,80, , , , , , , , , , , , , , , , , , , , , , , , , , ,8,285
1989305N07105,1989,118,NI,BB,GAY,1989-11-05 00:00:00,TS,11.4,96.6, , , ,main,214,214,O__O_P_____O___,jtwc_wp,WP321989,11.4,96.8, , ,85, ,2, , , , , , , , , , , , , , , , , , , , , , , , , , , , , , , , , ,11.4,96.8,T,70,985, , , , , , , , , , , ,11.4,96.1,SCS, , , , , , , , , , , , , , , , , , , , , , , , , , , , , , , , , , , , , , , , , , , , , , , , , , , , , , , , , , , , , , , , ,11.4,96.8,4,85, , , , , , , , , , , , , , , , , , , , , , , , , , ,9,285
1989305N07105,1989,118,NI,BB,GAY,1989-11-05 03:00:00,TS,11.5,96.2, , , ,main,254,254,P__P_P_____P___, ,WP321989,11.5,96.4, , ,88, ,2, , , , , , , , , , , , , , , , , , , , , , , , , , , , , , , , , ,11.5,96.3,T,70,985, , , , , , , , , , , ,11.5,95.7,SCS, , , , , , , , , , , , , , , , , , , , , , , , , , , , , , , , , , , , , , , , , , , , , , , , , , , , , , , , , , , , , , , , ,11.5,96.3,4,88, , , , , , , , , , , , , , , , , , , , , , , , , , ,10,290
1989305N07105,1989,118,NI,BB,GAY,1989-11-05 06:00:00,TS,11.7,95.7, , , ,main,305,305,O__O_P_____P___,jtwc_wp,WP321989,11.7,95.9, , ,90, ,2, , , , , , , , , , , , , , , , , , , , , , , , , , , , , , , , , ,11.7,95.8,T,70,985, , , , , , , , , , , ,11.7,95.2,SCS, , , , , , , , , , , , , , , , , , , , , , , , , , , , , , , , , , , , , , , , , , , , , , , , , , , , , , , , , , , , , , , , ,11.7,95.9,4,90, , , , , , , , , , , , , , , , , , , , , , , , , , ,10,290
1989305N07105,1989,118,NI,BB,GAY,1989-11-05 09:00:00,TS,11.9,95.2, , , ,main,359,359,P__P_P_____P___, ,WP321989,11.9,95.4, , ,93, ,2, , , , , , , , , , , , , , , , , , , , , , , , , , , , , , , , , ,11.9,95.3,T,65,988, , , , , , , , , , , ,11.9,94.8,SCS, , , , , , , , , , , , , , , , , , , , , , , , , , , , , , , , , , , , , , , , , , , , , , , , , , , , , , , , , , , , , , , , ,11.8,95.3,4,93, , , , , , , , , , , , , , , , , , , , , , , , , , ,11,290
1989305N07105,1989,118,NI,BB,GAY,1989-11-05 12:00:00,TS,12.1,94.7, , , ,main,404,399,O__O_P_____O___,jtwc_wp,WP321989,12.0,94.8, , ,95, ,2, , , , , , , , , , , , , , , , , , , , , , , , , , , , , , , , , ,12.2,94.7,STS,60,990, , , , , , , , , , , ,12.1,94.3,SCS, , , , , , , , , , , , , , , , , , , , , , , , , , , , , , , , , , , , , , , , , , , , , , , , , , , , , , , , , , , , , , , , ,12.0,94.8,4,95, , , , , , , , , , , , , , , , , , , , , , , , , , ,11,290
1989305N07105,1989,118,NI,BB,GAY,1989-11-05 15:00:00,TS,12.2,94.1, , , ,main,403,395,P__P_P_____P___, ,WP321989,12.1,94.3, , ,95, ,2, , , , , , , , , , , , , , , , , , , , , , , , , , , , , , , , , ,12.4,94.1,STS,58,990, , , , , , , , , , , ,12.3,93.9,SCS, , , , , , , , , , , , , , , , , , , , , , , , , , , , , , , , , , , , , , , , , , , , , , , , , , , , , , , , , , , , , , , , ,12.1,94.3,4,95, , , , , , , , , , , , , , , , , , , , , , , , , , ,11,285
1989305N07105,1989,118,NI,BB,GAY,1989-11-05 18:00:00,TS,12.3,93.6, , , ,main,401,392,O__O_P_____P___,jtwc_wp,WP321989,12.2,93.8, , ,95, ,2, , , , , , , , , , , , , , , , , , , , , , , , , , , , , , , , , ,12.5,93.5,STS,55,990, , , , , , , , , , , ,12.4,93.4,SCS, , , , , , , , , , , , , , , , , , , , , , , , , , , , , , , , , , , , , , , , , , , , , , , , , , , , , , , , , , , , , , , , ,12.2,93.7,4,95, , , , , , , , , , , , , , , , , , , , , , , , , , ,11,280
1989305N07105,1989,118,NI,BB,GAY,1989-11-05 21:00:00,TS,12.4,93.1, , , ,main,405,399,P__P_P_____P___, ,WP321989,12.3,93.2, , ,95, ,2, , , , , , , , , , , , , , , , , , , , , , , , , , , , , , , , , ,12.6,92.9,STS,55,990, , , , , , , , , , , ,12.6,92.9,SCS, , , , , , , , , , , , , , , , , , , , , , , , , , , , , , , , , , , , , , , , , , , , , , , , , , , , , , , , , , , , , , , , ,12.3,93.2,4,95, , , , , , , , , , , , , , , , , , , , , , , , , , ,11,280
1989305N07105,1989,118,NI,BB,GAY,1989-11-06 00:00:00,TS,12.5,92.5, , , ,main,422,412,O__O_P_____O___,jtwc_wp,WP321989,12.4,92.6, , ,95, ,2, , , , , , , , , , , , , , , , , , , , , , , , , , , , , , , , , ,12.7,92.4,STS,55,990, , , , , , , , , , , ,12.8,92.5,SCS, , , , , , , , , , , , , , , , , , , , , , , , , , , , , , , , , , , , , , , , , , , , , , , , , , , , , , , , , , , , , , , , ,12.4,92.6,4,95, , , , , , , , , , , , , , , , , , , , , , , , , , ,12,285
1989305N07105,1989,118,NI,BB,GAY,1989-11-06 03:00:00,TS,12.7,91.9,110, ,newdelhi,main,439,430,P__P_O_____P___, ,WP321989,12.7,92.0, , ,95, ,2, , , , , , , , , , , , , , , , , , , , , , , , , , , , , , , , , ,12.8,91.8,STS,58,988, , , , , , , , , , , ,13.0,92.0,SCS,110, ,5.50000,60, , , , , , , , , , , , , , , , , , , , , , , , , , , , , , , , , , , , , , , , , , , , , , , , , , , , , , , , , , , , ,12.6,92.0,4,95, , , , , , , , , , , , , , , , , , , , , , , , , , ,12,290
1989305N07105,1989,118,NI,BB,GAY,1989-11-06 06:00:00,TS,13.0,91.3, , , ,main,458,458,O__O_P_____P___,jtwc_wp,WP321989,13.0,91.4, , ,95, ,2, , , , , , , , , , , , , , , , , , , , , , , , , , , , , , , , , ,13.0,91.2,STS,60,985, , , , , , , , , , , ,13.1,91.5,SCS, , , , , , , , , , , , , , , , , , , , , , , , , , , , , , , , , , , , , , , , , , , , , , , , , , , , , , , , , , , , , , , , ,12.9,91.4,4,95, , , , , , , , , , , , , , , , , , , , , , , , , , ,13,290
1989305N07105,1989,118,NI,BB,GAY,1989-11-06 09:00:00,TS,13.2,90.7, , , ,main,490,490,P__P_P_____P___, ,WP321989,13.2,90.8, , ,95, ,2, , , , , , , , , , , , , , , , , , , , , , , , , , , , , , , , , ,13.2,90.6,STS,63,983, , , , , , , , , , , ,13.2,91.1,SCS, , , , , , , , , , , , , , , , , , , , , , , , , , , , , , , , , , , , , , , , , , , , , , , , , , , , , , , , , , , , , , , , ,13.2,90.8,4,95, , , , , , , , , , , , , , , , , , , , , , , , , , ,12,290
1989305N07105,1989,118,NI,BB,GAY,1989-11-06 12:00:00,TS,13.4,90.2, , , ,main,519,519,O__O_P_____O___,jtwc_wp,WP321989,13.4,90.2, , ,95, ,2, , , , , , , , , , , , , , , , , , , , , , , , , , , , , , , , , ,13.4,90.1,T,65,980, , , , , , , , , , , ,13.4,90.6,SCS, , , , , , , , , , , , , , , , , , , , , , , , , , , , , , , , , , , , , , , , , , , , , , , , , , , , , , , , , , , , , , , , ,13.4,90.2,4,95, , , , , , , , , , , , , , , , , , , , , , , , , , ,12,285
1989305N07105,1989,118,NI,BB,GAY,1989-11-06 15:00:00,TS,13.5,89.6, , , ,main,568,568,P__P_P_____P___, ,WP321989,13.6,89.6, , ,95, ,2, , , , , , , , , , , , , , , , , , , , , , , , , , , , , , , , , ,13.5,89.5,T,68,978, , , , , , , , , , , ,13.5,90.1,SCS, , , , , , , , , , , , , , , , , , , , , , , , , , , , , , , , , , , , , , , , , , , , , , , , , , , , , , , , , , , , , , , , ,13.6,89.6,4,96, , , , , , , , , , , , , , , , , , , , , , , , , , ,11,285
1989305N07105,1989,118,NI,BB,GAY,1989-11-06 18:00:00,TS,13.7,89.1, , , ,main,605,605,O__O_P_____P___,jtwc_wp,WP321989,13.7,89.1, , ,95, ,2, , , , , , , , , , , , , , , , , , , , , , , , , , , , , , , , , ,13.6,89.0,T,70,975, , , , , , , , , , , ,13.6,89.6,SCS, , , , , , , , , , , , , , , , , , , , , , , , , , , , , , , , , , , , , , , , , , , , , , , , , , , , , , , , , , , , , , , , ,13.7,89.1,4,98, , , , , , , , , , , , , , , , , , , , , , , , , , ,10,285
1989305N07105,1989,118,NI,BB,GAY,1989-11-06 21:00:00,TS,13.8,88.6, , , ,main,650,650,P__P_P_____P___, ,WP321989,13.8,88.6, , ,98, ,3, , , , , , , , , , , , , , , , , , , , , , , , , , , , , , , , , ,13.7,88.5,T,75,973, , , , , , , , , , , ,13.7,89.1,SCS, , , , , , , , , , , , , , , , , , , , , , , , , , , , , , , , , , , , , , , , , , , , , , , , , , , , , , , , , , , , , , , , ,13.8,88.6,4,99, , , , , , , , , , , , , , , , , , , , , , , , , , ,10,285
1989305N07105,1989,118,NI,BB,GAY,1989-11-07 00:00:00,TS,13.9,88.1, , , ,main,652,609,O__O_P_____O___,jtwc_wp,WP321989,13.9,88.1, , ,100, ,3, , , , , , , , , , , , , , , , , , , , , , , , , , , , , , , , , ,13.9,88.0,T,80,970, , , , , , , , , , , ,13.8,88.6,SCS, , , , , , , , , , , , , , , , , , , , , , , , , , , , , , , , , , , , , , , , , , , , , , , , , , , , , , , , , , , , , , , , ,13.9,88.1,4,100, , , , , , , , , , , , , , , , , , , , , , , , , , ,10,285
1989305N07105,1989,118,NI,BB,GAY,1989-11-07 03:00:00,TS,14.1,87.6, , , ,main,600,559,P__P_P_____P___, ,WP321989,14.0,87.6, , ,103, ,3, , , , , , , , , , , , , , , , , , , , , , , , , , , , , , , , , ,14.1,87.5,T,83,968, , , , , , , , , , , ,13.9,88.1,SCS, , , , , , , , , , , , , , , , , , , , , , , , , , , , , , , , , , , , , , , , , , , , , , , , , , , , , , , , , , , , , , , , ,14.1,87.6,4,103, , , , , , , , , , , , , , , , , , , , , , , , , , ,10,290
1989305N07105,1989,118,NI,BB,GAY,1989-11-07 06:00:00,TS,14.2,87.1, , , ,main,559,518,O__O_P_____P___,jtwc_wp,WP321989,14.2,87.1, , ,105, ,3, , , , , , , , , , , , , , , , , , , , , , , , , , , , , , , , , ,14.2,87.0,ST,85,965, , , , , , , , , , , ,14.0,87.6,SCS, , , , , , , , , , , , , , , , , , , , , , , , , , , , , , , , , , , , , , , , , , , , , , , , , , , , , , , , , , , , , , , , ,14.2,87.1,4,105, , , , , , , , , , , , , , , , , , , , , , , , , , ,10,285
1989305N07105,1989,118,NI,BB,GAY,1989-11-07 09:00:00,TS,14.4,86.6, , , ,main,510,465,P__P_P_____P___, ,WP321989,14.4,86.6, , ,108, ,3, , , , , , , , , , , , , , , , , , , , , , , , , , , , , , , , , ,14.3,86.5,ST,88,963, , , , , , , , , , , ,14.0,87.0,SCS, , , , , , , , , , , , , , , , , , , , , , , , , , , , , , , , , , , , , , , , , , , , , , , , , , , , , , , , , , , , , , , , ,14.4,86.6,4,108, , , , , , , , , , , , , , , , , , , , , , , , , , ,10,285
1989305N07105,1989,118,NI,BB,GAY,1989-11-07 12:00:00,TS,14.5,86.1, , , ,main,465,424,O__O_P_____O___,jtwc_wp,WP321989,14.5,86.1, , ,110, ,3, , , , , , , , , , , , , , , , , , , , , , , , , , , , , , , , , ,14.4,86.0,ST,90,960, , , , , , , , , , , ,14.1,86.5,SCS, , , , , , , , , , , , , , , , , , , , , , , , , , , , , , , , , , , , , , , , , , , , , , , , , , , , , , , , , , , , , , , , ,14.5,86.1,4,110, , , , , , , , , , , , , , , , , , , , , , , , , , ,10,280
1989305N07105,1989,118,NI,BB,GAY,1989-11-07 15:00:00,TS,14.5,85.5, , , ,main,415,365,P__P_P_____P___, ,WP321989,14.6,85.6, , ,113, ,4, , , , , , , , , , , , , , , , , , , , , , , , , , , , , , , , , ,14.5,85.5,ST,88,963, , , , , , , , , , , ,14.2,85.9,SCS, , , , , , , , , , , , , , , , , , , , , , , , , , , , , , , , , , , , , , , , , , , , , , , , , , , , , , , , , , , , , , , , ,14.6,85.5,4,113, , , , , , , , , , , , , , , , , , , , , , , , , , ,10,275
1989305N07105,1989,118,NI,BB,GAY,1989-11-07 18:00:00,TS,14.6,85.0, , , ,main,365,317,O__O_P_____P___,jtwc_wp,WP321989,14.6,85.0, , ,115, ,4, , , , , , , , , , , , , , , , , , , , , , , , , , , , , , , , , ,14.5,85.0,ST,85,965, , , , , , , , , , , ,14.3,85.3,SCS, , , , , , , , , , , , , , , , , , , , , , , , , , , , , , , , , , , , , , , , , , , , , , , , , , , , , , , , , , , , , , , , ,14.6,85.0,4,115, , , , , , , , , , , , , , , , , , , , , , , , , , ,11,270
1989305N07105,1989,118,NI,BB,GAY,1989-11-07 21:00:00,TS,14.6,84.4, , , ,main,317,275,P__P_P_____P___, ,WP321989,14.6,84.4, , ,118, ,4, , , , , , , , , , , , , , , , , , , , , , , , , , , , , , , , , ,14.5,84.4,ST,83,968, , , , , , , , , , , ,14.4,84.7,SCS, , , , , , , , , , , , , , , , , , , , , , , , , , , , , , , , , , , , , , , , , , , , , , , , , , , , , , , , , , , , , , , , ,14.6,84.4,4,118, , , , , , , , , , , , , , , , , , , , , , , , , , ,12,270
1989305N07105,1989,118,NI,BB,GAY,1989-11-08 00:00:00,TS,14.6,83.8, , , ,main,275,248,O__O_P_____O___,jtwc_wp,WP321989,14.6,83.8, , ,120, ,4, , , , , , , , , , , , , , , , , , , , , , , , , , , , , , , , , ,14.5,83.8,T,80,970, , , , , , , , , , , ,14.4,84.1,SCS, , , , , , , , , , , , , , , , , , , , , , , , , , , , , , , , , , , , , , , , , , , , , , , , , , , , , , , , , , , , , , , , ,14.6,83.8,4,120, , , , , , , , , , , , , , , , , , , , , , , , , , ,11,270
1989305N07105,1989,118,NI,BB,GAY,1989-11-08 03:00:00,TS,14.6,83.2,115, ,newdelhi,main,243,218,P__P_O_____P___, ,WP321989,14.6,83.2, , ,125, ,4, , , , , , , , , , , , , , , , , , , , , , , , , , , , , , , , , ,14.5,83.2,T,75,975, , , , , , , , , , , ,14.5,83.4,SCS,115, ,6.00000,66, , , , , , , , , , , , , , , , , , , , , , , , , , , , , , , , , , , , , , , , , , , , , , , , , , , , , , , , , , , , ,14.6,83.2,4,124, , , , , , , , , , , , , , , , , , , , , , , , , , ,11,270
1989305N07105,1989,118,NI,BB,GAY,1989-11-08 06:00:00,TS,14.6,82.6, , , ,main,213,178,O__O_P_____P___,jtwc_wp,WP321989,14.6,82.6, , ,130, ,4, , , , , , , , , , , , , , , , , , , , , , , , , , , , , , , , , ,14.6,82.6,T,70,980, , , , , , , , , , , ,14.6,82.7,SCS,115, , ,66, , , , , , , , , , , , , , , , , , , , , , , , , , , , , , , , , , , , , , , , , , , , , , , , , , , , , , , , , , , , ,14.6,82.7,4,128, , , , , , , , , , , , , , , , , , , , , , , , , , ,12,275
1989305N07105,1989,118,NI,BB,GAY,1989-11-08 09:00:00,TS,14.6,82.0, , , ,main,170,129,P__P_P_____P___, ,WP321989,14.6,82.0, , ,133, ,4, , , , , , , , , , , , , , , , , , , , , , , , , , , , , , , , , ,14.6,82.0,T,65,983, , , , , , , , , , , ,14.6,82.0,SCS,115, , ,66, , , , , , , , , , , , , , , , , , , , , , , , , , , , , , , , , , , , , , , , , , , , , , , , , , , , , , , , , , , , ,14.7,82.1,4,131, , , , , , , , , , , , , , , , , , , , , , , , , , ,12,275
1989305N07105,1989,118,NI,BB,GAY,1989-11-08 12:00:00,TS,14.7,81.4,115, ,newdelhi,main,124,76,O__O_O_____O___,jtwc_wp,WP321989,14.7,81.5, , ,135, ,4, , , , , , , , , , , , , , , , , , , , , , , , , , , , , , , , , ,14.7,81.4,STS,60,985, , , , , , , , , , , ,14.7,81.3,SCS,115, ,6.00000,66, , , , , , , , , , , , , , , , , , , , , , , , , , , , , , , , , , , , , , , , , , , , , , , , , , , , , , , , , , , , ,14.7,81.5,4,135, , , , , , , , , , , , , , , , , , , , , , , , , , ,11,275
1989305N07105,1989,118,NI,BB,GAY,1989-11-08 15:00:00,TS,14.8,80.9, , , ,main,78,21,P__P_P_____P___, ,WP321989,14.7,81.0, , ,138, ,5, , , , , , , , , , , , , , , , , , , , , , , , , , , , , , , , , ,14.7,80.8,STS,55,990, , , , , , , , , , , ,14.8,80.7,SCS, , , , , , , , , , , , , , , , , , , , , , , , , , , , , , , , , , , , , , , , , , , , , , , , , , , , , , , , , , , , , , , , ,14.8,80.9,4,124, , , , , , , , , , , , , , , , , , , , , , , , , , ,11,275
1989305N07105,1989,118,NI,BB,GAY,1989-11-08 18:00:00,TS,14.8,80.3, , , ,main,21,0,O__O_P_____P___,jtwc_wp,WP321989,14.8,80.4, , ,140, ,5, , , , , , , , , , , , , , , , , , , , , , , , , , , , , , , , , ,14.8,80.3,STS,50,995, , , , , , , , , , , ,14.9,80.2,SCS, , , , , , , , , , , , , , , , , , , , , , , , , , , , , , , , , , , , , , , , , , , , , , , , , , , , , , , , , , , , , , , , ,14.9,80.3,4,113, , , , , , , , , , , , , , , , , , , , , , , , , , ,11,280
1989305N07105,1989,118,NI,BB,GAY,1989-11-08 21:00:00,TS,14.9,79.7, , , ,main,0,0,P__P_P_____P___, ,WP321989,14.9,79.8, , ,115, ,4, , , , , , , , , , , , , , , , , , , , , , , , , , , , , , , , , ,14.9,79.8,STS,45,998, , , , , , , , , , , ,15.0,79.7,SCS, , , , , , , , , , , , , , , , , , , , , , , , , , , , , , , , , , , , , , , , , , , , , , , , , , , , , , , , , , , , , , , , ,15.0,79.7,4,101, , , , , , , , , , , , , , , , , , , , , , , , , , ,11,280
1989305N07105,1989,118,NI,BB,GAY,1989-11-09 00:00:00,TS,15.1,79.1, , , ,main,0,0,O__O_P_____O___,jtwc_wp,WP321989,15.1,79.1, , ,90, ,2, , , , , , , , , , , , , , , , , , , , , , , , , , , , , , , , , ,14.9,79.2,TS,40,1000, , , , , , , , , , , ,15.1,79.2,SCS, , , , , , , , , , , , , , , , , , , , , , , , , , , , , , , , , , , , , , , , , , , , , , , , , , , , , , , , , , , , , , , , ,15.1,79.1,4,90, , , , , , , , , , , , , , , , , , , , , , , , , , ,12,280
1989305N07105,1989,118,NI,BB,GAY,1989-11-09 03:00:00,TS,15.2,78.5,25, ,newdelhi,main,0,0,P__P_O_____P___, ,WP321989,15.2,78.4, , ,68, ,1, , , , , , , , , , , , , , , , , , , , , , , , , , , , , , , , , ,14.8,78.6,TS,35,1003, , , , , , , , , , , ,15.2,78.8,D,25, ,1.50000,3, , , , , , , , , , , , , , , , , , , , , , , , , , , , , , , , , , , , , , , , , , , , , , , , , , , , , , , , , , , , ,15.2,78.4,4,76, , , , , , , , , , , , , , , , , , , , , , , , , , ,14,280
1989305N07105,1989,118,NI,AS,GAY,1989-11-09 06:00:00,TS,15.3,77.8, , , ,main,0,0,O__O_______P___,jtwc_wp,WP321989,15.4,77.7, , ,45, ,0, , , , , , , , , , , , , , , , , , , , , , , , , , , , , , , , , ,14.7,78.0,TD,30,1005, , , , , , , , , , , , , , , , , , , , , , , , , , , , , , , , , , , , , , , , , , , , , , , , , , , , , , , , , , , , , , , , , , , , , , , , , , , , , , ,15.3,77.8,4,63, , , , , , , , , , , , , , , , , , , , , , , , , , ,14,285
1989305N07105,1989,118,NI,AS,GAY,1989-11-09 09:00:00,TS,15.5,77.1, , , ,main,0,0,P__________P___, ,WP321989,15.6,77.1, , ,40, ,0, , , , , , , , , , , , , , , , , , , , , , , , , , , , , , , , , , , , , , , , , , , , , , , , , , , , , , , , , , , , , , , , , , , , , , , , , , , , , , , , , , , , , , , , , , , , , , , , , , , , , , , , , , , , , , , , , , , , ,15.5,77.1,4,49, , , , , , , , , , , , , , , , , , , , , , , , , , ,13,290
1989305N07105,1989,118,NI,AS,GAY,1989-11-09 12:00:00,TS,15.8,76.5, , , ,main,0,0,O__________O___,jtwc_wp,WP321989,15.8,76.5, , ,35, ,0, , , , , , , , , , , , , , , , , , , , , , , , , , , , , , , , , , , , , , , , , , , , , , , , , , , , , , , , , , , , , , , , , , , , , , , , , , , , , , , , , , , , , , , , , , , , , , , , , , , , , , , , , , , , , , , , , , , , ,15.8,76.5,2,35, , , , , , , , , , , , , , , , , , , , , , , , , , ,13,300
1989305N07105,1989,118,NI,AS,GAY,1989-11-09 15:00:00,TS,16.2,76.0, , , ,main,0,0,P__________P___, ,WP321989,16.2,76.0, , ,30, ,-1, , , , , , , , , , , , , , , , , , , , , , , , , , , , , , , , , , , , , , , , , , , , , , , , , , , , , , , , , , , , , , , , , , , , , , , , , , , , , , , , , , , , , , , , , , , , , , , , , , , , , , , , , , , , , , , , , , , , ,16.2,75.9,2,31, , , , , , , , , , , , , , , , , , , , , , , , , , ,13,310
1989305N07105,1989,118,NI,AS,GAY,1989-11-09 18:00:00,TS,16.7,75.5, , , ,main,0,0,O__________P___,jtwc_wp,WP321989,16.6,75.5, , ,25, ,-1, , , , , , , , , , , , , , , , , , , , , , , , , , , , , , , , , , , , , , , , , , , , , , , , , , , , , , , , , , , , , , , , , , , , , , , , , , , , , , , , , , , , , , , , , , , , , , , , , , , , , , , , , , , , , , , , , , , , ,16.7,75.4,2,28, , , , , , , , , , , , , , , , , , , , , , , , , , ,13,315
1989305N07105,1989,118,NI,AS,GAY,1989-11-09 21:00:00,TS,17.2,75.0, , , ,main,0,0,P__________P___, ,WP321989,17.1,75.0, , ,23, ,-1, , , , , , , , , , , , , , , , , , , , , , , , , , , , , , , , , , , , , , , , , , , , , , , , , , , , , , , , , , , , , , , , , , , , , , , , , , , , , , , , , , , , , , , , , , , , , , , , , , , , , , , , , , , , , , , , , , , , ,17.2,75.0,2,24, , , , , , , , , , , , , , , , , , , , , , , , , , ,13,320
1989305N07105,1989,118,NI,AS,GAY,1989-11-10 00:00:00,TS,17.6,74.6, , , ,main,0,0,O__________O___,jtwc_wp,WP321989,17.6,74.6, , ,20, ,-1, , , , , , , , , , , , , , , , , , , , , , , , , , , , , , , , , , , , , , , , , , , , , , , , , , , , , , , , , , , , , , , , , , , , , , , , , , , , , , , , , , , , , , , , , , , , , , , , , , , , , , , , , , , , , , , , , , , , ,17.6,74.6,1,20, , , , , , , , , , , , , , , , , , , , , , , , , , ,10,315
1989305N07105,1989,118,NI,AS,GAY,1989-11-10 03:00:00,TS,17.9,74.3, , , ,main,0,0,P__________P___, ,WP321989,17.9,74.3, , ,18, ,-1, , , , , , , , , , , , , , , , , , , , , , , , , , , , , , , , , , , , , , , , , , , , , , , , , , , , , , , , , , , , , , , , , , , , , , , , , , , , , , , , , , , , , , , , , , , , , , , , , , , , , , , , , , , , , , , , , , , , ,17.9,74.3,1,18, , , , , , , , , , , , , , , , , , , , , , , , , , ,8,310
1989305N07105,1989,118,NI,AS,GAY,1989-11-10 06:00:00,TS,18.1,74.0, , , ,main,0, ,O__________O___,jtwc_wp,WP321989,18.1,74.0, , ,15, ,-1, , , , , , , , , , , , , , , , , , , , , , , , , , , , , , , , , , , , , , , , , , , , , , , , , , , , , , , , , , , , , , , , , , , , , , , , , , , , , , , , , , , , , , , , , , , , , , , , , , , , , , , , , , , , , , , , , , , , ,18.1,74.0,1,15, , , , , , , , , , , , , , , , , , , , , , , , , , ,7,310
1991113N10091,1991,20,NI,BB,UNNAMED,1991-04-22 18:00:00,NR,10.0,91.2, , , ,main,661,653,O______________,jtwc_io,IO021991,10.0,91.2, , ,20, ,-1, , , , , , , , , , , , , , , , , , , , , , , , , , , , , , , , , , , , , , , , , , , , , , , , , , , , , , , , , , , , , , , , , , , , , , , , , , , , , , , , , , , , , , , , , , , , , , , , , , , , , , , , , , , , , , , , , , , , , , , , , , , , , , , , , , , , , , , , , , , , , , , , , , ,4,215
1991113N10091,1991,20,NI,BB,UNNAMED,1991-04-22 21:00:00,NR,9.8,91.1, , , ,main,652,652,P______________, ,IO021991,9.8,91.1, , ,20, ,-1, , , , , , , , , , , , , , , , , , , , , , , , , , , , , , , , , , , , , , , , , , , , , , , , , , , , , , , , , , , , , , , , , , , , , , , , , , , , , , , , , , , , , , , , , , , , , , , , , , , , , , , , , , , , , , , , , , , , , , , , , , , , , , , , , , , , , , , , , , , , , , , , , , ,4,215
1991113N10091,1991,20,NI,BB,UNNAMED,1991-04-23 00:00:00,NR,9.7,91.0, , , ,main,652,644,O______________,jtwc_io,IO021991,9.7,91.0, , ,20, ,-1, , , , , , , , , , , , , , , , , , , , , , , , , , , , , , , , , , , , , , , , , , , , , , , , , , , , , , , , , , , , , , , , , , , , , , , , , , , , , , , , , , , , , , , , , , , , , , , , , , , , , , , , , , , , , , , , , , , , , , , , , , , , , , , , , , , , , , , , , , , , , , , , , , ,3,215
1991113N10091,1991,20,NI,BB,UNNAMED,1991-04-23 03:00:00,NR,9.6,90.9, , , ,main,652,644,P______________, ,IO021991,9.6,90.9, , ,20, ,-1, , , , , , , , , , , , , , , , , , , , , , , , , , , , , , , , , , , , , , , , , , , , , , , , , , , , , , , , , , , , , , , , , , , , , , , , , , , , , , , , , , , , , , , , , , , , , , , , , , , , , , , , , , , , , , , , , , , , , , , , , , , , , , , , , , , , , , , , , , , , , , , , , , ,3,225
1991113N10091,1991,20,NI,BB,UNNAMED,1991-04-23 06:00:00,NR,9.5,90.8, , , ,main,653,653,O______________,jtwc_io,IO021991,9.5,90.8, , ,20, ,-1, , , , , , , , , , , , , , , , , , , , , , , , , , , , , , , , , , , , , , , , , , , , , , , , , , , , , , , , , , , , , , , , , , , , , , , , , , , , , , , , , , , , , , , , , , , , , , , , , , , , , , , , , , , , , , , , , , , , , , , , , , , , , , , , , , , , , , , , , , , , , , , , , , ,3,240
1991113N10091,1991,20,NI,BB,UNNAMED,1991-04-23 09:00:00,NR,9.4,90.7, , , ,main,654,654,P______________, ,IO021991,9.4,90.7, , ,23, ,-1, , , , , , , , , , , , , , , , , , , , , , , , , , , , , , , , , , , , , , , , , , , , , , , , , , , , , , , , , , , , , , , , , , , , , , , , , , , , , , , , , , , , , , , , , , , , , , , , , , , , , , , , , , , , , , , , , , , , , , , , , , , , , , , , , , , , , , , , , , , , , , , , , , ,3,250
1991113N10091,1991,20,NI,BB,UNNAMED,1991-04-23 12:00:00,NR,9.4,90.5, , , ,main,670,670,O______________,jtwc_io,IO021991,9.4,90.5, , ,25, ,-1, , , , , , , , , , , , , , , , , , , , , , , , , , , , , , , , , , , , , , , , , , , , , , , , , , , , , , , , , , , , , , , , , , , , , , , , , , , , , , , , , , , , , , , , , , , , , , , , , , , , , , , , , , , , , , , , , , , , , , , , , , , , , , , , , , , , , , , , , , , , , , , , , , ,4,265
1991113N10091,1991,20,NI,BB,UNNAMED,1991-04-23 15:00:00,NR,9.4,90.3, , , ,main,688,688,P______________, ,IO021991,9.4,90.3, , ,25, ,-1, , , , , , , , , , , , , , , , , , , , , , , , , , , , , , , , , , , , , , , , , , , , , , , , , , , , , , , , , , , , , , , , , , , , , , , , , , , , , , , , , , , , , , , , , , , , , , , , , , , , , , , , , , , , , , , , , , , , , , , , , , , , , , , , , , , , , , , , , , , , , , , , , , ,4,270
1991113N10091,1991,20,NI,BB,UNNAMED,1991-04-23 18:00:00,NR,9.4,90.1, , , ,main,705,705,O______________,jtwc_io,IO021991,9.4,90.1, , ,25, ,-1, , , , , , , , , , , , , , , , , , , , , , , , , , , , , , , , , , , , , , , , , , , , , , , , , , , , , , , , , , , , , , , , , , , , , , , , , , , , , , , , , , , , , , , , , , , , , , , , , , , , , , , , , , , , , , , , , , , , , , , , , , , , , , , , , , , , , , , , , , , , , , , , , , ,4,270
1991113N10091,1991,20,NI,BB,UNNAMED,1991-04-23 21:00:00,NR,9.4,89.9, , , ,main,723,716,P______________, ,IO021991,9.4,89.9, , ,25, ,-1, , , , , , , , , , , , , , , , , , , , , , , , , , , , , , , , , , , , , , , , , , , , , , , , , , , , , , , , , , , , , , , , , , , , , , , , , , , , , , , , , , , , , , , , , , , , , , , , , , , , , , , , , , , , , , , , , , , , , , , , , , , , , , , , , , , , , , , , , , , , , , , , , , ,5,250
1991113N10091,1991,20,NI,BB,UNNAMED,1991-04-24 00:00:00,NR,9.2,89.6, ,1002,newdelhi,main,737,737,O____O_________,jtwc_io,IO021991,9.4,89.8, , ,25, ,-1, , , , , , , , , , , , , , , , , , , , , , , , , , , , , , , , , , , , , , , , , , , , , , , , , ,8.5,89.0, , ,1002,0.00000,2,1004, , , , , , , , , , , , , , , , , , , , , , , , , , , , , , , , , , , , , , , , , , , , , , , , , , , , , , , , , , , , , , , , , , , , , , , , , , , , , , , , , , , , , , , , , ,5,250
1991113N10091,1991,20,NI,BB,UNNAMED,1991-04-24 03:00:00,NR,9.2,89.4, , , ,main,756,756,P____P_________, ,IO021991,9.4,89.6, , ,28, ,-1, , , , , , , , , , , , , , , , , , , , , , , , , , , , , , , , , , , , , , , , , , , , , , , , , ,8.8,89.0, , ,1002, ,2,1004, , , , , , , , , , , , , , , , , , , , , , , , , , , , , , , , , , , , , , , , , , , , , , , , , , , , , , , , , , , , , , , , , , , , , , , , , , , , , , , , , , , , , , , , , ,4,280
1991113N10091,1991,20,NI,BB,UNNAMED,1991-04-24 06:00:00,NR,9.3,89.3, ,1002,newdelhi,main,771,771,O____O_________,jtwc_io,IO021991,9.5,89.5, , ,30, ,-1, , , , , , , , , , , , , , , , , , , , , , , , , , , , , , , , , , , , , , , , , , , , , , , , , ,9.0,89.0, , ,1002,0.00000,2,1004, , , , , , , , , , , , , , , , , , , , , , , , , , , , , , , , , , , , , , , , , , , , , , , , , , , , , , , , , , , , , , , , , , , , , , , , , , , , , , , , , , , , , , , , , ,3,310
1991113N10091,1991,20,NI,BB,UNNAMED,1991-04-24 09:00:00,NR,9.4,89.2, , , ,main,787,787,P____P_________, ,IO021991,9.6,89.4, , ,30, ,-1, , , , , , , , , , , , , , , , , , , , , , , , , , , , , , , , , , , , , , , , , , , , , , , , , ,9.2,89.0, , ,1002, ,3,1005, , , , , , , , , , , , , , , , , , , , , , , , , , , , , , , , , , , , , , , , , , , , , , , , , , , , , , , , , , , , , , , , , , , , , , , , , , , , , , , , , , , , , , , , , ,3,335
1991113N10091,1991,20,NI,BB,UNNAMED,1991-04-24 12:00:00,NR,9.6,89.2,25,1002,newdelhi,main,799,799,O____O_________,jtwc_io,IO021991,9.7,89.3, , ,30, ,-1, , , , , , , , , , , , , , , , , , , , , , , , , , , , , , , , , , , , , , , , , , , , , , , , , ,9.5,89.0, ,25,1002,1.50000,4,1006, , , , , , , , , , , , , , , , , , , , , , , , , , , , , , , , , , , , , , , , , , , , , , , , , , , , , , , , , , , , , , , , , , , , , , , , , , , , , , , , , , , , , , , , , ,4,350
1991113N10091,1991,20,NI,BB,UNNAMED,1991-04-24 15:00:00,NR,9.8,89.1, , , ,main,820,820,P____P_________, ,IO021991,9.9,89.2, , ,33, ,-1, , , , , , , , , , , , , , , , , , , , , , , , , , , , , , , , , , , , , , , , , , , , , , , , , ,9.7,89.0, ,25,1002, ,4,1006, , , , , , , , , , , , , , , , , , , , , , , , , , , , , , , , , , , , , , , , , , , , , , , , , , , , , , , , , , , , , , , , , , , , , , , , , , , , , , , , , , , , , , , , , ,5,350
1991113N10091,1991,20,NI,BB,UNNAMED,1991-04-24 18:00:00,NR,10.1,89.1,25,1002,newdelhi,main,840,839,O____O_________,jtwc_io,IO021991,10.2,89.1, , ,35, ,0, , , , , , , , , , , , , , , , , , , , , , , , , , , , , , , , , , , , , , , , , , , , , , , , , ,10.0,89.0, ,25,1002,1.50000,4,1006, , , , , , , , , , , , , , , , , , , , , , , , , , , , , , , , , , , , , , , , , , , , , , , , , , , , , , , , , , , , , , , , , , , , , , , , , , , , , , , , , , , , , , , , , ,5,350
1991113N10091,1991,20,NI,BB,UNNAMED,1991-04-24 21:00:00,NR,10.4,89.0, , , ,main,841,832,P____P_________, ,IO021991,10.5,89.0, , ,35, ,0, , , , , , , , , , , , , , , , , , , , , , , , , , , , , , , , , , , , , , , , , , , , , , , , , ,10.2,89.0, ,25,1002, ,4,1006, , , , , , , , , , , , , , , , , , , , , , , , , , , , , , , , , , , , , , , , , , , , , , , , , , , , , , , , , , , , , , , , , , , , , , , , , , , , , , , , , , , , , , , , , ,5,345
1991113N10091,1991,20,NI,BB,UNNAMED,1991-04-25 00:00:00,NR,10.6,88.9,25,1002,newdelhi,main,832,824,O____O_________,jtwc_io,IO021991,10.7,88.8, , ,35, ,0, , , , , , , , , , , , , , , , , , , , , , , , , , , , , , , , , , , , , , , , , , , , , , , , , ,10.5,89.0, ,25,1002,1.50000,4,1006, , , , , , , , , , , , , , , , , , , , , , , , , , , , , , , , , , , , , , , , , , , , , , , , , , , , , , , , , , , , , , , , , , , , , , , , , , , , , , , , , , , , , , , , , ,6,330
1991113N10091,1991,20,NI,BB,UNNAMED,1991-04-25 03:00:00,NR,10.8,88.7, , , ,main,832,823,P____P_________, ,IO021991,10.9,88.6, , ,38, ,0, , , , , , , , , , , , , , , , , , , , , , , , , , , , , , , , , , , , , , , , , , , , , , , , , ,10.8,88.8, ,28,1001, ,5,1006, , , , , , , , , , , , , , , , , , , , , , , , , , , , , , , , , , , , , , , , , , , , , , , , , , , , , , , , , , , , , , , , , , , , , , , , , , , , , , , , , , , , , , , , , ,6,310
1991113N10091,1991,20,NI,BB,UNNAMED,1991-04-25 06:00:00,NR,11.0,88.5,30,1000,newdelhi,main,828,803,O____O_________,jtwc_io,IO021991,11.0,88.4, , ,40, ,0, , , , , , , , , , , , , , , , , , , , , , , , , , , , , , , , , , , , , , , , , , , , , , , , , ,11.0,88.5, ,30,1000,2.00000,6,1006, , , , , , , , , , , , , , , , , , , , , , , , , , , , , , , , , , , , , , , , , , , , , , , , , , , , , , , , , , , , , , , , , , , , , , , , , , , , , , , , , , , , , , , , , ,5,295
1991113N10091,1991,20,NI,BB,UNNAMED,1991-04-25 09:00:00,NR,11.1,88.2, , , ,main,803,783,P____P_________, ,IO021991,11.1,88.2, , ,40, ,0, , , , , , , , , , , , , , , , , , , , , , , , , , , , , , , , , , , , , , , , , , , , , , , , , ,11.0,88.2, ,33,998, ,7,1005, , , , , , , , , , , , , , , , , , , , , , , , , , , , , , , , , , , , , , , , , , , , , , , , , , , , , , , , , , , , , , , , , , , , , , , , , , , , , , , , , , , , , , , , , ,5,285
1991113N10091,1991,20,NI,BB,UNNAMED,1991-04-25 12:00:00,NR,11.1,88.0,35,996,newdelhi,main,783,773,O____O_________,jtwc_io,IO021991,11.2,88.0, , ,40, ,0, , , , , , , , , , , , , , , , , , , , , , , , , , , , , , , , , , , , , , , , , , , , , , , , , ,11.0,88.0, ,35,996,2.50000,8,1004, , , , , , , , , , , , , , , , , , , , , , , , , , , , , , , , , , , , , , , , , , , , , , , , , , , , , , , , , , , , , , , , , , , , , , , , , , , , , , , , , , , , , , , , , ,3,280
1991113N10091,1991,20,NI,BB,UNNAMED,1991-04-25 15:00:00,NR,11.1,87.9, , , ,main,773,773,P____P_________, ,IO021991,11.3,87.8, , ,43, ,0, , , , , , , , , , , , , , , , , , , , , , , , , , , , , , , , , , , , , , , , , , , , , , , , , ,11.0,88.0, ,35,997, ,8,1005, , , , , , , , , , , , , , , , , , , , , , , , , , , , , , , , , , , , , , , , , , , , , , , , , , , , , , , , , , , , , , , , , , , , , , , , , , , , , , , , , , , , , , , , , ,2,290
1991113N10091,1991,20,NI,BB,UNNAMED,1991-04-25 18:00:00,NR,11.2,87.9,35,998,newdelhi,main,778,758,O____O_________,jtwc_io,IO021991,11.3,87.7, , ,45, ,0, , , , , , , , , , , , , , , , , , , , , , , , , , , , , , , , , , , , , , , , , , , , , , , , , ,11.0,88.0, ,35,998,2.50000,8,1006, , , , , , , , , , , , , , , , , , , , , , , , , , , , , , , , , , , , , , , , , , , , , , , , , , , , , , , , , , , , , , , , , , , , , , , , , , , , , , , , , , , , , , , , , ,3,280
1991113N10091,1991,20,NI,BB,UNNAMED,1991-04-25 21:00:00,NR,11.2,87.6, , , ,main,748,738,P____P_________, ,IO021991,11.3,87.5, , ,48, ,0, , , , , , , , , , , , , , , , , , , , , , , , , , , , , , , , , , , , , , , , , , , , , , , , , ,11.0,87.8, ,40,996, ,9,1005, , , , , , , , , , , , , , , , , , , , , , , , , , , , , , , , , , , , , , , , , , , , , , , , , , , , , , , , , , , , , , , , , , , , , , , , , , , , , , , , , , , , , , , , , ,4,275
1991113N10091,1991,20,NI,BB,UNNAMED,1991-04-26 00:00:00,NR,11.2,87.5,45,994,newdelhi,main,738,728,O____O_________,jtwc_io,IO021991,11.4,87.4, , ,50, ,0, , , , , , , , , , , , , , , , , , , , , , , , , , , , , , , , , , , , , , , , , , , , , , , , , ,11.0,87.5, ,45,994,3.00000,10,1004, , , , , , , , , , , , , , , , , , , , , , , , , , , , , , , , , , , , , , , , , , , , , , , , , , , , , , , , , , , , , , , , , , , , , , , , , , , , , , , , , , , , , , , , , ,3,280
1991113N10091,1991,20,NI,BB,UNNAMED,1991-04-26 03:00:00,NR,11.2,87.4, , , ,main,728,718,P____P_________, ,IO021991,11.5,87.3, , ,50, ,0, , , , , , , , , , , , , , , , , , , , , , , , , , , , , , , , , , , , , , , , , , , , , , , , , ,11.0,87.5, ,50,993, ,13,1005, , , , , , , , , , , , , , , , , , , , , , , , , , , , , , , , , , , , , , , , , , , , , , , , , , , , , , , , , , , , , , , , , , , , , , , , , , , , , , , , , , , , , , , , , ,1,315
1991113N10091,1991,20,NI,BB,UNNAMED,1991-04-26 06:00:00,NR,11.3,87.4,55,991,newdelhi,main,733,733,O____O_________,jtwc_io,IO021991,11.6,87.2, , ,50, ,0, , , , , , , , , , , , , , , , , , , , , , , , , , , , , , , , , , , , , , , , , , , , , , , , , ,11.0,87.5, ,55,991,3.50000,15,1006, , , , , , , , , , , , , , , , , , , , , , , , , , , , , , , , , , , , , , , , , , , , , , , , , , , , , , , , , , , , , , , , , , , , , , , , , , , , , , , , , , , , , , , , , ,3,0
1991113N10091,1991,20,NI,BB,UNNAMED,1991-04-26 09:00:00,NR,11.5,87.4, , , ,main,743,743,P____P_________, ,IO021991,11.7,87.2, , ,53, ,0, , , , , , , , , , , , , , , , , , , , , , , , , , , , , , , , , , , , , , , , , , , , , , , , , ,11.2,87.5, ,55,989, ,15,1004, , , , , , , , , , , , , , , , , , , , , , , , , , , , , , , , , , , , , , , , , , , , , , , , , , , , , , , , , , , , , , , , , , , , , , , , , , , , , , , , , , , , , , , , , ,4,10
1991113N10091,1991,20,NI,BB,UNNAMED,1991-04-26 12:00:00,NR,11.7,87.4,55,987,newdelhi,main,754,744,O____O_________,jtwc_io,IO021991,11.9,87.3, , ,55, ,0, , , , , , , , , , , , , , , , , , , , , , , , , , , , , , , , , , , , , , , , , , , , , , , , , ,11.5,87.5, ,55,987,3.50000,15,1002, , , , , , , , , , , , , , , , , , , , , , , , , , , , , , , , , , , , , , , , , , , , , , , , , , , , , , , , , , , , , , , , , , , , , , , , , , , , , , , , , , , , , , , , , ,3,345
1991113N10091,1991,20,NI,BB,UNNAMED,1991-04-26 15:00:00,NR,11.8,87.3, , , ,main,750,740,P____P_________, ,IO021991,12.0,87.4, , ,58, ,0, , , , , , , , , , , , , , , , , , , , , , , , , , , , , , , , , , , , , , , , , , , , , , , , , ,11.5,87.2, ,55,989, ,15,1004, , , , , , , , , , , , , , , , , , , , , , , , , , , , , , , , , , , , , , , , , , , , , , , , , , , , , , , , , , , , , , , , , , , , , , , , , , , , , , , , , , , , , , , , , ,2,310
1991113N10091,1991,20,NI,BB,UNNAMED,1991-04-26 18:00:00,NR,11.9,87.2,55,991,newdelhi,main,745,737,O____O_________,jtwc_io,IO021991,12.2,87.4, , ,60, ,0, , , , , , , , , , , , , , , , , , , , , , , , , , , , , , , , , , , , , , , , , , , , , , , , , ,11.5,87.0, ,55,991,3.50000,15,1006, , , , , , , , , , , , , , , , , , , , , , , , , , , , , , , , , , , , , , , , , , , , , , , , , , , , , , , , , , , , , , , , , , , , , , , , , , , , , , , , , , , , , , , , , ,3,340
1991113N10091,1991,20,NI,BB,UNNAMED,1991-04-26 21:00:00,NR,12.0,87.2, , , ,main,737,714,P____P_________, ,IO021991,12.4,87.5, , ,63, ,0, , , , , , , , , , , , , , , , , , , , , , , , , , , , , , , , , , , , , , , , , , , , , , , , , ,11.6,87.0, ,55,990, ,15,1005, , , , , , , , , , , , , , , , , , , , , , , , , , , , , , , , , , , , , , , , , , , , , , , , , , , , , , , , , , , , , , , , , , , , , , , , , , , , , , , , , , , , , , , , , ,5,5
1991113N10091,1991,20,NI,BB,UNNAMED,1991-04-27 00:00:00,NR,12.4,87.3,55,989,newdelhi,main,714,677,O____O_________,jtwc_io,IO021991,12.7,87.5, , ,65, ,1, , , , , , , , , , , , , , , , , , , , , , , , , , , , , , , , , , , , , , , , , , , , , , , , , ,12.0,87.0, ,55,989,3.50000,15,1004, , , , , , , , , , , , , , , , , , , , , , , , , , , , , , , , , , , , , , , , , , , , , , , , , , , , , , , , , , , , , , , , , , , , , , , , , , , , , , , , , , , , , , , , , ,8,0
1991113N10091,1991,20,NI,BB,UNNAMED,1991-04-27 03:00:00,NR,12.9,87.2, , , ,main,670,636,P____P_________, ,IO021991,13.0,87.5, , ,70, ,1, , , , , , , , , , , , , , , , , , , , , , , , , , , , , , , , , , , , , , , , , , , , , , , , , ,12.7,87.0, ,66,982, ,22,1004, , , , , , , , , , , , , , , , , , , , , , , , , , , , , , , , , , , , , , , , , , , , , , , , , , , , , , , , , , , , , , , , , , , , , , , , , , , , , , , , , , , , , , , , , ,11,355
1991113N10091,1991,20,NI,BB,UNNAMED,1991-04-27 06:00:00,NR,13.4,87.2,77,974,newdelhi,main,636,602,O____O_________,jtwc_io,IO021991,13.3,87.4, , ,75, ,1, , , , , , , , , , , , , , , , , , , , , , , , , , , , , , , , , , , , , , , , , , , , , , , , , ,13.5,87.0, ,77,974,4.50000,29,1004, , , , , , , , , , , , , , , , , , , , , , , , , , , , , , , , , , , , , , , , , , , , , , , , , , , , , , , , , , , , , , , , , , , , , , , , , , , , , , , , , , , , , , , , , ,10,355
1991113N10091,1991,20,NI,BB,UNNAMED,1991-04-27 09:00:00,NR,13.9,87.2, , , ,main,593,565,P____P_________, ,IO021991,13.6,87.4, , ,78, ,1, , , , , , , , , , , , , , , , , , , , , , , , , , , , , , , , , , , , , , , , , , , , , , , , , ,14.1,87.0, ,77,973, ,29,1003, , , , , , , , , , , , , , , , , , , , , , , , , , , , , , , , , , , , , , , , , , , , , , , , , , , , , , , , , , , , , , , , , , , , , , , , , , , , , , , , , , , , , , , , , ,8,0
1991113N10091,1991,20,NI,BB,UNNAMED,1991-04-27 12:00:00,NR,14.2,87.2,77,972,newdelhi,main,565,547,O____O_________,jtwc_io,IO021991,13.9,87.4, , ,80, ,1, , , , , , , , , , , , , , , , , , , , , , , , , , , , , , , , , , , , , , , , , , , , , , , , , ,14.5,87.0, ,77,972,4.50000,29,1002, , , , , , , , , , , , , , , , , , , , , , , , , , , , , , , , , , , , , , , , , , , , , , , , , , , , , , , , , , , , , , , , , , , , , , , , , , , , , , , , , , , , , , , , , ,5,0
1991113N10091,1991,20,NI,BB,UNNAMED,1991-04-27 15:00:00,NR,14.4,87.2, , , ,main,547,538,P____P_________, ,IO021991,14.2,87.4, , ,83, ,2, , , , , , , , , , , , , , , , , , , , , , , , , , , , , , , , , , , , , , , , , , , , , , , , , ,14.5,87.0, ,77,973, ,29,1003, , , , , , , , , , , , , , , , , , , , , , , , , , , , , , , , , , , , , , , , , , , , , , , , , , , , , , , , , , , , , , , , , , , , , , , , , , , , , , , , , , , , , , , , , ,3,0
1991113N10091,1991,20,NI,BB,UNNAMED,1991-04-27 18:00:00,NR,14.5,87.2,77,974,newdelhi,main,538,521,O____O_________,jtwc_io,IO021991,14.5,87.4, , ,85, ,2, , , , , , , , , , , , , , , , , , , , , , , , , , , , , , , , , , , , , , , , , , , , , , , , , ,14.5,87.0, ,77,974,4.50000,29,1004, , , , , , , , , , , , , , , , , , , , , , , , , , , , , , , , , , , , , , , , , , , , , , , , , , , , , , , , , , , , , , , , , , , , , , , , , , , , , , , , , , , , , , , , , ,4,15
1991113N10091,1991,20,NI,BB,UNNAMED,1991-04-27 21:00:00,NR,14.7,87.3, , , ,main,527,509,P____P_________, ,IO021991,14.7,87.5, , ,88, ,2, , , , , , , , , , , , , , , , , , , , , , , , , , , , , , , , , , , , , , , , , , , , , , , , , ,14.7,87.1, ,77,973, ,29,1003, , , , , , , , , , , , , , , , , , , , , , , , , , , , , , , , , , , , , , , , , , , , , , , , , , , , , , , , , , , , , , , , , , , , , , , , , , , , , , , , , , , , , , , , , ,5,20
1991113N10091,1991,20,NI,BB,UNNAMED,1991-04-28 00:00:00,NR,15.0,87.4,77,972,newdelhi,main,509,493,O____O_________,jtwc_io,IO021991,15.0,87.6, , ,90, ,2, , , , , , , , , , , , , , , , , , , , , , , , , , , , , , , , , , , , , , , , , , , , , , , , , ,15.0,87.2, ,77,972,4.50000,29,1002, , , , , , , , , , , , , , , , , , , , , , , , , , , , , , , , , , , , , , , , , , , , , , , , , , , , , , , , , , , , , , , , , , , , , , , , , , , , , , , , , , , , , , , , , ,8,25
1991113N10091,1991,20,NI,BB,UNNAMED,1991-04-28 03:00:00,NR,15.4,87.6, , , ,main,493,477,P____P_________, ,IO021991,15.3,87.7, , ,93, ,2, , , , , , , , , , , , , , , , , , , , , , , , , , , , , , , , , , , , , , , , , , , , , , , , , ,15.5,87.5, ,90,962, ,40,1003, , , , , , , , , , , , , , , , , , , , , , , , , , , , , , , , , , , , , , , , , , , , , , , , , , , , , , , , , , , , , , , , , , , , , , , , , , , , , , , , , , , , , , , , , ,9,30
1991113N10091,1991,20,NI,BB,UNNAMED,1991-04-28 06:00:00,NR,15.8,87.9,102,952,newdelhi,main,485,467,O____O_________,jtwc_io,IO021991,15.6,87.9, , ,95, ,2, , , , , , , , , , , , , , , , , , , , , , , , , , , , , , , , , , , , , , , , , , , , , , , , , ,16.0,87.8, ,102,952,5.50000,51,1004, , , , , , , , , , , , , , , , , , , , , , , , , , , , , , , , , , , , , , , , , , , , , , , , , , , , , , , , , , , , , , , , , , , , , , , , , , , , , , , , , , , , , , , , , ,8,30
1991113N10091,1991,20,NI,BB,UNNAMED,1991-04-28 09:00:00,NR,16.1,88.0, , , ,main,467,445,P____P_________, ,IO021991,16.0,88.1, , ,98, ,3, , , , , , , , , , , , , , , , , , , , , , , , , , , , , , , , , , , , , , , , , , , , , , , , , ,16.2,87.9, ,102,951, ,51,1003, , , , , , , , , , , , , , , , , , , , , , , , , , , , , , , , , , , , , , , , , , , , , , , , , , , , , , , , , , , , , , , , , , , , , , , , , , , , , , , , , , , , , , , , , ,7,25
1991113N10091,1991,20,NI,BB,UNNAMED,1991-04-28 12:00:00,NR,16.5,88.2,102,950,newdelhi,main,435,405,O____O_________,jtwc_io,IO021991,16.4,88.4, , ,100, ,3, , , , , , , , , , , , , , , , , , , , , , , , , , , , , , , , , , , , , , , , , , , , , , , , , ,16.5,88.0, ,102,950,5.50000,51,1002, , , , , , , , , , , , , , , , , , , , , , , , , , , , , , , , , , , , , , , , , , , , , , , , , , , , , , , , , , , , , , , , , , , , , , , , , , , , , , , , , , , , , , , , , ,9,25
1991113N10091,1991,20,NI,BB,UNNAMED,1991-04-28 15:00:00,NR,16.9,88.4, , , ,main,405,378,P____P_________, ,IO021991,16.8,88.7, , ,105, ,3, , , , , , , , , , , , , , , , , , , , , , , , , , , , , , , , , , , , , , , , , , , , , , , , , ,17.0,88.2, ,109,942, ,58,1001, , , , , , , , , , , , , , , , , , , , , , , , , , , , , , , , , , , , , , , , , , , , , , , , , , , , , , , , , , , , , , , , , , , , , , , , , , , , , , , , , , , , , , , , , ,11,25
1991113N10091,1991,20,NI,BB,UNNAMED,1991-04-28 18:00:00,NR,17.4,88.7,115,934,newdelhi,main,378,360,O____O_________,jtwc_io,IO021991,17.3,88.9, , ,110, ,3, , , , , , , , , , , , , , , , , , , , , , , , , , , , , , , , , , , , , , , , , , , , , , , , , ,17.5,88.5, ,115,934,6.00000,65,1000, , , , , , , , , , , , , , , , , , , , , , , , , , , , , , , , , , , , , , , , , , , , , , , , , , , , , , , , , , , , , , , , , , , , , , , , , , , , , , , , , , , , , , , , , ,11,25
1991113N10091,1991,20,NI,BB,UNNAMED,1991-04-28 21:00:00,NR,17.9,88.9, , , ,main,352,336,P____P_________, ,IO021991,17.8,89.2, , ,115, ,4, , , , , , , , , , , , , , , , , , , , , , , , , , , , , , , , , , , , , , , , , , , , , , , , , ,18.0,88.7, ,121,927, ,73,1000, , , , , , , , , , , , , , , , , , , , , , , , , , , , , , , , , , , , , , , , , , , , , , , , , , , , , , , , , , , , , , , , , , , , , , , , , , , , , , , , , , , , , , , , , ,11,25
1991113N10091,1991,20,NI,BB,UNNAMED,1991-04-29 00:00:00,NR,18.4,89.2,127,920,newdelhi,main,337,293,O____O_________,jtwc_io,IO021991,18.3,89.4, , ,120, ,4, , , , , , , , , , , , , , , , , , , , , , , , , , , , , , , , , , , , , , , , , , , , , , , , , ,18.5,89.0, ,127,920,6.50000,80,1000, , , , , , , , , , , , , , , , , , , , , , , , , , , , , , , , , , , , , , , , , , , , , , , , , , , , , , , , , , , , , , , , , , , , , , , , , , , , , , , , , , , , , , , , , ,13,25
1991113N10091,1991,20,NI,BB,UNNAMED,1991-04-29 03:00:00,NR,19.1,89.6, , , ,main,284,228,P____P_________, ,IO021991,18.8,89.6, , ,125, ,4, , , , , , , , , , , , , , , , , , , , , , , , , , , , , , , , , , , , , , , , , , , , , , , , , ,19.3,89.5, ,127,921, ,80,1001, , , , , , , , , , , , , , , , , , , , , , , , , , , , , , , , , , , , , , , , , , , , , , , , , , , , , , , , , , , , , , , , , , , , , , , , , , , , , , , , , , , , , , , , , ,15,30
1991113N10091,1991,20,NI,BB,UNNAMED,1991-04-29 06:00:00,NR,19.7,90.0,127,922,newdelhi,main,232,190,O____O_________,jtwc_io,IO021991,19.4,89.9, , ,130, ,4, , , , , , , , , , , , , , , , , , , , , , , , , , , , , , , , , , , , , , , , , , , , , , , , , ,20.0,90.0, ,127,922,6.50000,80,1002, , , , , , , , , , , , , , , , , , , , , , , , , , , , , , , , , , , , , , , , , , , , , , , , , , , , , , , , , , , , , , , , , , , , , , , , , , , , , , , , , , , , , , , , , ,12,30
1991113N10091,1991,20,NI,BB,UNNAMED,1991-04-29 09:00:00,NR,20.1,90.3, , , ,main,190,148,P____P_________, ,IO021991,20.0,90.3, , ,135, ,4, , , , , , , , , , , , , , , , , , , , , , , , , , , , , , , , , , , , , , , , , , , , , , , , , ,20.2,90.3, ,127,920, ,80,1000, , , , , , , , , , , , , , , , , , , , , , , , , , , , , , , , , , , , , , , , , , , , , , , , , , , , , , , , , , , , , , , , , , , , , , , , , , , , , , , , , , , , , , , , , ,11,35
1991113N10091,1991,20,NI,BB,UNNAMED,1991-04-29 12:00:00,NR,20.6,90.6,127,918,newdelhi,main,140,98,O____O_________,jtwc_io,IO021991,20.6,90.7, , ,140, ,5, , , , , , , , , , , , , , , , , , , , , , , , , , , , , , , , , , , , , , , , , , , , , , , , , ,20.5,90.5, ,127,918,6.50000,80,998, , , , , , , , , , , , , , , , , , , , , , , , , , , , , , , , , , , , , , , , , , , , , , , , , , , , , , , , , , , , , , , , , , , , , , , , , , , , , , , , , , , , , , , , , ,13,35
1991113N10091,1991,20,NI,BB,UNNAMED,1991-04-29 15:00:00,NR,21.2,91.0, , , ,main,98,41,P____P_________, ,IO021991,21.2,91.1, , ,138, ,5, , , , , , , , , , , , , , , , , , , , , , , , , , , , , , , , , , , , , , , , , , , , , , , , , ,21.2,90.9, ,127,919, ,80,999, , , , , , , , , , , , , , , , , , , , , , , , , , , , , , , , , , , , , , , , , , , , , , , , , , , , , , , , , , , , , , , , , , , , , , , , , , , , , , , , , , , , , , , , , ,17,30
1991113N10091,1991,20,NI,BB,UNNAMED,1991-04-29 18:00:00,NR,22.0,91.6,127,920,newdelhi,main,30,0,O____O_________,jtwc_io,IO021991,21.9,91.6, , ,135, ,4, , , , , , , , , , , , , , , , , , , , , , , , , , , , , , , , , , , , , , , , , , , , , , , , , ,22.0,91.5, ,127,920,6.50000,80,1000, , , , , , , , , , , , , , , , , , , , , , , , , , , , , , , , , , , , , , , , , , , , , , , , , , , , , , , , , , , , , , , , , , , , , , , , , , , , , , , , , , , , , , , , , ,18,35
1991113N10091,1991,20,NI,BB,UNNAMED,1991-04-29 21:00:00,NR,22.7,92.1, , , ,main,0,0,P____P_________, ,IO021991,22.6,92.2, , ,123, ,4, , , , , , , , , , , , , , , , , , , , , , , , , , , , , , , , , , , , , , , , , , , , , , , , , ,22.8,92.0, ,79,957, ,43,1000, , , , , , , , , , , , , , , , , , , , , , , , , , , , , , , , , , , , , , , , , , , , , , , , , , , , , , , , , , , , , , , , , , , , , , , , , , , , , , , , , , , , , , , , , ,19,40
1991113N10091,1991,20,NI,BB,UNNAMED,1991-04-30 00:00:00,NR,23.4,92.9,30,994,newdelhi,main,0,0,O____O_________,jtwc_io,IO021991,23.2,93.0, , ,110, ,3, , , , , , , , , , , , , , , , , , , , , , , , , , , , , , , , , , , , , , , , , , , , , , , , , ,23.7,92.7, ,30,994,0.00000,6,1000, , , , , , , , , , , , , , , , , , , , , , , , , , , , , , , , , , , , , , , , , , , , , , , , , , , , , , , , , , , , , , , , , , , , , , , , , , , , , , , , , , , , , , , , , ,20,50
1991113N10091,1991,20,NI,BB,UNNAMED,1991-04-30 03:00:00,NR,24.0,93.7, , , ,main,0,0,P____P_________, ,IO021991,23.7,93.8, , ,98, ,3, , , , , , , , , , , , , , , , , , , , , , , , , , , , , , , , , , , , , , , , , , , , , , , , , ,24.6,93.5, ,23,995, ,4,999, , , , , , , , , , , , , , , , , , , , , , , , , , , , , , , , , , , , , , , , , , , , , , , , , , , , , , , , , , , , , , , , , , , , , , , , , , , , , , , , , , , , , , , , , ,20,60
1991113N10091,1991,20,NI,BB,UNNAMED,1991-04-30 06:00:00,NR,24.5,94.7,15,996,newdelhi,main,0,0,O____O_________,jtwc_io,IO021991,24.2,94.8, , ,85, ,2, , , , , , , , , , , , , , , , , , , , , , , , , , , , , , , , , , , , , , , , , , , , , , , , , ,25.5,94.5, ,15,996,0.00000,2,998, , , , , , , , , , , , , , , , , , , , , , , , , , , , , , , , , , , , , , , , , , , , , , , , , , , , , , , , , , , , , , , , , , , , , , , , , , , , , , , , , , , , , , , , , ,20,75
1991113N10091,1991,20,NI,BB,UNNAMED,1991-04-30 09:00:00,NR,24.6,95.8, , , ,main,0,0,P______________, ,IO021991,24.6,95.8, , ,73, ,1, , , , , , , , , , , , , , , , , , , , , , , , , , , , , , , , , , , , , , , , , , , , , , , , , , , , , , , , , , , , , , , , , , , , , , , , , , , , , , , , , , , , , , , , , , , , , , , , , , , , , , , , , , , , , , , , , , , , , , , , , , , , , , , , , , , , , , , , , , , , , , , , , , ,21,75
1991113N10091,1991,20,NI,BB,UNNAMED,1991-04-30 12:00:00,NR,25.0,97.0, , , ,main,0,0,O______________,jtwc_io,IO021991,25.0,97.0, , ,60, ,0, , , , , , , , , , , , , , , , , , , , , , , , , , , , , , , , , , , , , , , , , , , , , , , , , , , , , , , , , , , , , , , , , , , , , , , , , , , , , , , , , , , , , , , , , , , , , , , , , , , , , , , , , , , , , , , , , , , , , , , , , , , , , , , , , , , , , , , , , , , , , , , , , , ,24,70
1991113N10091,1991,20,NI,BB,UNNAMED,1991-04-30 15:00:00,NR,25.4,98.3, , , ,main,0,0,P______________, ,IO021991,25.4,98.3, , ,50, ,0, , , , , , , , , , , , , , , , , , , , , , , , , , , , , , , , , , , , , , , , , , , , , , , , , , , , , , , , , , , , , , , , , , , , , , , , , , , , , , , , , , , , , , , , , , , , , , , , , , , , , , , , , , , , , , , , , , , , , , , , , , , , , , , , , , , , , , , , , , , , , , , , , , ,25,75
1991113N10091,1991,20,NI,BB,UNNAMED,1991-04-30 18:00:00,NR,25.7,99.7, , , ,main,0, ,O______________,jtwc_io,IO021991,25.7,99.7, , ,40, ,0, , , , , , , , , , , , , , , , , , , , , , , , , , , , , , , , , , , , , , , , , , , , , , , , , , , , , , , , , , , , , , , , , , , , , , , , , , , , , , , , , , , , , , , , , , , , , , , , , , , , , , , , , , , , , , , , , , , , , , , , , , , , , , , , , , , , , , , , , , , , , , , , , , ,26,75
2007151N14072,2007,25,NI,AS,GONU,2007-05-31 06:00:00,DS,13.7,71.6, , , ,main,293,272,O______________,jtwc_io,IO022007,13.7,71.6, ,DB,15,1006,-3, , , , , , , , , , , , , , , , , , , , , , , , , , , , , , , , , , , , , , , , , , , , , , , , , , , , , , , , , , , , , , , , , , , , , , , , , , , , , , , , , , , , , , , , , , , , , , , , , , , , , , , , , , , , , , , , , , , , , , , , , , , , , , , , , , , , , , , , , , , , , , , , , , ,4,20
2007151N14072,2007,25,NI,AS,GONU,2007-05-31 09:00:00,DS,13.9,71.7, , , ,main,272,266,P______________, ,IO022007,13.9,71.7, ,DB,15,1006,-3, , , , , , , , , , , , , , , , , , , , , , , , , , , , , , , , , , , , , , , , , , , , , , , , , , , , , , , , , , , , , , , , , , , , , , , , , , , , , , , , , , , , , , , , , , , , , , , , , , , , , , , , , , , , , , , , , , , , , , , , , , , , , , , , , , , , , , , , , , , , , , , , , , ,3,15
2007151N14072,2007,25,NI,AS,GONU,2007-05-31 12:00:00,DS,14.0,71.7, , , ,main,266,261,O______________,jtwc_io,IO022007,14.0,71.7, ,DB,15,1006,-3, , , , , , , , , , , , , , , , , , , , , , , , , , , , , , , , , , , , , , , , , , , , , , , , , , , , , , , , , , , , , , , , , , , , , , , , , , , , , , , , , , , , , , , , , , , , , , , , , , , , , , , , , , , , , , , , , , , , , , , , , , , , , , , , , , , , , , , , , , , , , , , , , , ,2,0
2007151N14072,2007,25,NI,AS,GONU,2007-05-31 15:00:00,DS,14.1,71.7, , , ,main,261,261,P______________, ,IO022007,14.1,71.7, ,DB,15,1006,-3, , , , , , , , , , , , , , , , , , , , , , , , , , , , , , , , , , , , , , , , , , , , , , , , , , , , , , , , , , , , , , , , , , , , , , , , , , , , , , , , , , , , , , , , , , , , , , , , , , , , , , , , , , , , , , , , , , , , , , , , , , , , , , , , , , , , , , , , , , , , , , , , , , ,3,315
2007151N14072,2007,25,NI,AS,GONU,2007-05-31 18:00:00,DS,14.2,71.5, , , ,main,277,277,O______________,jtwc_io,IO022007,14.2,71.5, ,DB,15,1006,-3, , , , , , , , , , , , , , , , , , , , , , , , , , , , , , , , , , , , , , , , , , , , , , , , , , , , , , , , , , , , , , , , , , , , , , , , , , , , , , , , , , , , , , , , , , , , , , , , , , , , , , , , , , , , , , , , , , , , , , , , , , , , , , , , , , , , , , , , , , , , , , , , , , ,4,295
2007151N14072,2007,25,NI,AS,GONU,2007-05-31 21:00:00,DS,14.3,71.3, , , ,main,293,293,P______________, ,IO022007,14.3,71.3, ,DB,15,1006,-3, , , , , , , , , , , , , , , , , , , , , , , , , , , , , , , , , , , , , , , , , , , , , , , , , , , , , , , , , , , , , , , , , , , , , , , , , , , , , , , , , , , , , , , , , , , , , , , , , , , , , , , , , , , , , , , , , , , , , , , , , , , , , , , , , , , , , , , , , , , , , , , , , , ,6,290
2007151N14072,2007,25,NI,AS,GONU,2007-06-01 00:00:00,DS,14.4,70.9, , , ,main,329,329,O______________,jtwc_io,IO022007,14.4,70.9, ,DB,15,1006,-3, , , , , , , , , , , , , , , , , , , , , , , , , , , , , , , , , , , , , , , , , , , , , , , , , , , , , , , , , , , , , , , , , , , , , , , , , , , , , , , , , , , , , , , , , , , , , , , , , , , , , , , , , , , , , , , , , , , , , , , , , , , , , , , , , , , , , , , , , , , , , , , , , , ,8,290
2007151N14072,2007,25,NI,AS,GONU,2007-06-01 03:00:00,DS,14.5,70.5, , , ,main,365,361,P______________, ,IO022007,14.5,70.5, ,DB,23,1003,-3, , , , , , , , , , , , , , , , , , , , , , , , , , , , , , , , , , , , , , , , , , , , , , , , , , , , , , , , , , , , , , , , , , , , , , , , , , , , , , , , , , , , , , , , , , , , , , , , , , , , , , , , , , , , , , , , , , , , , , , , , , , , , , , , , , , , , , , , , , , , , , , , , , ,9,290
2007151N14072,2007,25,NI,AS,GONU,2007-06-01 06:00:00,TS,14.7,70.0, , , ,main,406,406,O______________,jtwc_io,IO022007,14.7,70.0, ,TD,30,1000,-1, , , , , , , , , , , , ,1006,120,40, , , , , , , , , , , , , , , , , , , , , , , , , , , , , , , , , , , , , , , , , , , , , , , , , , , , , , , , , , , , , , , , , , , , , , , , , , , , , , , , , , , , , , , , , , , , , , , , , , , , , , , , , , , , , , , , , , , , , , , , , , , , , , , , , , , ,11,285
2007151N14072,2007,25,NI,AS,GONU,2007-06-01 09:00:00,TS,14.9,69.4, , , ,main,454,454,P______________, ,IO022007,14.9,69.4, ,TD,30,1000,-1, , , , , , , , , , , , ,1006,120,33, , , , , , , , , , , , , , , , , , , , , , , , , , , , , , , , , , , , , , , , , , , , , , , , , , , , , , , , , , , , , , , , , , , , , , , , , , , , , , , , , , , , , , , , , , , , , , , , , , , , , , , , , , , , , , , , , , , , , , , , , , , , , , , , , , , ,12,285
2007151N14072,2007,25,NI,AS,GONU,2007-06-01 12:00:00,TS,15.0,68.8, , , ,main,510,510,O______________,jtwc_io,IO022007,15.0,68.8, ,TD,30,1000,-1, , , , , , , , , , , , ,1006,120,25, , , , , , , , , , , , , , , , , , , , , , , , , , , , , , , , , , , , , , , , , , , , , , , , , , , , , , , , , , , , , , , , , , , , , , , , , , , , , , , , , , , , , , , , , , , , , , , , , , , , , , , , , , , , , , , , , , , , , , , , , , , , , , , , , , , ,9,285
2007151N14072,2007,25,NI,AS,GONU,2007-06-01 15:00:00,TS,15.1,68.5, , , ,main,537,537,P______________, ,IO022007,15.1,68.5, ,TD,30,1000,-1, , , , , , , , , , , , ,1007,135,33, , , , , , , , , , , , , , , , , , , , , , , , , , , , , , , , , , , , , , , , , , , , , , , , , , , , , , , , , , , , , , , , , , , , , , , , , , , , , , , , , , , , , , , , , , , , , , , , , , , , , , , , , , , , , , , , , , , , , , , , , , , , , , , , , , , ,5,280
2007151N14072,2007,25,NI,AS,GONU,2007-06-01 18:00:00,TS,15.1,68.2,25,1002,newdelhi,main,567,567,O____O_________,jtwc_io,IO022007,15.1,68.3, ,TD,30,1000,-1, , , , , , , , , , , , ,1008,150,40, , , , , , , , , , , , , , , , , , , , , , , , , , , , , , , , , , ,15.0,68.0,D,25,1002,1.50000,4, , , , , , , , , , , , , , , , , , , , , , , , , , , , , , , , , , , , , , , , , , , , , , , , , , , , , , , , , , , , , , , , , , , , , , , , , , , , , , , , , , , , , , , , , , ,4,270
2007151N14072,2007,25,NI,AS,GONU,2007-06-01 21:00:00,TS,15.1,68.0,25,1002,newdelhi,main,588,588,P____O_________, ,IO022007,15.1,68.0, ,TD,35,997,0,20,17,17,20, , , , , , , , ,1008,150,38, , , , , , , , , , , , , , , , , , , , , , , , , , , , , , , , , , ,15.0,68.0,D,25,1002,1.50000,4, , , , , , , , , , , , , , , , , , , , , , , , , , , , , , , , , , , , , , , , , , , , , , , , , , , , , , , , , , , , , , , , , , , , , , , , , , , , , , , , , , , , , , , , , , ,3,265
2007151N14072,2007,25,NI,AS,GONU,2007-06-02 00:00:00,TS,15.1,67.9,25,1002,newdelhi,main,598,598,O____O_________,jtwc_io,IO022007,15.1,67.8, ,TS,40,994,0,40,35,35,40, , , , , , , , ,1008,150,35, , , , , , , , , , , , , , , , , , , , , , , , , , , , , , , , , , ,15.0,68.0,D,25,1002,1.50000,4, , , , , , , , , , , , , , , , , , , , , , , , , , , , , , , , , , , , , , , , , , , , , , , , , , , , , , , , , , , , , , , , , , , , , , , , , , , , , , , , , , , , , , , , , , ,5,265
2007151N14072,2007,25,NI,AS,GONU,2007-06-02 03:00:00,TS,15.0,67.5,30,1000,newdelhi,main,643,643,P____O_________, ,IO022007,15.1,67.5, ,TS,43,992,0,45,40,40,45, , , , , , , , ,1008,155,33, , , , , , , , , , , , , , , , , , , , , , , , , , , , , , , , , , ,15.0,67.5,DD,30,1000,2.00000,5, , , , , , , , , , , , , , , , , , , , , , , , , , , , , , , , , , , , , , , , , , , , , , , , , , , , , , , , , , , , , , , , , , , , , , , , , , , , , , , , , , , , , , , , , , ,6,270
2007151N14072,2007,25,NI,AS,GONU,2007-06-02 06:00:00,TS,15.0,67.2, , , ,main,674,671,O____P_________,jtwc_io,IO022007,15.1,67.3, ,TS,45,989,0,50,45,45,50, , , , , , , , ,1007,160,30, , , , , , , , , , , , , , , , , , , , , , , , , , , , , , , , , , ,15.0,67.2,DD,33,999, ,7, , , , , , , , , , , , , , , , , , , , , , , , , , , , , , , , , , , , , , , , , , , , , , , , , , , , , , , , , , , , , , , , , , , , , , , , , , , , , , , , , , , , , , , , , , ,4,280
2007151N14072,2007,25,NI,AS,GONU,2007-06-02 09:00:00,TS,15.1,67.1,35,998,newdelhi,main,681,679,P____O_________, ,IO022007,15.2,67.2, ,TS,50,986,0,55,50,50,55, , , , , , , , ,1007,163,28, , , , , , , , , , , , , , , , , , , , , , , , , , , , , , , , , , ,15.0,67.0,CS,35,998,2.50000,8, , , , , , , , , , , , , , , , , , , , , , , , , , , , , , , , , , , , , , , , , , , , , , , , , , , , , , , , , , , , , , , , , , , , , , , , , , , , , , , , , , , , , , , , , , ,2,310
2007151N14072,2007,25,NI,AS,GONU,2007-06-02 12:00:00,TS,15.2,67.1,45,992,newdelhi,main,679,679,O____O_________,jtwc_io,IO022007,15.4,67.1, ,TS,55,982,0,60,55,55,60, , , , , , , , ,1007,165,25, , , , , , , , , , , , , , , , , , , , , , , , , , , , , , , , , , ,15.0,67.0,CS,45,992,3.00000,10, , , , , , , , , , , , , , , , , , , , , , , , , , , , , , , , , , , , , , , , , , , , , , , , , , , , , , , , , , , , , , , , , , , , , , , , , , , , , , , , , , , , , , , , , , ,1,350
2007151N14072,2007,25,NI,AS,GONU,2007-06-02 15:00:00,TS,15.2,67.1,45,992,newdelhi,main,679,676,P____O_________, ,IO022007,15.5,67.1, ,TS,55,982,0,63,58,58,63, , , , , , , , ,1008,165,25, , , , , , , , , , , , , , , , , , , , , , , , , , , , , , , , , , ,15.0,67.0,CS,45,992,3.00000,10, , , , , , , , , , , , , , , , , , , , , , , , , , , , , , , , , , , , , , , , , , , , , , , , , , , , , , , , , , , , , , , , , , , , , , , , , , , , , , , , , , , , , , , , , , ,1,15
2007151N14072,2007,25,NI,AS,GONU,2007-06-02 18:00:00,TS,15.3,67.1,45,992,newdelhi,main,676,676,O____O_________,jtwc_io,IO022007,15.6,67.2, ,TS,55,982,0,65,60,60,65,30,30,30,30, , , , ,1008,165,25, , , , , , , , , , , , , , , , , , , , , , , , , , , , , , , , , , ,15.0,67.0,CS,45,992,3.00000,10, , , , , , , , , , , , , , , , , , , , , , , , , , , , , , , , , , , , , , , , , , , , , , , , , , , , , , , , , , , , , , , , , , , , , , , , , , , , , , , , , , , , , , , , , , ,2,315
2007151N14072,2007,25,NI,AS,GONU,2007-06-02 21:00:00,TS,15.4,66.9,45,992,newdelhi,main,695,679,P____O_________, ,IO022007,15.7,67.3, ,TS,58,980,0,65,60,60,65,33,30,30,33, , , , ,1008,170,23, , , , , , , , , , , , , , , , , , , , , , , , , , , , , , , , , , ,15.0,66.5,CS,45,992,3.00000,10, , , , , , , , , , , , , , , , , , , , , , , , , , , , , , , , , , , , , , , , , , , , , , , , , , , , , , , , , , , , , , , , , , , , , , , , , , , , , , , , , , , , , , , , , , ,5,350
2007151N14072,2007,25,NI,AS,GONU,2007-06-03 00:00:00,TS,15.8,67.0,55,988,newdelhi,main,677,654,O____O_________,jtwc_io,IO022007,16.0,67.5, ,TS,60,978,0,65,60,60,65,35,30,30,35, , , , ,1008,175,20, , , , , , , , , , , , , , , , , , , , , , , , , , , , , , , , , , ,15.5,66.5,SCS,55,988,3.50000,16, , , , , , , , , , , , , , , , , , , , , , , , , , , , , , , , , , , , , , , , , , , , , , , , , , , , , , , , , , , , , , , , , , , , , , , , , , , , , , , , , , , , , , , , , , ,6,15
2007151N14072,2007,25,NI,AS,GONU,2007-06-03 03:00:00,TS,16.0,67.1,55,988,newdelhi,main,654,617,P____O_________, ,IO022007,16.4,67.6, ,TS,63,976,0,70,65,65,70,38,33,33,38, , , , ,1008,175,20, , , , , , , , , , , , , , , , , , , , , , , , , , , , , , , , , , ,15.5,66.5,SCS,55,988,3.50000,16, , , , , , , , , , , , , , , , , , , , , , , , , , , , , , , , , , , , , , , , , , , , , , , , , , , , , , , , , , , , , , , , , , , , , , , , , , , , , , , , , , , , , , , , , , ,7,5
2007151N14072,2007,25,NI,AS,GONU,2007-06-03 06:00:00,TS,16.5,67.1,55,988,newdelhi,main,608,593,O____O_________,jtwc_io,IO022007,16.9,67.6, ,TY,65,974,1,75,70,70,75,40,35,35,40, , , , ,1008,175,20, , , , , , , , , , , , , , , , , , , , , , , , , , , , , , , , , , ,16.0,66.5,SCS,55,988,3.50000,16, , , , , , , , , , , , , , , , , , , , , , , , , , , , , , , , , , , , , , , , , , , , , , , , , , , , , , , , , , , , , , , , , , , , , , , , , , , , , , , , , , , , , , , , , , ,9,350
2007151N14072,2007,25,NI,AS,GONU,2007-06-03 09:00:00,TS,16.9,66.9,55,988,newdelhi,main,584,545,P____O_________, ,IO022007,17.2,67.3, ,TY,68,972,1,78,73,73,78,43,38,38,43, , , , ,1008,173,20, , , , , , , , , , , , , , , , , , , , , , , , , , , , , , , , , , ,16.5,66.5,SCS,55,988,3.50000,16, , , , , , , , , , , , , , , , , , , , , , , , , , , , , , , , , , , , , , , , , , , , , , , , , , , , , , , , , , , , , , , , , , , , , , , , , , , , , , , , , , , , , , , , , , ,11,340
2007151N14072,2007,25,NI,AS,GONU,2007-06-03 12:00:00,TS,17.5,66.7,55,988,newdelhi,main,545,543,O____O_________,jtwc_io,IO022007,17.5,66.8, ,TY,70,970,1,80,75,75,80,45,40,40,45,25,25,25,25,1007,170,20, , , , , , , , , , , , , , , , , , , , , , , , , , , , , , , , , , ,17.5,66.5,SCS,55,988,3.50000,16, , , , , , , , , , , , , , , , , , , , , , , , , , , , , , , , , , , , , , , , , , , , , , , , , , , , , , , , , , , , , , , , , , , , , , , , , , , , , , , , , , , , , , , , , , ,9,335
2007151N14072,2007,25,NI,AS,GONU,2007-06-03 15:00:00,TS,17.6,66.5,55,988,newdelhi,main,551,550,P____O_________, ,IO022007,17.7,66.4, ,TY,83,961,2,85,80,80,85,50,45,45,50,28,28,28,28,1004,170,13, , , , , , , , , , , , , , , , , , , , , , , , , , , , , , , , , , ,17.5,66.5,SCS,55,988,3.50000,16, , , , , , , , , , , , , , , , , , , , , , , , , , , , , , , , , , , , , , , , , , , , , , , , , , , , , , , , , , , , , , , , , , , , , , , , , , , , , , , , , , , , , , , , , , ,8,310
2007151N14072,2007,25,NI,AS,GONU,2007-06-03 18:00:00,TS,18.0,66.1,65,980,newdelhi,main,550,550,O____O_________,jtwc_io,IO022007,18.0,66.1, ,TY,95,952,2,90,85,85,90,55,50,50,55,30,30,30,30,1001,170,5,5, , , , , , , , , , , , , , , , , , , , , , , , , , , , , , , , , ,18.0,66.0,VSCS,65,980,4.00000,22, , , , , , , , , , , , , , , , , , , , , , , , , , , , , , , , , , , , , , , , , , , , , , , , , , , , , , , , , , , , , , , , , , , , , , , , , , , , , , , , , , , , , , , , , , ,8,315
2007151N14072,2007,25,NI,AS,GONU,2007-06-03 21:00:00,TS,18.1,65.9,65,980,newdelhi,main,557,549,P____O_________, ,IO022007,18.3,65.8, ,TY,108,943,3,103,95,95,103,60,55,55,60,33,33,33,33, , , , , , , , , , , , , , , , , , , , , , , , , , , , , , , , , , , , , ,18.0,66.0,VSCS,65,980,4.00000,22, , , , , , , , , , , , , , , , , , , , , , , , , , , , , , , , , , , , , , , , , , , , , , , , , , , , , , , , , , , , , , , , , , , , , , , , , , , , , , , , , , , , , , , , , , ,9,305
2007151N14072,2007,25,NI,AS,GONU,2007-06-04 00:00:00,TS,18.6,65.3,77,974,newdelhi,main,558,558,O____O_________,jtwc_io,IO022007,18.6,65.5, ,TY,120,933,4,115,105,105,115,65,60,60,65,35,35,35,35, , , , , , , , , , , , , , , , , , , , , , , , , , , , , , , , , , , , , ,18.5,65.0,VSCS,77,974,4.50000,30, , , , , , , , , , , , , , , , , , , , , , , , , , , , , , , , , , , , , , , , , , , , , , , , , , , , , , , , , , , , , , , , , , , , , , , , , , , , , , , , , , , , , , , , , , ,9,305
2007151N14072,2007,25,NI,AS,GONU,2007-06-04 03:00:00,TS,18.7,65.1,90,960,newdelhi,main,564,563,P____O_________, ,IO022007,18.9,65.2, ,TY,128,919,4,120,110,115,120,68,63,65,68,38,38,38,38, , , , , , , , , , , , , , , , , , , , , , , , , , , , , , , , , , , , , ,18.5,65.0,VSCS,90,960,5.00000,40, , , , , , , , , , , , , , , , , , , , , , , , , , , , , , , , , , , , , , , , , , , , , , , , , , , , , , , , , , , , , , , , , , , , , , , , , , , , , , , , , , , , , , , , , , ,8,315
2007151N14072,2007,25,NI,AS,GONU,2007-06-04 06:00:00,TS,19.1,64.7,102,952,newdelhi,main,564,551,O____O_________,jtwc_io,IO022007,19.2,64.9, ,ST,135,904,4,125,115,125,125,70,65,70,70,40,40,40,40,1001,185,10,10, , , , , , , , , , , , , , , , , , , , , , , , , , , , , , , , , ,19.0,64.5,VSCS,102,952,5.50000,52, , , , , , , , , , , , , , , , , , , , , , , , , , , , , , , , , , , , , , , , , , , , , , , , , , , , , , , , , , , , , , , , , , , , , , , , , , , , , , , , , , , , , , , , , , ,10,325
2007151N14072,2007,25,NI,AS,GONU,2007-06-04 09:00:00,TS,19.5,64.5,115,934,newdelhi,main,553,514,P____O_________, ,IO022007,19.6,64.5, ,ST,140,909,5,128,118,128,128,73,68,73,73,43,43,43,43,1001,188,10, , , , , , , , , , , , , , , , , , , , , , , , , , , , , , , , , , ,19.5,64.5,VSCS,115,934,6.00000,66, , , , , , , , , , , , , , , , , , , , , , , , , , , , , , , , , , , , , , , , , , , , , , , , , , , , , , , , , , , , , , , , , , , , , , , , , , , , , , , , , , , , , , , , , , ,11,325
2007151N14072,2007,25,NI,AS,GONU,2007-06-04 12:00:00,TS,20.0,64.1,115,934,newdelhi,main,509,485,O____O_________,jtwc_io,IO022007,19.9,64.1, ,ST,145,914,5,130,120,130,130,75,70,75,75,45,45,45,45,1001,190,10,15, , , , , , , , , , , , , , , , , , , , , , , , , , , , , , , , , ,20.0,64.0,VSCS,115,934,6.00000,66, , , , , , , , , , , , , , , , , , , , , , , , , , , , , , , , , , , , , , , , , , , , , , , , , , , , , , , , , , , , , , , , , , , , , , , , , , , , , , , , , , , , , , , , , , ,9,315
2007151N14072,2007,25,NI,AS,GONU,2007-06-04 15:00:00,TS,20.1,63.8,127,920,newdelhi,main,476,418,P____O_________, ,IO022007,20.2,63.7, ,ST,143,906,5,125,113,125,128,80,70,75,80,48,48,48,48,1001,189,13, , , , , , , , , , , , , , , , , , , , , , , , , , , , , , , , , , ,20.0,64.0,SUCS,127,920,6.50000,80, , , , , , , , , , , , , , , , , , , , , , , , , , , , , , , , , , , , , , , , , , , , , , , , , , , , , , , , , , , , , , , , , , , , , , , , , , , , , , , , , , , , , , , , , , ,8,310
2007151N14072,2007,25,NI,AS,GONU,2007-06-04 18:00:00,TS,20.5,63.4,127,920,newdelhi,main,418,394,O____O_________,jtwc_io,IO022007,20.5,63.3, ,ST,140,898,5,120,105,120,125,85,70,75,85,50,50,50,50,1001,187,15,20, , , , , , , , , , , , , , , , , , , , , , , , , , , , , , , , , ,20.5,63.5,SUCS,127,920,6.50000,80, , , , , , , , , , , , , , , , , , , , , , , , , , , , , , , , , , , , , , , , , , , , , , , , , , , , , , , , , , , , , , , , , , , , , , , , , , , , , , , , ,170, , , , , , , , , ,8,305
2007151N14072,2007,25,NI,AS,GONU,2007-06-04 21:00:00,TS,20.6,63.2,115,935,newdelhi,main,394,358,P____O_________, ,IO022007,20.7,62.9, ,ST,138,901,5,120,105,120,125,85,70,75,85,50,50,50,50,1001,187,13, , , , , , , , , , , , , , , , , , , , , , , , , , , , , , , , , , ,20.5,63.5,VSCS,115,935,6.00000,66, , , , , , , , , , , , , , , , , , , , , , , , , , , , , , , , , , , , , , , , , , , , , , , , , , , , , , , , , , , , , , , , , , , , , , , , , , , , , , , , , , , , , , , , , , ,6,285
2007151N14072,2007,25,NI,AS,GONU,2007-06-05 00:00:00,TS,20.7,62.8,115,936,newdelhi,main,352,272,O____O_________,jtwc_io,IO022007,20.8,62.5, ,ST,135,904,4,120,105,120,125,85,70,75,85,50,50,50,50,1001,187,10,15, , , , , , , , , , , , , , , , , , , , , , , , , , , , , , , , , ,20.5,63.0,VSCS,115,936,6.00000,66, , , , , , , , , , , , , , , , , , , , , , , , , , , , , , , , , , , , , , , , , , , , , , , , , , , , , , , , , , , , , , , , , , , , , , , , , , , , , , , , , , , , , , , , , , ,12,290
2007151N14072,2007,25,NI,AS,GONU,2007-06-05 03:00:00,TS,21.0,62.0,115,936,newdelhi,main,264,211,P____O_________, ,IO022007,21.0,62.1, ,ST,130,910,4,123,108,120,125,85,70,80,88,55,55,53,55,1001,187,10, , , , , , , , , , , , , , , , , , , , , , , , , , , , , , , , , , ,21.0,62.0,VSCS,115,936,6.00000,66, , , , , , , , , , , , , , , , , , , , , , , , , , , , , , , , , , , , , , , , , , , , , , , , , , , , , , , , , , , , , , , , , , , , , , , , , , , , , , , , , , , , , , , , , , ,13,305
2007151N14072,2007,25,NI,AS,GONU,2007-06-05 06:00:00,TS,21.4,61.6,102,950,newdelhi,main,206,169,O____O_________,jtwc_io,IO022007,21.2,61.7, ,TY,125,916,4,125,110,120,125,85,70,85,90,60,60,55,60,1001,187,10,5, , , , , , , , , , , , , , , , , , , , , , , , , , , , , , , , , ,21.5,61.5,VSCS,102,950,5.50000,52, , , , , , , , , , , , , , , , , , , , , , , , , , , , , , , , , , , , , , , , , , , , , , , , , , , , , , , , , , , , , , , , , , , , , , , , , , , , , , , , , , , , , , , , , , ,9,300
2007151N14072,2007,25,NI,AS,GONU,2007-06-05 09:00:00,TS,21.4,61.2,102,950,newdelhi,main,169,155,P____O_________, ,IO022007,21.4,61.4, ,TY,120,927,4,133,110,120,125,93,73,88,93,65,60,60,65,1001,187,13, , , , , , , , , , , , , , , , , , , , , , , , , , , , , , , , , , ,21.5,61.0,VSCS,102,950,5.50000,52, , , , , , , , , , , , , , , , , , , , , , , , , , , , , , , , , , , , , , , , , , , , , , , , , , , , , , , , , , , , , , , , , , , , , , , , , , , , , , , , , , , , , , , , , , ,6,290
2007151N14072,2007,25,NI,AS,GONU,2007-06-05 12:00:00,TS,21.6,61.1,90,960,newdelhi,main,149,118,O____O_________,jtwc_io,IO022007,21.6,61.1, ,TY,115,937,4,140,110,120,125,100,75,90,95,70,60,65,70,1001,187,15, , , , , , , , , , , , , , , , , , , , , , , , , , , , , , , , , , ,21.5,61.0,VSCS,90,960,5.00000,40, , , , , , , , , , , , , , , , , , , , , , , , , , , , , , , , , , , , , , , , , , , , , , , , , , , , , , , , , , , , , , , , , , , , , , , , , , , , , , , , , , , , , , , , , , ,5,330
2007151N14072,2007,25,NI,AS,GONU,2007-06-05 15:00:00,TS,21.9,60.9,77,970,newdelhi,main,118,85,P____O_________, ,IO022007,21.8,60.8, ,TY,113,939,4,140,110,120,125,100,75,90,95,70,60,65,70,1001,187,15, , , , , , , , , , , , , , , , , , , , , , , , , , , , , , , , , , ,22.0,61.0,VSCS,77,970,4.50000,30, , , , , , , , , , , , , , , , , , , , , , , , , , , , , , , , , , , , , , , , , , , , , , , , , , , , , , , , , , , , , , , , , , , , , , , , , , , , , , , , , , , , , , , , , , ,6,315
2007151N14072,2007,25,NI,AS,GONU,2007-06-05 18:00:00,TS,22.0,60.6,77,970,newdelhi,main,85,61,O____O_________,jtwc_io,IO022007,22.0,60.6, ,TY,110,941,3,140,110,120,125,100,75,90,95,70,60,65,70,1001,187,15, , , , , , , , , , , , , , , , , , , , , , , , , , , , , , , , , , ,22.0,60.5,VSCS,77,970,4.50000,30, , , , , , , , , , , , , , , , , , , , , , , , , , , , , , , , , , , , , , , , , , , , , , , , , , , , , , , , , , , , , , , , , , , , , , , , , , , , , , , , , , , , , , , , , , ,7,315
2007151N14072,2007,25,NI,AS,GONU,2007-06-05 21:00:00,TS,22.4,60.4,77,970,newdelhi,main,61,11,P____O_________, ,IO022007,22.3,60.3, ,TY,100,949,3,135,105,103,110,90,75,75,80,60,55,50,55,1001,191,15, , , , , , , , , , , , , , , , , , , , , , , , , , , , , , , , , , ,22.5,60.5,VSCS,77,970,4.50000,30, , , , , , , , , , , , , , , , , , , , , , , , , , , , , , , , , , , , , , , , , , , , , , , , , , , , , , , , , , , , , , , , , , , , , , , , , , , , , , , , , , , , , , , , , , ,9,305
2007151N14072,2007,25,NI,AS,GONU,2007-06-06 00:00:00,TS,22.6,59.8,77,970,newdelhi,main,22,15,O____O_________,jtwc_io,IO022007,22.6,60.0, ,TY,90,956,2,130,100,85,95,80,75,60,65,50,50,35,40,1001,195,15, , , , , , , , , , , , , , , , , , , , , , , , , , , , , , , , , , ,22.5,59.5,VSCS,77,970,4.50000,30, , , , , , , , , , , , , , , , , , , , , , , , , , , , , , , , , , , , , , , , , , , , , , , , , , , , , , , , , , , , , , , , , , , , , , , , , , , , , , , , , , , , , , , , , , ,11,300
2007151N14072,2007,25,NI,AS,GONU,2007-06-06 03:00:00,TS,22.9,59.4,77,970,newdelhi,main,20,20,P____O_________, ,IO022007,22.8,59.7, ,TY,90,956,2,135,120,88,105,75,70,60,65,48,48,33,40,1001,195,18, , , , , , , , , , , , , , , , , , , , , , , , , , , , , , , , , , ,23.0,59.0,VSCS,77,970,4.50000,30, , , , , , , , , , , , , , , , , , , , , , , , , , , , , , , , , , , , , , , , , , , , , , , , , , , , , , , , , , , , , , , , , , , , , , , , , , , , , , , , , , , , , , , , , , ,8,345
2007151N14072,2007,25,NI,AS,GONU,2007-06-06 06:00:00,TS,23.3,59.5,77,970,newdelhi,main,52,46,O____O_________,jtwc_io,IO022007,23.1,59.5, ,TY,90,956,2,140,140,90,115,70,65,60,65,45,45,30,40,1001,195,20, , , , , , , , , , , , , , , , , , , , , , , , , , , , , , , , , , ,23.5,59.5,VSCS,77,970,4.50000,30, , , , , , , , , , , , , , , , , , , , , , , , , , , , , , , , , , , , , , , , , , , , , , , , , , , , , , , , , , , , , , , , , , , , , , , , , , , , , , , , , , , , , , , , , , ,6,5
2007151N14072,2007,25,NI,AS,GONU,2007-06-06 09:00:00,TS,23.5,59.4,77,970,newdelhi,main,52,45,P____O_________, ,IO022007,23.4,59.3, ,TY,83,962,2,123,105,78,115,63,60,48,58,38,38,28,35,1001,190,23, , , , , , , , , , , , , , , , , , , , , , , , , , , , , , , , , , ,23.5,59.5,VSCS,77,970,4.50000,30, , , , , , , , , , , , , , , , , , , , , , , , , , , , , , , , , , , , , , , , , , , , , , , , , , , , , , , , , , , , , , , , , , , , , , , , , , , , , , , , , , , , , , , , , , ,7,330
2007151N14072,2007,25,NI,AS,GONU,2007-06-06 12:00:00,TS,23.9,59.1,77,970,newdelhi,main,54,54,O____O_________,jtwc_io,IO022007,23.8,59.2, ,TY,75,967,1,105,70,65,115,55,55,35,50,30,30,25,30,1001,185,25, , , , , , , , , , , , , , , , , , , , , , , , , , , , , , , , , , ,24.0,59.0,VSCS,77,970,4.50000,30, , , , , , , , , , , , , , , , , , , , , , , , , , , , , , , , , , , , , , , , , , , , , , , , , , , , , , , , , , , , , , , , , , , , , , , , , , , , , , , , , , , , , , , , , , ,7,330
2007151N14072,2007,25,NI,AS,GONU,2007-06-06 15:00:00,TS,24.1,59.0,77,970,newdelhi,main,70,70,P____O_________, ,IO022007,24.2,59.1, ,TY,70,971,1,93,70,65,100,53,53,40,50, , , , ,1000,165,28, , , , , , , , , , , , , , , , , , , , , , , , , , , , , , , , , , ,24.0,59.0,VSCS,77,970,4.50000,30, , , , , , , , , , , , , , , , , , , , , , , , , , , , , , , , , , , , , , , , , , , , , , , , , , , , , , , , , , , , , , , , , , , , , , , , , , , , , , , , , , , , , , , , , , ,6,345
2007151N14072,2007,25,NI,AS,GONU,2007-06-06 18:00:00,TS,24.5,59.0,65,978,newdelhi,main,101,73,O____O_________,jtwc_io,IO022007,24.5,58.9, ,TY,65,974,1,80,70,65,85,50,50,45,50, , , , ,998,145,30, , , , , , , , , , , , , , , , , , , , , , , , , , , , , , , , , , ,24.5,59.0,VSCS,65,978,4.00000,22, , , , , , , , , , , , , , , , , , , , , , , , , , , , , , , , , , , , , , , , , , , , , , , , , , , , , , , , , , , , , , , , , , , , , , , , , , , , , , , , , , , , , , , , , , ,8,345
2007151N14072,2007,25,NI,AS,GONU,2007-06-06 21:00:00,TS,24.8,58.8,55,984,newdelhi,main,73,63,P____O_________, ,IO022007,24.7,58.6, ,TY,60,978,0,65,68,65,70, , , , , , , , , , , , , , , , , , , , , , , , , , , , , , , , , , , , , , , , , , , , , ,25.0,59.0,SCS,55,984,3.50000,16, , , , , , , , , , , , , , , , , , , , , , , , , , , , , , , , , , , , , , , , , , , , , , , , , , , , , , , , , , , , , , , , , , , , , , , , , , , , , , , , , , , , , , , , , , ,5,320
2007151N14072,2007,25,NI,AS,GONU,2007-06-07 00:00:00,TS,24.9,58.6,45,988,newdelhi,main,73,67,O____O_________,jtwc_io,IO022007,24.8,58.4, ,TS,55,982,0,50,65,65,55, , , , , , , , , , , , , , , , , , , , , , , , , , , , , , , , , , , , , , , , , , , , , ,25.0,59.0,CS,45,988,3.00000,10, , , , , , , , , , , , , , , , , , , , , , , , , , , , , , , , , , , , , , , , , , , , , , , , , , , , , , , , , , , , , , , , , , , , , , , , , , , , , , , , , , , , , , , , , , ,4,290
2007151N14072,2007,25,NI,AS,GONU,2007-06-07 03:00:00,TS,25.0,58.4,45,988,newdelhi,main,67,67,P____O_________, ,IO022007,24.9,58.3, ,TS,50,986,0,50,65,65,55, , , , , , , , , , , , , , , , , , , , , , , , , , , , , , , , , , , , , , , , , , , , , ,25.5,58.5,CS,45,988,3.00000,10, , , , , , , , , , , , , , , , , , , , , , , , , , , , , , , , , , , , , , , , , , , , , , , , , , , , , , , , , , , , , , , , , , , , , , , , , , , , , , , , , , , , , , , , , , ,3,275
2007151N14072,2007,25,NI,AS,GONU,2007-06-07 06:00:00,TS,24.9,58.3, , , ,main,78,67,O______________,jtwc_io,IO022007,24.9,58.3, ,TS,45,989,0,50,65,65,55, , , , , , , , ,998,135,40, , , , , , , , , , , , , , , , , , , , , , , , , , , , , , , , , , , , , , , , , , , , , , , , , , , , , , , , , , , , , , , , , , , , , , , , , , , , , , , , , , , , , , , , , , , , , , , , , , , , , , , , , , , , , , , , , , , , , , , , , , , , , , , , , , , ,1,265
2007151N14072,2007,25,NI,AS,GONU,2007-06-07 09:00:00,TS,25.0,58.2, , , ,main,67,55,P______________, ,IO022007,25.0,58.2, ,TS,40,993,0, , , , , , , , , , , , , , , , , , , , , , , , , , , , , , , , , , , , , , , , , , , , , , , , , , , , , , , , , , , , , , , , , , , , , , , , , , , , , , , , , , , , , , , , , , , , , , , , , , , , , , , , , , , , , , , , , , , , , , , , , , , , , , , , , , , , , , , , , , , , , , , , , , ,2,335
2007151N14072,2007,25,NI,AS,GONU,2007-06-07 12:00:00,TS,25.1,58.2, , , ,main,55,33,O______________,jtwc_io,IO022007,25.1,58.2, ,TS,35,996,0, , , , , , , , , , , , , , , , , , , , , , , , , , , , , , , , , , , , , , , , , , , , , , , , , , , , , , , , , , , , , , , , , , , , , , , , , , , , , , , , , , , , , , , , , , , , , , , , , , , , , , , , , , , , , , , , , , , , , , , , , , , , , , , , , , , , , , , , , , , , , , , , , , ,3,345
2007151N14072,2007,25,NI,AS,GONU,2007-06-07 15:00:00,TS,25.3,58.2, , , ,main,33,11,P______________, ,IO022007,25.3,58.2, ,TS,30,999,-1, , , , , , , , , , , , , , , , , , , , , , , , , , , , , , , , , , , , , , , , , , , , , , , , , , , , , , , , , , , , , , , , , , , , , , , , , , , , , , , , , , , , , , , , , , , , , , , , , , , , , , , , , , , , , , , , , , , , , , , , , , , , , , , , , , , , , , , , , , , , , , , , , , ,4,350
2007151N14072,2007,25,NI,AS,GONU,2007-06-07 18:00:00,TS,25.5,58.1, , , ,main,11,0,O______________,jtwc_io,IO022007,25.5,58.1, ,TD,25,1002,-1, , , , , , , , , , , , , , , , , , , , , , , , , , , , , , , , , , , , , , , , , , , , , , , , , , , , , , , , , , , , , , , , , , , , , , , , , , , , , , , , , , , , , , , , , , , , , , , , , , , , , , , , , , , , , , , , , , , , , , , , , , , , , , , , , , , , , , , , , , , , , , , , , , ,5,335
2007151N14072,2007,25,NI,AS,GONU,2007-06-07 21:00:00,TS,25.7,58.0, , , ,main,0,0,P______________, ,IO022007,25.7,58.0, ,TD,20,1004,-1, , , , , , , , , , , , , , , , , , , , , , , , , , , , , , , , , , , , , , , , , , , , , , , , , , , , , , , , , , , , , , , , , , , , , , , , , , , , , , , , , , , , , , , , , , , , , , , , , , , , , , , , , , , , , , , , , , , , , , , , , , , , , , , , , , , , , , , , , , , , , , , , , , ,5,325
2007151N14072,2007,25,NI,AS,GONU,2007-06-08 00:00:00,DS,25.9,57.8, , , ,main,0, ,O______________,jtwc_io,IO022007,25.9,57.8, ,DB,15,1006,-3, , , , , , , , , , , , , , , , , , , , , , , , , , , , , , , , , , , , , , , , , , , , , , , , , , , , , , , , , , , , , , , , , , , , , , , , , , , , , , , , , , , , , , , , , , , , , , , , , , , , , , , , , , , , , , , , , , , , , , , , , , , , , , , , , , , , , , , , , , , , , , , , , , ,5,320
2007314N10093,2007,80,NI,BB,SIDR,2007-11-10 06:00:00,DS,9.6,93.2, , , ,main,499,499,O______________,jtwc_io,IO062007,9.6,93.2, ,DB,15,1010,-3, , , , , , , , , , , , , , , , , , , , , , , , , , , , , , , , , , , , , , , , , , , , , , , , , , , , , , , , , , , , , , , , , , , , , , , , , , , , , , , , , , , , , , , , , , , , , , , , , , , , , , , , , , , , , , , , , , , , , , , , , , , , , , , , , , , , , , , , , , , , , , , , , , ,2,300
2007314N10093,2007,80,NI,BB,SIDR,2007-11-10 09:00:00,DS,9.7,93.1, , , ,main,514,514,P______________, ,IO062007,9.7,93.1, ,DB,18,1008,-3, , , , , , , , , , , , , , , , , , , , , , , , , , , , , , , , , , , , , , , , , , , , , , , , , , , , , , , , , , , , , , , , , , , , , , , , , , , , , , , , , , , , , , , , , , , , , , , , , , , , , , , , , , , , , , , , , , , , , , , , , , , , , , , , , , , , , , , , , , , , , , , , , , ,2,295
2007314N10093,2007,80,NI,BB,SIDR,2007-11-10 12:00:00,DS,9.7,93.0, , , ,main,519,519,O______________,jtwc_io,IO062007,9.7,93.0, ,DB,20,1005,-3, , , , , , , , , , , , ,1008,180,45, , , , , , , , , , , , , , , , , , , , , , , , , , , , , , , , , , , , , , , , , , , , , , , , , , , , , , , , , , , , , , , , , , , , , , , , , , , , , , , , , , , , , , , , , , , , , , , , , , , , , , , , , , , , , , , , , , , , , , , , , , , , , , , , , , , ,3,290
2007314N10093,2007,80,NI,BB,SIDR,2007-11-10 15:00:00,DS,9.7,92.9, , , ,main,524,524,P______________, ,IO062007,9.7,92.9, ,DB,23,1005,-3, , , , , , , , , , , , ,1008,180,45, , , , , , , , , , , , , , , , , , , , , , , , , , , , , , , , , , , , , , , , , , , , , , , , , , , , , , , , , , , , , , , , , , , , , , , , , , , , , , , , , , , , , , , , , , , , , , , , , , , , , , , , , , , , , , , , , , , , , , , , , , , , , , , , , , , ,3,290
2007314N10093,2007,80,NI,BB,SIDR,2007-11-10 18:00:00,TS,9.8,92.7, , , ,main,545,545,O______________,jtwc_io,IO062007,9.8,92.7, ,TD,25,1004,-1, , , , , , , , , , , , ,1008,180,45, , , , , , , , , , , , , , , , , , , , , , , , , , , , , , , , , , , , , , , , , , , , , , , , , , , , , , , , , , , , , , , , , , , , , , , , , , , , , , , , , , , , , , , , , , , , , , , , , , , , , , , , , , , , , , , , , , , , , , , , , , , , , , , , , , , ,3,300
2007314N10093,2007,80,NI,BB,SIDR,2007-11-10 21:00:00,TS,9.9,92.6, , , ,main,560,560,P______________, ,IO062007,9.9,92.6, ,TD,28,1002,-1, , , , , , , , , , , , ,1007,185,45, , , , , , , , , , , , , , , , , , , , , , , , , , , , , , , , , , , , , , , , , , , , , , , , , , , , , , , , , , , , , , , , , , , , , , , , , , , , , , , , , , , , , , , , , , , , , , , , , , , , , , , , , , , , , , , , , , , , , , , , , , , , , , , , , , , ,3,315
2007314N10093,2007,80,NI,BB,SIDR,2007-11-11 00:00:00,TS,10.0,92.5, , , ,main,575,575,O______________,jtwc_io,IO062007,10.0,92.5, ,TD,30,1000,-1, , , , , , , , , , , , ,1005,190,45, , , , , , , , , , , , , , , , , , , , , , , , , , , , , , , , , , , , , , , , , , , , , , , , , , , , , , , , , , , , , , , , , , , , , , , , , , , , , , , , , , , , , , , , , , , , , , , , , , , , , , , , , , , , , , , , , , , , , , , , , , , , , , , , , , , ,3,305
2007314N10093,2007,80,NI,BB,SIDR,2007-11-11 03:00:00,TS,10.1,92.4, , , ,main,591,591,P______________, ,IO062007,10.1,92.4, ,TD,33,999,-1, , , , , , , , , , , , ,1006,170,35, , , , , , , , , , , , , , , , , , , , , , , , , , , , , , , , , , , , , , , , , , , , , , , , , , , , , , , , , , , , , , , , , , , , , , , , , , , , , , , , , , , , , , , , , , , , , , , , , , , , , , , , , , , , , , , , , , , , , , , , , , , , , , , , , , , ,3,290
2007314N10093,2007,80,NI,BB,SIDR,2007-11-11 06:00:00,TS,10.1,92.2, , , ,main,602,602,O______________,jtwc_io,IO062007,10.1,92.2, ,TS,35,998,0, , , , , , , , , , , , ,1007,150,25, , , , , , , , , , , , , , , , , , , , , , , , , , , , , , , , , , , , , , , , , , , , , , , , , , , , , , , , , , , , , , , , , , , , , , , , , , , , , , , , , , , , , , , , , , , , , , , , , , , , , , , , , , , , , , , , , , , , , , , , , , , , , , , , , , , ,3,280
2007314N10093,2007,80,NI,BB,SIDR,2007-11-11 09:00:00,TS,10.1,92.1,25,1004,newdelhi,main,609,609,P____O_________, ,IO062007,10.1,92.1, ,TS,40,994,0, , , , , , , , , , , , ,1007,150,25, , , , , , , , , , , , , , , , , , , , , , , , , , , , , , , , , , ,10.0,92.0,D,25,1004,1.50000,4, , , , , , , , , , , , , , , , , , , , , , , , , , , , , , , , , , , , , , , , , , , , , , , , , , , , , , , , , , , , , , , , , , , , , , , , , , , , , , , , , , , , , , , , , , ,3,275
2007314N10093,2007,80,NI,BB,SIDR,2007-11-11 12:00:00,TS,10.1,91.9,25,1004,newdelhi,main,621,621,O____O_________,jtwc_io,IO062007,10.2,91.9, ,TS,45,989,0,30,30,30,30, , , , , , , , ,1007,150,25, , , , , , , , , , , , , , , , , , , , , , , , , , , , , , , , , , ,10.0,92.0,D,25,1004,1.50000,4, , , , , , , , , , , , , , , , , , , , , , , , , , , , , , , , , , , , , , , , , , , , , , , , , , , , , , , , , , , , , , , , , , , , , , , , , , , , , , , , , , , , , , , , , , ,2,275
2007314N10093,2007,80,NI,BB,SIDR,2007-11-11 15:00:00,TS,10.1,91.8,25,1004,newdelhi,main,628,628,P____O_________, ,IO062007,10.2,91.7, ,TS,48,987,0,43,43,40,43, , , , , , , , ,1006,150,25, , , , , , , , , , , , , , , , , , , , , , , , , , , , , , , , , , ,10.0,92.0,D,25,1004,1.50000,4, , , , , , , , , , , , , , , , , , , , , , , , , , , , , , , , , , , , , , , , , , , , , , , , , , , , , , , , , , , , , , , , , , , , , , , , , , , , , , , , , , , , , , , , , , ,5,300
2007314N10093,2007,80,NI,BB,SIDR,2007-11-11 18:00:00,TS,10.4,91.5,30,1002,newdelhi,main,674,674,O____O_________,jtwc_io,IO062007,10.3,91.4, ,TS,50,985,0,55,55,50,55,20,20,20,20, , , , ,1005,150,25, , , , , , , , , , , , , , , , , , , , , , , , , , , , , , , , , , ,10.5,91.5,DD,30,1002,2.00000,5, , , , , , , , , , , , , , , , , , , , , , , , , , , , , , , , , , , , , , , , , , , , , , , , , , , , , , , , , , , , , , , , , , , , , , , , , , , , , , , , , , , , , , , , , , ,6,300
2007314N10093,2007,80,NI,BB,SIDR,2007-11-11 21:00:00,TS,10.4,91.3,30,1002,newdelhi,main,688,688,P____O_________, ,IO062007,10.3,91.1, ,TS,55,982,0,58,55,53,58,25,23,23,25, , , , ,1005,150,25, , , , , , , , , , , , , , , , , , , , , , , , , , , , , , , , , , ,10.5,91.5,DD,30,1002,2.00000,5, , , , , , , , , , , , , , , , , , , , , , , , , , , , , , , , , , , , , , , , , , , , , , , , , , , , , , , , , , , , , , , , , , , , , , , , , , , , , , , , , , , , , , , , , , ,3,280
2007314N10093,2007,80,NI,BB,SIDR,2007-11-12 00:00:00,TS,10.5,91.2,30,1002,newdelhi,main,687,687,O____O_________,jtwc_io,IO062007,10.4,90.8, ,TS,60,978,0,60,55,55,60,30,25,25,30, , , , ,1005,150,25, , , , , , , , , , , , , , , , , , , , , , , , , , , , , , , , , , ,10.5,91.5,DD,30,1002,2.00000,5, , , , , , , , , , , , , , , , , , , , , , , , , , , , , , , , , , , , , , , , , , , , , , , , , , , , , , , , , , , , , , , , , , , , , , , , , , , , , , , , , , , , , , , , , , ,5,280
2007314N10093,2007,80,NI,BB,SIDR,2007-11-12 03:00:00,TS,10.5,90.8,35,1002,newdelhi,main,710,701,P____O_________, ,IO062007,10.5,90.6, ,TS,65,974,1,65,60,60,65,35,30,30,35,10,10,10,10,1005,150,25, , , , , , , , , , , , , , , , , , , , , , , , , , , , , , , , , , ,10.5,91.0,CS,35,1002,2.50000,6, , , , , , , , , , , , , , , , , , , , , , , , , , , , , , , , , , , , , , , , , , , , , , , , , , , , , , , , , , , , , , , , , , , , , , , , , , , , , , , , , , , , , , , , , , ,8,300
2007314N10093,2007,80,NI,BB,SIDR,2007-11-12 06:00:00,TS,10.9,90.5,40,998,newdelhi,main,692,692,O____O_________,jtwc_io,IO062007,10.7,90.4, ,TY,70,970,1,70,65,65,70,40,35,35,40,20,20,20,20,1005,150,25, , , , , , , , , , , , , , , , , , , , , , , , , , , , , , , , , , ,11.0,90.5,CS,40,998,3.00000,10, , , , , , , , , , , , , , , , , , , , , , , , , , , , , , , , , , , , , , , , , , , , , , , , , , , , , , , , , , , , , , , , , , , , , , , , , , , , , , , , , , , , , , , , , , ,6,320
2007314N10093,2007,80,NI,BB,SIDR,2007-11-12 09:00:00,TS,10.9,90.4,45,996,newdelhi,main,698,685,P____O_________, ,IO062007,10.9,90.3, ,TY,75,967,1,78,70,73,80,43,38,38,43,23,23,23,23,1005,150,23, , , , , , , , , , , , , , , , , , , , , , , , , , , , , , , , , , ,11.0,90.5,CS,45,996,3.00000,12, , , , , , , , , , , , , , , , , , , , , , , , , , , , , , , , , , , , , , , , , , , , , , , , , , , , , , , , , , , , , , , , , , , , , , , , , , , , , , , , , , , , , , , , , , ,6,325
2007314N10093,2007,80,NI,BB,SIDR,2007-11-12 12:00:00,TS,11.3,90.1,55,992,newdelhi,main,685,677,O____O_________,jtwc_io,IO062007,11.1,90.2, ,TY,80,963,1,85,75,80,90,45,40,40,45,25,25,25,25,1005,150,20, , , , , , , , , , , , , , , , , , , , , , , , , , , , , , , , , , ,11.5,90.0,SCS,55,992,3.50000,16, , , , , , , , , , , , , , , , , , , , , , , , , , , , , , , , , , , , , , , , , , , , , , , , , , , , , , , , , , , , , , , , , , , , , , , , , , , , , , , , , , , , , , , , , , ,6,325
2007314N10093,2007,80,NI,BB,SIDR,2007-11-12 15:00:00,TS,11.4,90.0,55,992,newdelhi,main,684,676,P____O_________, ,IO062007,11.4,90.1, ,TY,93,954,2,100,78,80,110,50,45,45,50,28,28,28,28,1005,150,18, , , , , , , , , , , , , , , , , , , , , , , , , , , , , , , , , , ,11.5,90.0,SCS,55,992,3.50000,16, , , , , , , , , , , , , , , , , , , , , , , , , , , , , , , , , , , , , , , , , , , , , , , , , , , , , , , , , , , , , , , , , , , , , , , , , , , , , , , , , , , , , , , , , , ,3,340
2007314N10093,2007,80,NI,BB,SIDR,2007-11-12 18:00:00,TS,11.6,90.0,65,986,newdelhi,main,668,668,O____O_________,jtwc_io,IO062007,11.6,90.0, ,TY,105,944,3,115,80,80,130,55,50,50,55,30,30,30,30,1005,150,15, , , , , , , , , , , , , , , , , , , , , , , , , , , , , , , , , , ,11.5,90.0,VSCS,65,986,4.00000,20, , , , , , , , , , , , , , , , , , , , , , , , , , , , , , , , , , , , , , , , , , , , , , , , , , , , , , , , , , , , , , , , , , , , , , , , , , , , , , , , , , , , , , , , , , ,2,345
2007314N10093,2007,80,NI,BB,SIDR,2007-11-12 21:00:00,TS,11.6,90.0,80,980,newdelhi,main,668,660,P____O_________, ,IO062007,11.8,89.9, ,TY,108,943,3,113,90,83,125,60,58,55,63,40,40,38,40,1005,165,15, , , , , , , , , , , , , , , , , , , , , , , , , , , , , , , , , , ,11.5,90.0,VSCS,80,980,4.50000,29, , , , , , , , , , , , , , , , , , , , , , , , , , , , , , , , , , , , , , , , , , , , , , , , , , , , , , , , , , , , , , , , , , , , , , , , , , , , , , , , , , , , , , , , , , ,5,325
2007314N10093,2007,80,NI,BB,SIDR,2007-11-13 00:00:00,TS,12.0,89.7,90,968,newdelhi,main,660,652,O____O_________,jtwc_io,IO062007,12.0,89.9, ,TY,110,941,3,110,100,85,120,65,65,60,70,50,50,45,50,1005,180,15,10, , , , , , , , , , , , , , , , , , , , , , , , , , , , , , , , , ,12.0,89.5,VSCS,90,968,5.00000,40, , , , , , , , , , , , , , , , , , , , , , , , , , , , , , , , , , , , , , , , , , , , , , , , , , , , , , , , , , , , , , , , , , , , , , , , , , , , , , , , , , , , , , , , , , ,6,330
2007314N10093,2007,80,NI,BB,SIDR,2007-11-13 03:00:00,TS,12.1,89.7,90,968,newdelhi,main,652,645,P____O_________, ,IO062007,12.2,89.9, ,TY,113,939,4,110,98,90,120,68,65,63,70,50,50,48,50,1006,195,13, , , , , , , , , , , , , , , , , , , , , , , , , , , , , , , , , , ,12.0,89.5,VSCS,90,968,5.00000,40, , , , , , , , , , , , , , , , , , , , , , , , , , , , , , , , , , , , , , , , , , , , , , , , , , , , , , , , , , , , , , , , , , , , , , , , , , , , , , , , , , , , , , , , , , ,3,345
2007314N10093,2007,80,NI,BB,SIDR,2007-11-13 06:00:00,TS,12.3,89.7,90,968,newdelhi,main,638,611,O____O_________,jtwc_io,IO062007,12.5,89.8, ,TY,115,937,4,110,95,95,120,70,65,65,70,50,50,50,50,1006,210,10,10, , , , , , , , , , , , , , , , , , , , , , , , , , , , , , , , , ,12.0,89.5,VSCS,90,968,5.00000,40, , , , , , , , , , , , , , , , , , , , , , , , , , , , , , , , , , , , , , , , , , , , , , , , , , , , , , , , , , , , , , , , , , , , , , , , , , , , , , , , , , , , , , , , , , ,8,355
2007314N10093,2007,80,NI,BB,SIDR,2007-11-13 09:00:00,TS,12.9,89.6,90,964,newdelhi,main,604,598,P____O_________, ,IO062007,12.7,89.7, ,TY,115,937,4,110,95,95,120,70,65,65,70,50,50,50,50,1006,210,10, , , , , , , , , , , , , , , , , , , , , , , , , , , , , , , , , , ,13.0,89.5,VSCS,90,964,5.00000,40, , , , , , , , , , , , , , , , , , , , , , , , , , , , , , , , , , , , , , , , , , , , , , , , , , , , , , , , , , , , , , , , , , , , , , , , , , , , , , , , , , , , , , , , , , ,8,355
2007314N10093,2007,80,NI,BB,SIDR,2007-11-13 12:00:00,TS,13.0,89.6,90,964,newdelhi,main,598,595,O____O_________,jtwc_io,IO062007,13.0,89.6, ,TY,115,937,4,110,95,95,120,70,65,65,70,50,50,50,50,1006,210,10,10, , , , , , , , , , , , , , , , , , , , , , , , , , , , , , , , , ,13.0,89.5,VSCS,90,964,5.00000,40, , , , , , , , , , , , , , , , , , , , , , , , , , , , , , , , , , , , , , , , , , , , , , , , , , , , , , , , , , , , , , , , , , , , , , , , , , , , , , , , , , , , , , , , , , ,3,345
2007314N10093,2007,80,NI,BB,SIDR,2007-11-13 15:00:00,TS,13.2,89.5,90,964,newdelhi,main,595,572,P____O_________, ,IO062007,13.3,89.5, ,TY,115,937,4,118,110,100,120,68,65,65,68,50,50,48,48,1006,199,10, , , , , , , , , , , , , , , , , , , , , , , , , , , , , , , , , , ,13.0,89.5,VSCS,90,964,5.00000,40, , , , , , , , , , , , , , , , , , , , , , , , , , , , , , , , , , , , , , , , , , , , , , , , , , , , , , , , , , , , , , , , , , , , , , , , , , , , , , , , , , , , , , , , , , ,6,355
2007314N10093,2007,80,NI,BB,SIDR,2007-11-13 18:00:00,TS,13.6,89.5,90,964,newdelhi,main,572,552,O____O_________,jtwc_io,IO062007,13.7,89.5, ,TY,115,937,4,125,125,105,120,65,65,65,65,50,50,45,45,1006,187,10, , , , , , , , , , , , , , , , , , , , , , , , , , , , , , , , , , ,13.5,89.5,VSCS,90,964,5.00000,40, , , , , , , , , , , , , , , , , , , , , , , , , , , , , , , , , , , , , , , , , , , , , , , , , , , , , , , , , , , , , , , , , , , , , , , , , , , , , , , , , , , , , , , , , , ,8,355
2007314N10093,2007,80,NI,BB,SIDR,2007-11-13 21:00:00,TS,14.0,89.5,90,964,newdelhi,main,552,535,P____O_________, ,IO062007,14.0,89.4, ,TY,115,937,4,128,120,110,120,65,65,65,70,50,50,45,45,1006,187,10, , , , , , , , , , , , , , , , , , , , , , , , , , , , , , , , , , ,14.0,89.5,VSCS,90,964,5.00000,40, , , , , , , , , , , , , , , , , , , , , , , , , , , , , , , , , , , , , , , , , , , , , , , , , , , , , , , , , , , , , , , , , , , , , , , , , , , , , , , , , , , , , , , , , , ,8,355
2007314N10093,2007,80,NI,BB,SIDR,2007-11-14 00:00:00,TS,14.4,89.5,90,964,newdelhi,main,535,535,O____O_________,jtwc_io,IO062007,14.3,89.4, ,TY,115,937,4,130,115,115,120,65,65,65,75,50,50,45,45,1006,187,10,10, , , , , , , , , , , , , , , , , , , , , , , , , , , , , , , , , ,14.5,89.5,VSCS,90,964,5.00000,40, , , , , , , , , , , , , , , , , , , , , , , , , , , , , , , , , , , , , , , , , , , , , , , , , , , , , , , , , , , , , , , , , , , , , , , , , , , , , , , , , , , , , , , , , , ,6,355
2007314N10093,2007,80,NI,BB,SIDR,2007-11-14 03:00:00,TS,14.6,89.4,90,964,newdelhi,main,538,526,P____O_________, ,IO062007,14.6,89.3, ,TY,118,935,4,133,118,115,123,70,68,68,73,50,50,48,48,1005,196,18, , , , , , , , , , , , , , , , , , , , , , , , , , , , , , , , , , ,14.5,89.5,VSCS,90,964,5.00000,40, , , , , , , , , , , , , , , , , , , , , , , , , , , , , , , , , , , , , , , , , , , , , , , , , , , , , , , , , , , , , , , , , , , , , , , , , , , , , , , , , , , , , , , , , , ,6,355
2007314N10093,2007,80,NI,BB,SIDR,2007-11-14 06:00:00,TS,15.0,89.4,90,964,newdelhi,main,526,518,O____O_________,jtwc_io,IO062007,15.0,89.3, ,TY,120,933,4,135,120,115,125,75,70,70,70,50,50,50,50,1004,205,25,40, , , , , , , , , , , , , , , , , , , , , , , , , , , , , , , , , ,15.0,89.5,VSCS,90,964,5.00000,40, , , , , , , , , , , , , , , , , , , , , , , , , , , , , , , , , , , , , , , , , , , , , , , , , , , , , , , , , , , , , , , , , , , , , , , , , , , , , , , , , , , , , , , , , , ,9,355
2007314N10093,2007,80,NI,BB,SIDR,2007-11-14 09:00:00,TS,15.4,89.4,90,964,newdelhi,main,518,516,P____O_________, ,IO062007,15.4,89.2, ,TY,125,930,4,138,125,120,128,78,73,73,73,53,53,53,53,1004,205,20, , , , , , , , , , , , , , , , , , , , , , , , , , , , , , , , , , ,15.5,89.5,VSCS,90,964,5.00000,40, , , , , , , , , , , , , , , , , , , , , , , , , , , , , , , , , , , , , , , , , , , , , , , , , , , , , , , , , , , , , , , , , , , , , , , , , , , , , , , , , , , , , , , , , , ,10,340
2007314N10093,2007,80,NI,BB,SIDR,2007-11-14 12:00:00,TS,15.9,89.1,90,964,newdelhi,main,540,521,O____O_________,jtwc_io,IO062007,15.8,89.2, ,ST,130,926,4,140,130,125,130,80,75,75,75,55,55,55,55,1004,205,15,20, , , , , , , , , , , , , , , , , , , , , , , , , , , , , , , , , ,16.0,89.0,VSCS,90,964,5.00000,40, , , , , , , , , , , , , , , , , , , , , , , , , , , , , , , , , , , , , , , , , , , , , , , , , , , , , , , , , , , , , , , , , , , , , , , , , , , , , , , , , , , , , , , , , , ,7,335
2007314N10093,2007,80,NI,BB,SIDR,2007-11-14 15:00:00,TS,16.1,89.1,90,964,newdelhi,main,521,484,P____O_________, ,IO062007,16.2,89.2, ,ST,135,922,4,133,130,118,128,80,78,73,83,58,55,53,55,1004,205,18, , , , , , , , , , , , , , , , , , , , , , , , , , , , , , , , , , ,16.0,89.0,VSCS,90,964,5.00000,40, , , , , , , , , , , , , , , , , , , , , , , , , , , , , , , , , , , , , , , , , , , , , , , , , , , , , , , , , , , , , , , , , , , , , , , , , , , , , , , , , , , , , , , , , , ,7,0
2007314N10093,2007,80,NI,BB,SIDR,2007-11-14 18:00:00,TS,16.6,89.1,105,956,newdelhi,main,475,440,O____O_________,jtwc_io,IO062007,16.6,89.2, ,ST,140,918,5,125,130,110,125,80,80,70,90,60,55,50,55,1004,205,20,20, , , , , , , , , , , , , , , , , , , , , , , , , , , , , , , , , ,16.5,89.0,VSCS,105,956,5.50000,55, , , , , , , , , , , , , , , , , , , , , , , , , , , , , , , , , , , , , , , , , , , , , , , , , , , , , , , , , , , , , , , , , , , , , , , , , , , , , , , , , , , , , , , , , , ,10,0
2007314N10093,2007,80,NI,BB,SIDR,2007-11-14 21:00:00,TS,17.1,89.1,105,956,newdelhi,main,431,390,P____O_________, ,IO062007,17.1,89.2, ,ST,140,918,5,140,150,110,123,80,83,75,83,60,58,50,55,1004,213,18, , , , , , , , , , , , , , , , , , , , , , , , , , , , , , , , , , ,17.0,89.0,VSCS,105,956,5.50000,55, , , , , , , , , , , , , , , , , , , , , , , , , , , , , , , , , , , , , , , , , , , , , , , , , , , , , , , , , , , , , , , , , , , , , , , , , , , , , , , , , , , , , , , , , , ,11,0
2007314N10093,2007,80,NI,BB,SIDR,2007-11-15 00:00:00,TS,17.7,89.1,105,956,newdelhi,main,383,344,O____O_________,jtwc_io,IO062007,17.8,89.2, ,ST,140,918,5,155,170,110,120,80,85,80,75,60,60,50,55,1004,220,15,20, , , , , , , , , , , , , , , , , , , , , , , , , , , , , , , , , ,17.5,89.0,VSCS,105,956,5.50000,55, , , , , , , , , , , , , , , , , , , , , , , , , , , , , , , , , , , , , , , , , , , , , , , , , , , , , , , , , , , , , , , , , , , , , , , , , , , , , , , , , , , , , , , , , , ,12,0
2007314N10093,2007,80,NI,BB,SIDR,2007-11-15 03:00:00,TS,18.3,89.1,115,944,newdelhi,main,336,246,P____O_________, ,IO062007,18.6,89.2, ,ST,140,918,5,148,155,118,123,83,85,78,75,60,60,50,55,1004,200,15, , , , , , , , , , , , , , , , , , , , , , , , , , , , , , , , , , ,18.0,89.0,VSCS,115,944,6.00000,66, , , , , , , , , , , , , , , , , , , , , , , , , , , , , , , , , , , , , , , , , , , , , , , , , , , , , , , , , , , , , , , , , , , , , , , , , , , , , , , , , , , , , , , , , , ,18,0
2007314N10093,2007,80,NI,BB,SIDR,2007-11-15 06:00:00,TS,19.4,89.1,115,944,newdelhi,main,234,167,O____O_________,jtwc_io,IO062007,19.4,89.2, ,ST,140,918,5,140,140,125,125,85,85,75,75,60,60,50,55,1004,180,15,20, , , , , , , , , , , , , , , , , , , , , , , , , , , , , , , , , ,19.5,89.0,VSCS,115,944,6.00000,66, , , , , , , , , , , , , , , , , , , , , , , , , , , , , , , , , , , , , , , , , , , , , , , , , , , , , , , , , , , , , , , , , , , , , , , , , , , , , , , , , , , , , , , , , , ,18,0
2007314N10093,2007,80,NI,BB,SIDR,2007-11-15 09:00:00,TS,20.1,89.1,115,944,newdelhi,main,167,67,P____O_________, ,IO062007,20.2,89.2, ,ST,135,922,4,138,138,123,123,83,83,73,73,53,53,45,48,1004,191,13, , , , , , , , , , , , , , , , , , , , , , , , , , , , , , , , , , ,20.0,89.0,VSCS,115,944,6.00000,66, , , , , , , , , , , , , , , , , , , , , , , , , , , , , , , , , , , , , , , , , , , , , , , , , , , , , , , , , , , , , , , , , , , , , , , , , , , , , , , , , , , , , , , , , , ,16,5
2007314N10093,2007,80,NI,BB,SIDR,2007-11-15 12:00:00,TS,21.0,89.2,115,944,newdelhi,main,67,23,O____O_________,jtwc_io,IO062007,21.0,89.4, ,ST,130,926,4,135,135,120,120,80,80,70,70,45,45,40,40,1004,202,10,10, , , , , , , , , , , , , , , , , , , , , , , , , , , , , , , , , ,21.0,89.0,VSCS,115,944,6.00000,66, , , , , , , , , , , , , , , , , , , , , , , , , , , , , , , , , , , , , , , , , , , , , , , , , , , , , , , , , , , , , , , , , , , , , , , , , , , , , , , , , , , , , , , , , , ,16,15
2007314N10093,2007,80,NI,BB,SIDR,2007-11-15 15:00:00,TS,21.6,89.6,115,944,newdelhi,main,23,0,P____O_________, ,IO062007,21.8,89.8, ,ST,115,937,4,135,135,120,120,80,80,70,70,45,45,40,40,1004,202,20, , , , , , , , , , , , , , , , , , , , , , , , , , , , , , , , , , ,21.5,89.5,VSCS,115,944,6.00000,66, , , , , , , , , , , , , , , , , , , , , , , , , , , , , , , , , , , , , , , , , , , , , , , , , , , , , , , , , , , , , , , , , , , , , , , , , , , , , , , , , , , , , , , , , , ,19,35
2007314N10093,2007,80,NI,BB,SIDR,2007-11-15 18:00:00,TS,22.5,90.4, , ,newdelhi,main,0,0,O____O_________,jtwc_io,IO062007,22.6,90.2, ,TY,100,948,3,135,135,120,120,80,80,70,70,45,45,40,40,1004,202,30, , , , , , , , , , , , , , , , , , , , , , , , , , , , , , , , , , ,22.5,90.5, , , ,0.00000, , , , , , , , , , , , , , , , , , , , , , , , , , , , , , , , , , , , , , , , , , , , , , , , , , , , , , , , , , , , , , , , , , , , , , , , , , , , , , , , , , , , , , , , , , , ,22,30
2007314N10093,2007,80,NI,BB,SIDR,2007-11-15 21:00:00,TS,23.5,90.8, , ,newdelhi,main,0,0,P____O_________, ,IO062007,23.4,90.6, ,TY,80,963,1,135,135,120,120,80,80,70,70,22,22,20,20,1004,139,23, , , , , , , , , , , , , , , , , , , , , , , , , , , , , , , , , , ,23.5,91.0, , , ,0.00000, , , , , , , , , , , , , , , , , , , , , , , , , , , , , , , , , , , , , , , , , , , , , , , , , , , , , , , , , , , , , , , , , , , , , , , , , , , , , , , , , , , , , , , , , , , ,14,25
2007314N10093,2007,80,NI,BB,SIDR,2007-11-16 00:00:00,TS,23.8,91.0, , ,newdelhi,main,0,0,O____O_________,jtwc_io,IO062007,24.3,91.0, ,TS,60,978,0,135,135,120,120,80,80,70,70, , , , ,1004,75,15, , , , , , , , , , , , , , , , , , , , , , , , , , , , , , , , , , ,23.5,91.0, , , ,0.00000, , , , , , , , , , , , , , , , , , , , , , , , , , , , , , , , , , , , , , , , , , , , , , , , , , , , , , , , , , , , , , , , , , , , , , , , , , , , , , , , , , , , , , , , , , , ,12,30
2007314N10093,2007,80,NI,BB,SIDR,2007-11-16 03:00:00,NR,24.5,91.5, , ,newdelhi,main,0, ,_____O_________, ,IO062007, , , ,TS, , ,-5, , , , , , , , , , , , , , , , , , , , , , , , , , , , , , , , , , , , , , , , , , , , , , , , , ,24.5,91.5, , , ,0.00000, , , , , , , , , , , , , , , , , , , , , , , , , , , , , , , , , , , , , , , , , , , , , , , , , , , , , , , , , , , , , , , , , , , , , , , , , , , , , , , , , , , , , , , , , , , ,17,30
2013281N12098,2013,75,NI,BB,PHAILIN,2013-10-07 12:00:00,DS,11.8,97.6, , , ,main,98,98,O______________,jtwc_io,IO022013,11.8,97.6, ,DB,20,1007,-3, , , , , , , , , , , , ,1011,150, , , , , , , , , , , , , , , , , , , , , , , , , , , , , , , , , , , , , , , , , , , , , , , , , , , , , , , , , , , , , , , , , , , , , , , , , , , , , , , , , , , , , , , , , , , , , , , , , , , , , , , , , , , , , , , , , , , , , , , , , , , , , , , , , , , , ,13,285
2013281N12098,2013,75,NI,BB,PHAILIN,2013-10-07 15:00:00,DS,12.0,97.0, , , ,main,163,163,P______________, ,IO022013,12.0,97.0, ,DB,23,1006,-3, , , , , , , , , , , , ,1009,155, , , , , , , , , , , , , , , , , , , , , , , , , , , , , , , , , , , , , , , , , , , , , , , , , , , , , , , , , , , , , , , , , , , , , , , , , , , , , , , , , , , , , , , , , , , , , , , , , , , , , , , , , , , , , , , , , , , , , , , , , , , , , , , , , , , , ,12,285
2013281N12098,2013,75,NI,BB,PHAILIN,2013-10-07 18:00:00,TS,12.1,96.4, , , ,main,229,229,O______________,jtwc_io,IO022013,12.1,96.4, ,TD,25,1004,-1, , , , , , , , , , , , ,1006,160,45, , , , , , , , , , , , , , , , , , , , , , , , , , , , , , , , , , , , , , , , , , , , , , , , , , , , , , , , , , , , , , , , , , , , , , , , , , , , , , , , , , , , , , , , , , , , , , , , , , , , , , , , , , , , , , , , , , , , , , , , , , , , , , , , , , , ,10,285
2013281N12098,2013,75,NI,BB,PHAILIN,2013-10-07 21:00:00,TS,12.2,95.9, , , ,main,284,284,P______________, ,IO022013,12.2,95.9, ,TD,25,1004,-1, , , , , , , , , , , , ,1006,160,45, , , , , , , , , , , , , , , , , , , , , , , , , , , , , , , , , , , , , , , , , , , , , , , , , , , , , , , , , , , , , , , , , , , , , , , , , , , , , , , , , , , , , , , , , , , , , , , , , , , , , , , , , , , , , , , , , , , , , , , , , , , , , , , , , , , ,8,285
2013281N12098,2013,75,NI,BB,PHAILIN,2013-10-08 00:00:00,TS,12.3,95.6, , , ,main,307,307,O______________,jtwc_io,IO022013,12.3,95.6, ,TD,25,1004,-1, , , , , , , , , , , , ,1006,160,45, , , , , , , , , , , , , , , , , , , , , , , , , , , , , , , , , , , , , , , , , , , , , , , , , , , , , , , , , , , , , , , , , , , , , , , , , , , , , , , , , , , , , , , , , , , , , , , , , , , , , , , , , , , , , , , , , , , , , , , , , , , , , , , , , , , ,5,290
2013281N12098,2013,75,NI,BB,PHAILIN,2013-10-08 03:00:00,TS,12.4,95.5,25,1004,newdelhi,main,312,312,P____O_________, ,IO022013,12.5,95.3, ,TD,25,1004,-1, , , , , , , , , , , , ,1006,160,45, , , , , , , , , , , , , , , , , , , , , , , , , , , , , , , , , , ,12.0,96.0,D,25,1004,1.50000,3, , , , , , , , , , , , , , , , , , , , , , , , , , , , , , , , , , , , , , , , , , , , , , , , , , , , , , , , , , , , , , , , , , , , , , , , , , , , , , , , , , , , , , , , , , ,4,285
2013281N12098,2013,75,NI,BB,PHAILIN,2013-10-08 06:00:00,TS,12.4,95.2,25,1004,newdelhi,main,341,341,O____O_________,jtwc_io,IO022013,12.6,95.1, ,TD,25,1004,-1, , , , , , , , , , , , ,1006,160,45, , , , , , , , , , , , , , , , , , , , , , , , , , , , , , , , , , ,12.0,95.5,D,25,1004,1.50000,3, , , , , , , , , , , , , , , , , , , , , , , , , , , , , , , , , , , , , , , , , , , , , , , , , , , , , , , , , , , , , , , , , , , , , , , , , , , , , , , , , , , , , , , , , , ,6,270
2013281N12098,2013,75,NI,BB,PHAILIN,2013-10-08 09:00:00,TS,12.4,94.9, , , ,main,369,369,P____P_________, ,IO022013,12.7,94.8, ,TD,28,1002,-1, , , , , , , , , , , , ,1006,160,45, , , , , , , , , , , , , , , , , , , , , , , , , , , , , , , , , , ,12.0,95.0,D,25,1004, ,4, , , , , , , , , , , , , , , , , , , , , , , , , , , , , , , , , , , , , , , , , , , , , , , , , , , , , , , , , , , , , , , , , , , , , , , , , , , , , , , , , , , , , , , , , , ,7,265
2013281N12098,2013,75,NI,BB,PHAILIN,2013-10-08 12:00:00,TS,12.4,94.5,25,1003,newdelhi,main,373,366,O____O_________,jtwc_io,IO022013,12.7,94.5, ,TD,30,1000,-1, , , , , , , , , , , , ,1006,160,45, , , , , , , , , , , , , , , , , , , , , , , , , , , , , , , , , , ,12.0,94.5,D,25,1003,1.50000,4, , , , , , , , , , , , , , , , , , , , , , , , , , , , , , , , , , , , , , , , , , , , , , , , , , , , , , , , , , , , , , , , , , , , , , , , , , , , , , , , , , , , , , , , , , ,7,280
2013281N12098,2013,75,NI,BB,PHAILIN,2013-10-08 15:00:00,TS,12.5,94.2, , , ,main,368,349,P____P_________, ,IO022013,12.8,94.2, ,TD,30,1000,-1, , , , , , , , , , , , ,1007,173,45, , , , , , , , , , , , , , , , , , , , , , , , , , , , , , , , , , ,12.2,94.2,D,25,1003, ,4, , , , , , , , , , , , , , , , , , , , , , , , , , , , , , , , , , , , , , , , , , , , , , , , , , , , , , , , , , , , , , , , , , , , , , , , , , , , , , , , , , , , , , , , , , ,6,305
2013281N12098,2013,75,NI,BB,PHAILIN,2013-10-08 18:00:00,TS,12.7,94.0,25,1003,newdelhi,main,349,331,O____O_________,jtwc_io,IO022013,12.9,93.9, ,TD,30,1000,-1, , , , , , , , , , , , ,1007,185,45, , , , , , , , , , , , , , , , , , , , , , , , , , , , , , , , , , ,12.5,94.0,D,25,1003,1.50000,4, , , , , , , , , , , , , , , , , , , , , , , , , , , , , , , , , , , , , , , , , , , , , , , , , , , , , , , , , , , , , , , , , , , , , , , , , , , , , , , , , , , , , , , , , , ,7,310
2013281N12098,2013,75,NI,BB,PHAILIN,2013-10-08 21:00:00,TS,12.9,93.7, , , ,main,333,317,P____P_________, ,IO022013,13.0,93.7, ,TD,33,998,-1, , , , , , , , , , , , ,1007,193,45, , , , , , , , , , , , , , , , , , , , , , , , , , , , , , , , , , ,12.8,93.7,D,28,1003, ,5, , , , , , , , , , , , , , , , , , , , , , , , , , , , , , , , , , , , , , , , , , , , , , , , , , , , , , , , , , , , , , , , , , , , , , , , , , , , , , , , , , , , , , , , , , ,6,310
2013281N12098,2013,75,NI,BB,PHAILIN,2013-10-09 00:00:00,TS,13.1,93.5,30,1002,newdelhi,main,317,317,O____O_________,jtwc_io,IO022013,13.2,93.4, ,TS,35,996,0, , , , , , , , , , , , ,1006,200,45, , , , , , , , , , , , , , , , , , , , , , , , , , , , , , , , , , ,13.0,93.5,DD,30,1002,2.00000,5, , , , , , , , , , , , , , , , , , , , , , , , , , , , , , , , , , , , , , , , , , , , , , , , , , , , , , , , , , , , , , , , , , , , , , , , , , , , , , , , , , , , , , , , , , ,4,300
2013281N12098,2013,75,NI,BB,PHAILIN,2013-10-09 03:00:00,TS,13.2,93.3,30,1001,newdelhi,main,314,314,P____O_________, ,IO022013,13.3,93.1, ,TS,38,995,0, , , , , , , , , , , , ,1007,200,45, , , , , , , , , , , , , , , , , , , , , , , , , , , , , , , , , , ,13.0,93.5,DD,30,1001,2.00000,5, , , , , , , , , , , , , , , , , , , , , , , , , , , , , , , , , , , , , , , , , , , , , , , , , , , , , , , , , , , , , , , , , , , , , , , , , , , , , , , , , , , , , , , , , , ,5,280
2013281N12098,2013,75,NI,BB,PHAILIN,2013-10-09 06:00:00,TS,13.2,92.9,30,1000,newdelhi,main,332,322,O____O_________,jtwc_io,IO022013,13.4,92.8, ,TS,40,993,0,55,50,50,55, , , , , , , , ,1007,200,45, , , , , , , , , , , , , , , , , , , , , , , , , , , , , , , , , , ,13.0,93.0,DD,30,1000,2.00000,6, , , , , , , , , , , , , , , , , , , , , , , , , , , , , , , , , , , , , , , , , , , , , , , , , , , , , , , , , , , , , , , , , , , , , , , , , , , , , , , , , , , , , , , , , , ,8,295
2013281N12098,2013,75,NI,BB,PHAILIN,2013-10-09 09:00:00,TS,13.5,92.5,30,1000,newdelhi,main,328,320,P____O_________, ,IO022013,13.5,92.5, ,TS,43,991,0,55,50,50,55, , , , , , , , ,1007,200,45, , , , , , , , , , , , , , , , , , , , , , , , , , , , , , , , , , ,13.5,92.5,DD,30,1000,2.00000,6, , , , , , , , , , , , , , , , , , , , , , , , , , , , , , , , , , , , , , , , , , , , , , , , , , , , , , , , , , , , , , , , , , , , , , , , , , , , , , , , , , , , , , , , , , ,6,310
2013281N12098,2013,75,NI,BB,PHAILIN,2013-10-09 12:00:00,TS,13.6,92.4,35,999,newdelhi,main,327,326,O____O_________,jtwc_io,IO022013,13.7,92.3, ,TS,45,989,0,55,50,50,55, , , , , , , , ,1007,200,45, , , , , , , , , , , , , , , , , , , , , , , , , , , , , , , , , , ,13.5,92.5,CS,35,999,2.50000,7, , , , , , , , , , , , , , , , , , , , , , , , , , , , , , , , , , , , , , , , , , , , , , , , , , , , , , , , , , , , , , , , , , , , , , , , , , , , , , , , , , , , , , , , , , ,3,310
2013281N12098,2013,75,NI,BB,PHAILIN,2013-10-09 15:00:00,TS,13.7,92.3,35,999,newdelhi,main,326,325,P____O_________, ,IO022013,13.8,92.0, ,TS,50,986,0,55,53,55,60, , , , , , , , ,1007,205,45, , , , , , , , , , , , , , , , , , , , , , , , , , , , , , , , , , ,13.6,92.5,CS,35,999,2.50000,7, , , , , , , , , , , , , , , , , , , , , , , , , , , , , , , , , , , , , , , , , , , , , , , , , , , , , , , , , , , , , , , , , , , , , , , , , , , , , , , , , , , , , , , , , , ,6,310
2013281N12098,2013,75,NI,BB,PHAILIN,2013-10-09 18:00:00,TS,14.0,91.9,40,998,newdelhi,main,333,333,O____O_________,jtwc_io,IO022013,14.0,91.8, ,TS,55,982,0,55,55,60,65, , , , , , , , ,1007,210,45, , , , , , , , , , , , , , , , , , , , , , , , , , , , , , , , , , ,14.0,92.0,CS,40,998,2.50000,8, , , , , , , , , , , , , , , , , , , , , , , , , , , , , , , , , , , , , , , , , , , , , , , , , , , , , , , , , , , , , , , , , , , , , , , , , , , , , , , , , , , , , , , , , , ,6,310
2013281N12098,2013,75,NI,BB,PHAILIN,2013-10-09 21:00:00,TS,14.1,91.8,45,996,newdelhi,main,334,331,P____O_________, ,IO022013,14.2,91.6, ,TS,60,978,0,60,60,65,70, , , , , , , , ,1007,210,33, , , , , , , , , , , , , , , , , , , , , , , , , , , , , , , , , , ,14.0,92.0,CS,45,996,3.00000,10, , , , , , , , , , , , , , , , , , , , , , , , , , , , , , , , , , , , , , , , , , , , , , , , , , , , , , , , , , , , , , , , , , , , , , , , , , , , , , , , , , , , , , , , , , ,7,315
2013281N12098,2013,75,NI,BB,PHAILIN,2013-10-10 00:00:00,TS,14.5,91.4,45,996,newdelhi,main,344,344,O____O_________,jtwc_io,IO022013,14.5,91.3, ,TY,65,974,1,65,65,70,75,20,20,20,20, , , , ,1007,210,20, , , , , , , , , , , , , , , , , , , , , , , , , , , , , , , , , , ,14.5,91.5,CS,45,996,3.00000,10, , , , , , , , , , , , , , , , , , , , , , , , , , , , , , , , , , , , , , , , , , , , , , , , , , , , , , , , , , , , , , , , , , , , , , , , , , , , , , , , , , , , , , , , , , ,9,305
2013281N12098,2013,75,NI,BB,PHAILIN,2013-10-10 03:00:00,TS,14.6,91.0,55,990,newdelhi,main,377,372,P____O_________, ,IO022013,14.8,91.1, ,TY,78,965,1,68,68,73,78,23,23,23,23, , , , ,1007,205,18, , , , , , , , , , , , , , , , , , , , , , , , , , , , , , , , , , ,14.5,91.0,SCS,55,990,3.50000,15, , , , , , , , , , , , , , , , , , , , , , , , , , , , , , , , , , , , , , , , , , , , , , , , , , , , , , , , , , , , , , , , , , , , , , , , , , , , , , , , , , , , , , , , , , ,9,305
2013281N12098,2013,75,NI,BB,PHAILIN,2013-10-10 06:00:00,TS,15.0,90.7,65,984,newdelhi,main,391,391,O____O_________,jtwc_io,IO022013,15.0,90.8, ,TY,90,956,2,70,70,75,80,25,25,25,25,10,10,10,10,1006,200,15,20, , , , , , , , , , , , , , , , , , , , , , , , , , , , , , , , , ,15.0,90.5,VSCS,65,984,4.00000,22, , , , , , , , , , , , , , , , , , , , , , , , , , , , , , , , , , , , , , , , , , , , , , , , , , , , , , , , , , , , , , , , , , , , , , , , , , , , , , , , , , , , , , , , , , ,7,315
2013281N12098,2013,75,NI,BB,PHAILIN,2013-10-10 09:00:00,TS,15.1,90.5,70,982,newdelhi,main,409,406,P____O_________, ,IO022013,15.2,90.5, ,TY,100,949,3,70,70,75,80,25,25,25,25,13,13,13,13,1006,200,14, , , , , , , , , , , , , , , , , , , , , , , , , , , , , , , , , , ,15.0,90.5,VSCS,70,982,4.00000,24, , , , , , , , , , , , , , , , , , , , , , , , , , , , , , , , , , , , , , , , , , , , , , , , , , , , , , , , , , , , , , , , , , , , , , , , , , , , , , , , , , , , , , , , , , ,7,310
2013281N12098,2013,75,NI,BB,PHAILIN,2013-10-10 12:00:00,TS,15.4,90.1,75,976,newdelhi,main,442,442,O____O_________,jtwc_io,IO022013,15.4,90.2, ,TY,110,941,3,70,70,75,80,25,25,25,25,15,15,15,15,1005,200,12,15, , , , , , , , , , , , , , , , , , , , , , , , , , , , , , , , , ,15.5,90.0,VSCS,75,976,4.50000,30, , , , , , , , , , , , , , , , , , , , , , , , , , , , , , , , , , , , , , , , , , , , , , , , , , , , , , , , , , , , , , , , , , , , , , , , , , , , , , , , , , , , , , , , , , ,7,305
2013281N12098,2013,75,NI,BB,PHAILIN,2013-10-10 15:00:00,TS,15.5,89.9,90,966,newdelhi,main,463,463,P____O_________, ,IO022013,15.5,89.8, ,TY,120,934,4,78,75,78,83,30,30,30,30,18,18,18,18,1005,200,12, , , , , , , , , , , , , , , , , , , , , , , , , , , , , , , , , , ,15.5,90.0,VSCS,90,966,5.00000,40, , , , , , , , , , , , , , , , , , , , , , , , , , , , , , , , , , , , , , , , , , , , , , , , , , , , , , , , , , , , , , , , , , , , , , , , , , , , , , , , , , , , , , , , , , ,6,280
2013281N12098,2013,75,NI,BB,PHAILIN,2013-10-10 18:00:00,TS,15.6,89.5,95,960,newdelhi,main,505,505,O____O_________,jtwc_io,IO022013,15.6,89.4, ,ST,130,926,4,85,80,80,85,35,35,35,35,20,20,20,20,1004,200,12,15, , , , , , , , , , , , , , , , , , , , , , , , , , , , , , , , , ,15.5,89.5,VSCS,95,960,5.00000,46, , , , , , , , , , , , , , , , , , , , , , , , , , , , , , , , , , , , , , , , , , , , , , , , , , , , , , , , , , , , , , , , , , , , , , , , , , , , , , , , , , , , , , , , , , ,9,275
2013281N12098,2013,75,NI,BB,PHAILIN,2013-10-10 21:00:00,TS,15.6,89.0,100,954,newdelhi,main,558,524,P____O_________, ,IO022013,15.6,89.0, ,ST,133,924,4,88,83,80,90,40,40,45,45,25,25,25,25,1004,210,12, , , , , , , , , , , , , , , , , , , , , , , , , , , , , , , , , , ,15.5,89.0,VSCS,100,954,5.50000,52, , , , , , , , , , , , , , , , , , , , , , , , , , , , , , , , , , , , , , , , , , , , , , , , , , , , , , , , , , , , , , , , , , , , , , , , , , , , , , , , , , , , , , , , , , ,9,290
2013281N12098,2013,75,NI,BB,PHAILIN,2013-10-11 00:00:00,TS,15.9,88.6,110,946,newdelhi,main,514,509,O____O_________,jtwc_io,IO022013,15.7,88.7, ,ST,135,922,4,90,85,80,95,45,45,55,55,30,30,30,30,1004,220,12,15, , , , , , , , , , , , , , , , , , , , , , , , , , , , , , , , , ,16.0,88.5,VSCS,110,946,5.50000,60, , , , , , , , , , , , , , , , , , , , , , , , , , , , , , , , , , , , , , , , , , , , , , , , , , , , , , , , , , , , , , , , , , , , , , , , , , , , , , , , , , , , , , , , , , ,6,305
2013281N12098,2013,75,NI,BB,PHAILIN,2013-10-11 03:00:00,TS,15.9,88.5,115,940,newdelhi,main,509,480,P____O_________, ,IO022013,15.9,88.5, ,ST,135,922,4,90,85,80,95,45,45,55,55,30,30,30,30,1005,220,12, , , , , , , , , , , , , , , , , , , , , , , , , , , , , , , , , , ,16.0,88.5,VSCS,115,940,6.00000,66, , , , , , , , , , , , , , , , , , , , , , , , , , , , , , , , , , , , , , , , , , , , , , , , , , , , , , , , , , , , , , , , , , , , , , , , , , , , , , , , , , , , , , , , , , ,4,315
2013281N12098,2013,75,NI,BB,PHAILIN,2013-10-11 06:00:00,TS,16.2,88.3,115,940,newdelhi,main,470,436,O____O_________,jtwc_io,IO022013,16.1,88.3, ,ST,135,922,4,90,85,80,95,45,45,55,55,30,30,30,30,1005,220,12,15, , , , , , , , , , , , , , , , , , , , , , , , , , , , , , , , , ,16.2,88.3,VSCS,115,940,6.00000,66, , , , , , , , , , , , , , , , , , , , , , , , , , , , , , , , , , , , , , , , , , , , , , , , , , , , , , , , , , , , , , , , , , , , , , , , , , , , , , , , , , , , , , , , , , ,7,320
2013281N12098,2013,75,NI,BB,PHAILIN,2013-10-11 09:00:00,TS,16.5,88.0,115,940,newdelhi,main,426,393,P____O_________, ,IO022013,16.4,88.0, ,ST,138,920,5,90,85,80,95,45,45,55,55,30,30,30,30,1004,215,11, , , , , , , , , , , , , , , , , , , , , , , , , , , , , , , , , , ,16.5,88.0,VSCS,115,940,6.00000,66, , , , , , , , , , , , , , , , , , , , , , , , , , , , , , , , , , , , , , , , , , , , , , , , , , , , , , , , , , , , , , , , , , , , , , , , , , , , , , , , , , , , , , , , , , ,8,315
2013281N12098,2013,75,NI,BB,PHAILIN,2013-10-11 12:00:00,TS,16.8,87.7,115,940,newdelhi,main,383,363,O____O_________,jtwc_io,IO022013,16.7,87.7, ,ST,140,918,5,90,85,80,95,45,45,55,55,30,30,30,30,1002,210,10,10, , , , , , , , , , , , , , , , , , , , , , , , , , , , , , , , , ,16.8,87.7,VSCS,115,940,6.00000,66, , , , , , , , , , , , , , , , , , , , , , , , , , , , , , , , , , , , , , , , , , , , , , , , , , , , , , , , , , , , , , , , , , , , , , , , , , , , , , , , , , , , , , , , , , ,8,295
2013281N12098,2013,75,NI,BB,PHAILIN,2013-10-11 15:00:00,TS,16.8,87.3,115,940,newdelhi,main,363,331,P____O_________, ,IO022013,16.8,87.3, ,ST,140,918,5,95,88,85,98,45,45,55,55,30,30,30,30,1003,215,10, , , , , , , , , , , , , , , , , , , , , , , , , , , , , , , , , , ,16.9,87.2,VSCS,115,940,6.00000,66, , , , , , , , , , , , , , , , , , , , , , , , , , , , , , , , , , , , , , , , , , , , , , , , , , , , , , , , , , , , , , , , , , , , , , , , , , , , , , , , , , , , , , , , , , ,7,285
2013281N12098,2013,75,NI,BB,PHAILIN,2013-10-11 18:00:00,TS,16.9,87.0,115,940,newdelhi,main,331,300,O____O_________,jtwc_io,IO022013,16.8,87.0, ,ST,140,918,5,100,90,90,100,45,45,55,55,30,30,30,30,1003,220,10,10, , , , , , , , , , , , , , , , , , , , , , , , , , , , , , , , , ,17.0,87.0,VSCS,115,940,6.00000,66, , , , , , , , , , , , , , , , , , , , , , , , , , , , , , , , , , , , , , , , , , , , , , , , , , , , , , , , , , , , , , , , , , , , , , , , , , , , , , , , , , , , , , , , , , ,6,295
2013281N12098,2013,75,NI,BB,PHAILIN,2013-10-11 21:00:00,TS,17.1,86.7,115,940,newdelhi,main,292,254,P____O_________, ,IO022013,17.1,86.7, ,ST,140,918,5,110,100,100,110,53,50,55,58,30,30,30,30,1004,215,10, , , , , , , , , , , , , , , , , , , , , , , , , , , , , , , , , , ,17.1,86.8,VSCS,115,940,6.00000,66, , , , , , , , , , , , , , , , , , , , , , , , , , , , , , , , , , , , , , , , , , , , , , , , , , , , , , , , , , , , , , , , , , , , , , , , , , , , , , , , , , , , , , , , , , ,8,315
2013281N12098,2013,75,NI,BB,PHAILIN,2013-10-12 00:00:00,TS,17.5,86.5,115,940,newdelhi,main,247,200,O____O_________,jtwc_io,IO022013,17.4,86.4, ,ST,140,918,5,120,110,110,120,60,55,55,60,30,30,30,30,1004,210,10,10, , , , , , , , , , , , , , , , , , , , , , , , , , , , , , , , , ,17.5,86.5,VSCS,115,940,6.00000,66, , , , , , , , , , , , , , , , , , , , , , , , , , , , , , , , , , , , , , , , , , , , , , , , , , , , , , , , , , , , , , , , , , , , , , , , , , , , , , , , , , , , , , , , , , ,9,315
2013281N12098,2013,75,NI,BB,PHAILIN,2013-10-12 03:00:00,TS,17.7,86.0,115,940,newdelhi,main,192,155,P____O_________, ,IO022013,17.7,86.1, ,ST,138,920,5,120,110,110,120,60,55,55,60,30,30,30,30,1004,210,13, , , , , , , , , , , , , , , , , , , , , , , , , , , , , , , , , , ,17.8,86.0,VSCS,115,940,6.00000,66, , , , , , , , , , , , , , , , , , , , , , , , , , , , , , , , , , , , , , , , , , , , , , , , , , , , , , , , , , , , , , , , , , , , , , , , , , , , , , , , , , , , , , , , , , ,9,310
2013281N12098,2013,75,NI,BB,PHAILIN,2013-10-12 06:00:00,TS,18.1,85.8,115,940,newdelhi,main,148,104,O____O_________,jtwc_io,IO022013,18.0,85.8, ,ST,135,922,4,120,110,110,120,60,55,55,60,30,30,30,30,1004,210,15,20, , , , , , , , , , , , , , , , , , , , , , , , , , , , , , , , , ,18.1,85.7,VSCS,115,940,6.00000,66, , , , , , , , , , , , , , , , , , , , , , , , , , , , , , , , , , , , , , , , , , , , , , , , , , , , , , , , , , , , , , , , , , , , , , , , , , , , , , , , , , , , , , , , , , ,9,320
2013281N12098,2013,75,NI,BB,PHAILIN,2013-10-12 09:00:00,TS,18.5,85.4,115,940,newdelhi,main,90,62,P____O_________, ,IO022013,18.3,85.5, ,ST,130,926,4,120,110,110,113,58,53,53,53,28,28,28,28,1004,210,13, , , , , , , , , , , , , , , , , , , , , , , , , , , , , , , , , , ,18.6,85.4,VSCS,115,940,6.00000,66, , , , , , , , , , , , , , , , , , , , , , , , , , , , , , , , , , , , , , , , , , , , , , , , , , , , , , , , , , , , , , , , , , , , , , , , , , , , , , , , , , , , , , , , , , ,8,320
2013281N12098,2013,75,NI,BB,PHAILIN,2013-10-12 12:00:00,TS,18.7,85.2,115,940,newdelhi,main,62,30,O____O_________,jtwc_io,IO022013,18.7,85.2, ,TY,125,929,4,120,110,110,105,55,50,50,45,25,25,25,25,1004,210,10,10, , , , , , , , , , , , , , , , , , , , , , , , , , , , , , , , , ,18.7,85.2,VSCS,115,940,6.00000,66, , , , , , , , , , , , , , , , , , , , , , , , , , , , , , , , , , , , , , , , , , , , , , , , , , , , , , , , , , , , , , , , , , , , , , , , , , , , , , , , , , , , , , , , , , ,7,335
2013281N12098,2013,75,NI,BB,PHAILIN,2013-10-12 15:00:00,TS,19.1,85.1,115,940,newdelhi,main,30,0,P____O_________, ,IO022013,19.1,85.0, ,TY,113,939,4,120,110,110,105,55,50,50,45,25,25,25,25,1003,215,10, , , , , , , , , , , , , , , , , , , , , , , , , , , , , , , , , , ,19.1,85.2,VSCS,115,940,6.00000,66, , , , , , , , , , , , , , , , , , , , , , , , , , , , , , , , , , , , , , , , , , , , , , , , , , , , , , , , , , , , , , , , , , , , , , , , , , , , , , , , , , , , , , , , , , ,9,335
2013281N12098,2013,75,NI,BB,PHAILIN,2013-10-12 18:00:00,TS,19.5,84.9,100,956,newdelhi,main,0,0,O____O_________,jtwc_io,IO022013,19.5,84.9, ,TY,100,948,3,120,110,110,105,55,50,50,45,25,25,25,25,1002,220,10,10, , , , , , , , , , , , , , , , , , , , , , , , , , , , , , , , , ,19.5,84.8,VSCS,100,956,0.00000,50, , , , , , , , , , , , , , , , , , , , , , , , , , , , , , , , , , , , , , , , , , , , , , , , , , , , , , , , , , , , , , , , , , , , , , , , , , , , , , , , , , , , , , , , , , ,10,330
2013281N12098,2013,75,NI,BB,PHAILIN,2013-10-12 21:00:00,TS,19.9,84.6,90,966,newdelhi,main,0,0,P____O_________, ,IO022013,19.9,84.7, ,TY,88,958,2,120,110,110,105,55,50,50,45,25,25,25,25,1002,193,10, , , , , , , , , , , , , , , , , , , , , , , , , , , , , , , , , , ,20.0,84.5,VSCS,90,966,0.00000,40, , , , , , , , , , , , , , , , , , , , , , , , , , , , , , , , , , , , , , , , , , , , , , , , , , , , , , , , , , , , , , , , , , , , , , , , , , , , , , , , , , , , , , , , , , ,10,340
2013281N12098,2013,75,NI,BB,PHAILIN,2013-10-13 00:00:00,TS,20.4,84.5,75,976,newdelhi,main,0,0,O____O_________,jtwc_io,IO022013,20.3,84.5, ,TY,75,967,1,120,110,110,105,55,50,50,45,25,25,25,25,1001,165,10, , , , , , , , , , , , , , , , , , , , , , , , , , , , , , , , , , ,20.5,84.5,VSCS,75,976,0.00000,30, , , , , , , , , , , , , , , , , , , , , , , , , , , , , , , , , , , , , , , , , , , , , , , , , , , , , , , , , , , , , , , , , , , , , , , , , , , , , , , , , , , , , , , , , , ,11,335
2013281N12098,2013,75,NI,BB,PHAILIN,2013-10-13 03:00:00,TS,20.9,84.1,55,990,newdelhi,main,0,0,P____O_________, ,IO022013,20.8,84.3, ,TY,63,976,0,120,110,110,105, , , , , , , , ,1001,165,10, , , , , , , , , , , , , , , , , , , , , , , , , , , , , , , , , , ,21.0,84.0,SCS,55,990,0.00000,15, , , , , , , , , , , , , , , , , , , , , , , , , , , , , , , , , , , , , , , , , , , , , , , , , , , , , , , , , , , , , , , , , , , , , , , , , , , , , , , , , , , , , , , , , , ,12,340
2013281N12098,2013,75,NI,BB,PHAILIN,2013-10-13 06:00:00,TS,21.5,84.0,40,992,newdelhi,main,0,0,O____O_________,jtwc_io,IO022013,21.5,84.1, ,TS,50,985,0,120,110,110,105, , , , , , , , ,1001,165,10, , , , , , , , , , , , , , , , , , , , , , , , , , , , , , , , , , ,21.5,84.0,CS,40,992,0.00000,13, , , , , , , , , , , , , , , , , , , , , , , , , , , , , , , , , , , , , , , , , , , , , , , , , , , , , , , , , , , , , , , , , , , , , , , , , , , , , , , , , , , , , , , , , , ,11,350
2013281N12098,2013,75,NI,BB,PHAILIN,2013-10-13 09:00:00,TS,22.0,83.9,35,993,newdelhi,main,0,0,P____O_________, ,IO022013,22.3,84.1, ,TS,45,989,0,120,110,110,105, , , , , , , , ,1001,165,10, , , , , , , , , , , , , , , , , , , , , , , , , , , , , , , , , , ,21.8,83.8,CS,35,993,0.00000,12, , , , , , , , , , , , , , , , , , , , , , , , , , , , , , , , , , , , , , , , , , , , , , , , , , , , , , , , , , , , , , , , , , , , , , , , , , , , , , , , , , , , , , , , , , ,11,350
2013281N12098,2013,75,NI,BB,PHAILIN,2013-10-13 12:00:00,TS,22.6,83.9,35,994,newdelhi,main,0,0,O____O_________,jtwc_io,IO022013,23.1,84.1, ,TS,40,993,0,120,110,110,105, , , , , , , , ,1001,165,10, , , , , , , , , , , , , , , , , , , , , , , , , , , , , , , , , , ,22.5,83.8,CS,35,994,0.00000,10, , , , , , , , , , , , , , , , , , , , , , , , , , , , , , , , , , , , , , , , , , , , , , , , , , , , , , , , , , , , , , , , , , , , , , , , , , , , , , , , , , , , , , , , , , ,9,345
2013281N12098,2013,75,NI,BB,PHAILIN,2013-10-13 15:00:00,TS,22.8,83.6, , , ,main,0,0,_____P_________, ,IO022013, , , ,TS, , ,-5, , , , , , , , , , , , , , , , , , , , , , , , , , , , , , , , , , , , , , , , , , , , , , , , , ,22.8,83.6,CS,33,995, ,8, , , , , , , , , , , , , , , , , , , , , , , , , , , , , , , , , , , , , , , , , , , , , , , , , , , , , , , , , , , , , , , , , , , , , , , , , , , , , , , , , , , , , , , , , , ,5,320
2013281N12098,2013,75,NI,BB,PHAILIN,2013-10-13 18:00:00,TS,23.0,83.5,30,996,newdelhi,main,0,0,_____O_________, , , , , , , , ,-5, , , , , , , , , , , , , , , , , , , , , , , , , , , , , , , , , , , , , , , , , , , , , , , , , ,23.0,83.5,DD,30,996,0.00000,6, , , , , , , , , , , , , , , , , , , , , , , , , , , , , , , , , , , , , , , , , , , , , , , , , , , , , , , , , , , , , , , , , , , , , , , , , , , , , , , , , , , , , , , , , , ,4,10
2013281N12098,2013,75,NI,BB,PHAILIN,2013-10-13 21:00:00,TS,23.2,83.7, , , ,main,0,0,_____P_________, , , , , , , , ,-5, , , , , , , , , , , , , , , , , , , , , , , , , , , , , , , , , , , , , , , , , , , , , , , , , ,23.2,83.7,DD,30,998, ,6, , , , , , , , , , , , , , , , , , , , , , , , , , , , , , , , , , , , , , , , , , , , , , , , , , , , , , , , , , , , , , , , , , , , , , , , , , , , , , , , , , , , , , , , , , ,7,45
2013281N12098,2013,75,NI,BB,PHAILIN,2013-10-14 00:00:00,TS,23.5,84.0,30,1000,newdelhi,main,0,0,_____O_________, , , , , , , , ,-5, , , , , , , , , , , , , , , , , , , , , , , , , , , , , , , , , , , , , , , , , , , , , , , , , ,23.5,84.0,DD,30,1000,0.00000,5, , , , , , , , , , , , , , , , , , , , , , , , , , , , , , , , , , , , , , , , , , , , , , , , , , , , , , , , , , , , , , , , , , , , , , , , , , , , , , , , , , , , , , , , , , ,8,30
2013281N12098,2013,75,NI,BB,PHAILIN,2013-10-14 03:00:00,TS,23.9,84.2, , , ,main,0,0,_____P_________, , , , , , , , ,-5, , , , , , , , , , , , , , , , , , , , , , , , , , , , , , , , , , , , , , , , , , , , , , , , , ,23.9,84.2,DD,28,1002, ,4, , , , , , , , , , , , , , , , , , , , , , , , , , , , , , , , , , , , , , , , , , , , , , , , , , , , , , , , , , , , , , , , , , , , , , , , , , , , , , , , , , , , , , , , , , ,10,10
2013281N12098,2013,75,NI,BB,PHAILIN,2013-10-14 06:00:00,TS,24.5,84.2,25,1004,newdelhi,main,0, ,_____O_________, , , , , , , , ,-5, , , , , , , , , , , , , , , , , , , , , , , , , , , , , , , , , , , , , , , , , , , , , , , , , ,24.5,84.2,D,25,1004,0.00000,3, , , , , , , , , , , , , , , , , , , , , , , , , , , , , , , , , , , , , , , , , , , , , , , , , , , , , , , , , , , , , , , , , , , , , , , , , , , , , , , , , , , , , , , , , , ,11,5
2019116N02090,2019,23,NI,BB,FANI,2019-04-25 18:00:00,TS,1.9,90.2, , , ,main,627,626,O______________,jtwc_io,IO012019,1.9,90.2, ,TD,25,1004,-1, , , , , , , , , , , , ,1009,200,50, , , , , , , , , , , , , , , , , , , , , , , , , , , , , , , , , , , , , , , , , , , , , , , , , , , , , , , , , , , , , , , , , , , , , , , , , , , , , , , , , , , , , , , , , , , , , , , , , , , , , , , , , , , , , , , , , , , , , , , , , , , , , , , , , , , ,4,335
2019116N02090,2019,23,NI,BB,FANI,2019-04-25 21:00:00,TS,2.1,90.1, , , ,main,636,636,P______________, ,IO012019,2.1,90.1, ,TD,25,1004,-1, , , , , , , , , , , , ,1008,150,50, , , , , , , , , , , , , , , , , , , , , , , , , , , , , , , , , , , , , , , , , , , , , , , , , , , , , , , , , , , , , , , , , , , , , , , , , , , , , , , , , , , , , , , , , , , , , , , , , , , , , , , , , , , , , , , , , , , , , , , , , , , , , , , , , , , ,4,325
2019116N02090,2019,23,NI,BB,FANI,2019-04-26 00:00:00,TS,2.2,90.0, , , ,main,646,646,O______________,jtwc_io,IO012019,2.2,90.0, ,TD,25,1003,-1, , , , , , , , , , , , ,1006,100,50, , , , , , , , , , , , , , , , , , , , , , , , , , , , , , , , , , , , , , , , , , , , , , , , , , , , , , , , , , , , , , , , , , , , , , , , , , , , , , , , , , , , , , , , , , , , , , , , , , , , , , , , , , , , , , , , , , , , , , , , , , , , , , , , , , , ,4,310
2019116N02090,2019,23,NI,BB,FANI,2019-04-26 03:00:00,TS,2.3,89.8, , , ,main,668,667,P______________, ,IO012019,2.3,89.8, ,TD,25,1003,-1, , , , , , , , , , , , ,1006,125,48, , , , , , , , , , , , , , , , , , , , , , , , , , , , , , , , , , , , , , , , , , , , , , , , , , , , , , , , , , , , , , , , , , , , , , , , , , , , , , , , , , , , , , , , , , , , , , , , , , , , , , , , , , , , , , , , , , , , , , , , , , , , , , , , , , , ,4,315
2019116N02090,2019,23,NI,BB,FANI,2019-04-26 06:00:00,TS,2.5,89.7, , , ,main,678,661,O______________,jtwc_io,IO012019,2.5,89.7, ,TD,25,1003,-1, , , , , , , , , , , , ,1006,150,45, , , , , , , , , , , , , , , , , , , , , , , , , , , , , , , , , , , , , , , , , , , , , , , , , , , , , , , , , , , , , , , , , , , , , , , , , , , , , , , , , , , , , , , , , , , , , , , , , , , , , , , , , , , , , , , , , , , , , , , , , , , , , , , , , , , ,5,355
2019116N02090,2019,23,NI,BB,FANI,2019-04-26 09:00:00,TS,2.8,89.8, , , ,main,661,643,P______________, ,IO012019,2.8,89.8, ,TD,25,1003,-1, , , , , , , , , , , , ,1006,150,45, , , , , , , , , , , , , , , , , , , , , , , , , , , , , , , , , , , , , , , , , , , , , , , , , , , , , , , , , , , , , , , , , , , , , , , , , , , , , , , , , , , , , , , , , , , , , , , , , , , , , , , , , , , , , , , , , , , , , , , , , , , , , , , , , , , ,7,5
2019116N02090,2019,23,NI,BB,FANI,2019-04-26 12:00:00,TS,3.2,89.8,25,998,newdelhi,main,643,639,O____O_________,jtwc_io,IO012019,3.2,89.9, ,TD,25,1003,-1, , , , , , , , , , , , ,1006,150,45, , , , , , , , , , , , , , , , , , , , , , , , , , , , , , , , , , ,3.2,89.2,D,25,998,1.50000,4, , , , , , , , , , , , , , , , , , , , , , , , , , , , , , , , , , , , , , , , , , , , , , , , , , , , , , , , , , , , , , , , , , , , , , , , , , , , , , , , , , , , , , , , , , ,7,350
2019116N02090,2019,23,NI,BB,FANI,2019-04-26 15:00:00,TS,3.5,89.7, , , ,main,642,642,P____P_________, ,IO012019,3.6,90.0, ,TD,28,1004,-1, , , , , , , , , , , , ,1006,150,45, , , , , , , , , , , , , , , , , , , , , , , , , , , , , , , , , , ,3.4,89.0,D,25,998, ,4, , , , , , , , , , , , , , , , , , , , , , , , , , , , , , , , , , , , , , , , , , , , , , , , , , , , , , , , , , , , , , , , , , , , , , , , , , , , , , , , , , , , , , , , , , ,7,340
2019116N02090,2019,23,NI,BB,FANI,2019-04-26 18:00:00,TS,3.8,89.5,25,998,newdelhi,main,654,648,O____O_________,jtwc_io,IO012019,3.9,90.1, ,TD,30,1004,-1, , , , , , , , , , , , ,1006,150,45, , , , , , , , , , , , , , , , , , , , , , , , , , , , , , , , , , ,3.7,88.8,D,25,998,1.50000,4, , , , , , , , , , , , , , , , , , , , , , , , , , , , , , , , , , , , , , , , , , , , , , , , , , , , , , , , , , , , , , , , , , , , , , , , , , , , , , , , , , , , , , , , , , ,7,340
2019116N02090,2019,23,NI,BB,FANI,2019-04-26 21:00:00,TS,4.2,89.4, , , ,main,655,649,P____P_________, ,IO012019,4.3,90.1, ,TD,33,1004,-1, , , , , , , , , , , , ,1007,135,38, , , , , , , , , , , , , , , , , , , , , , , , , , , , , , , , , , ,4.1,88.8,D,28,998, ,5, , , , , , , , , , , , , , , , , , , , , , , , , , , , , , , , , , , , , , , , , , , , , , , , , , , , , , , , , , , , , , , , , , , , , , , , , , , , , , , , , , , , , , , , , , ,8,350
2019116N02090,2019,23,NI,BB,FANI,2019-04-27 00:00:00,TS,4.6,89.4,30,997,newdelhi,main,647,645,O____O_________,jtwc_io,IO012019,4.6,90.0, ,TS,35,1003,0,70,50,80,45, , , , , , , , ,1008,120,30, , , , , , , , , , , , , , , , , , , , , , , , , , , , , , , , , , ,4.5,88.8,DD,30,997,2.00000,5, , , , , , , , , , , , , , , , , , , , , , , , , , , , , , , , , , , , , , , , , , , , , , , , , , , , , , , , , , , , , , , , , , , , , , , , , , , , , , , , , , , , , , , , , , ,7,0
2019116N02090,2019,23,NI,BB,FANI,2019-04-27 03:00:00,TS,4.9,89.4,30,996,newdelhi,main,644,643,P____O_________, ,IO012019,4.8,90.1, ,TS,40,1001,0,83,65,75,58, , , , , , , , ,1008,138,30, , , , , , , , , , , , , , , , , , , , , , , , , , , , , , , , , , ,4.9,88.7,DD,30,996,2.00000,6, , , , , , , , , , , , , , , , , , , , , , , , , , , , , , , , , , , , , , , , , , , , , , , , , , , , , , , , , , , , , , , , , , , , , , , , , , , , , , , , , , , , , , , , , , ,6,0
2019116N02090,2019,23,NI,BB,FANI,2019-04-27 06:00:00,TS,5.1,89.4,35,995,newdelhi,main,642,642,O____O_________,jtwc_io,IO012019,5.1,90.2, ,TS,45,998,0,95,80,70,70, , , , , , , , ,1008,155,30, , , , , , , , , , , , , , , , , , , , , , , , , , , , , , , , , , ,5.2,88.6,CS,35,995,2.50000,7, , , , , , , , , , , , , , , , , , , , , , , , , , , , , , , , , , , , , , , , , , , , , , , , , , , , , , , , , , , , , , , , , , , , , , , , , , , , , , , , , , , , , , , , , , ,6,355
2019116N02090,2019,23,NI,BB,FANI,2019-04-27 09:00:00,TS,5.5,89.3,40,994,newdelhi,main,653,653,P____O_________, ,IO012019,5.6,90.2, ,TS,45,997,0,103,83,73,78, , , , , , , , ,1007,168,30, , , , , , , , , , , , , , , , , , , , , , , , , , , , , , , , , , ,5.4,88.5,CS,40,994,2.50000,8, , , , , , , , , , , , , , , , , , , , , , , , , , , , , , , , , , , , , , , , , , , , , , , , , , , , , , , , , , , , , , , , , , , , , , , , , , , , , , , , , , , , , , , , , , ,9,345
2019116N02090,2019,23,NI,BB,FANI,2019-04-27 12:00:00,TS,6.0,89.2,45,992,newdelhi,main,665,665,O____O_________,jtwc_io,IO012019,6.1,89.9, ,TS,45,996,0,110,85,75,85, , , , , , , , ,1006,180,30, , , , , , , , , , , , , , , , , , , , , , , , , , , , , , , , , , ,5.9,88.5,CS,45,992,3.00000,10, , , , , , , , , , , , , , , , , , , , , , , , , , , , , , , , , , , , , , , , , , , , , , , , , , , , , , , , , , , , , , , , , , , , , , , , , , , , , , , , , , , , , , , , , , ,10,335
2019116N02090,2019,23,NI,BB,FANI,2019-04-27 15:00:00,TS,6.4,88.9,45,992,newdelhi,main,703,703,P____O_________, ,IO012019,6.4,89.3, ,TS,45,996,0,100,80,70,65, , , , , , , , ,1006,185,30, , , , , , , , , , , , , , , , , , , , , , , , , , , , , , , , , , ,6.3,88.5,CS,45,992,3.00000,10, , , , , , , , , , , , , , , , , , , , , , , , , , , , , , , , , , , , , , , , , , , , , , , , , , , , , , , , , , , , , , , , , , , , , , , , , , , , , , , , , , , , , , , , , , ,10,310
2019116N02090,2019,23,NI,BB,FANI,2019-04-27 18:00:00,TS,6.6,88.5,45,992,newdelhi,main,730,696,O____O_________,jtwc_io,IO012019,6.6,88.7, ,TS,45,996,0,90,75,65,45, , , , , , , , ,1006,190,30, , , , , , , , , , , , , , , , , , , , , , , , , , , , , , , , , , ,6.6,88.2,CS,45,992,3.00000,10, , , , , , , , , , , , , , , , , , , , , , , , , , , , , , , , , , , , , , , , , , , , , , , , , , , , , , , , , , , , , , , , , , , , , , , , , , , , , , , , , , , , , , , , , , ,9,305
2019116N02090,2019,23,NI,BB,FANI,2019-04-27 21:00:00,TS,6.8,88.2,45,992,newdelhi,main,696,684,P____O_________, ,IO012019,6.8,88.4, ,TS,45,997,0,93,70,65,65, , , , , , , , ,1007,185,30, , , , , , , , , , , , , , , , , , , , , , , , , , , , , , , , , , ,6.9,87.9,CS,45,992,3.00000,10, , , , , , , , , , , , , , , , , , , , , , , , , , , , , , , , , , , , , , , , , , , , , , , , , , , , , , , , , , , , , , , , , , , , , , , , , , , , , , , , , , , , , , , , , , ,6,325
2019116N02090,2019,23,NI,BB,FANI,2019-04-28 00:00:00,TS,7.1,88.1,45,992,newdelhi,main,684,684,O____O_________,jtwc_io,IO012019,6.9,88.3, ,TS,45,998,0,95,65,65,85, , , , , , , , ,1008,180,30, , , , , , , , , , , , , , , , , , , , , , , , , , , , , , , , , , ,7.3,87.9,CS,45,992,3.00000,10, , , , , , , , , , , , , , , , , , , , , , , , , , , , , , , , , , , , , , , , , , , , , , , , , , , , , , , , , , , , , , , , , , , , , , , , , , , , , , , , , , , , , , , , , , ,4,350
2019116N02090,2019,23,NI,BB,FANI,2019-04-28 03:00:00,TS,7.2,88.1,45,992,newdelhi,main,685,685,P____O_________, ,IO012019,7.1,88.3, ,TS,45,998,0,85,75,68,80, , , , , , , , ,1008,173,30, , , , , , , , , , , , , , , , , , , , , , , , , , , , , , , , , , ,7.3,87.9,CS,45,992,3.00000,10, , , , , , , , , , , , , , , , , , , , , , , , , , , , , , , , , , , , , , , , , , , , , , , , , , , , , , , , , , , , , , , , , , , , , , , , , , , , , , , , , , , , , , , , , , ,3,345
2019116N02090,2019,23,NI,BB,FANI,2019-04-28 06:00:00,TS,7.4,88.1,45,992,newdelhi,main,686,664,O____O_________,jtwc_io,IO012019,7.3,88.3, ,TS,45,998,0,75,85,70,75, , , , , , , , ,1008,165,30, , , , , , , , , , , , , , , , , , , , , , , , , , , , , , , , , , ,7.4,87.8,CS,45,992,3.00000,10, , , , , , , , , , , , , , , , , , , , , , , , , , , , , , , , , , , , , , , , , , , , , , , , , , , , , , , , , , , , , , , , , , , , , , , , , , , , , , , , , , , , , , , , , , ,5,335
2019116N02090,2019,23,NI,BB,FANI,2019-04-28 09:00:00,TS,7.6,87.9,45,992,newdelhi,main,665,637,P____O_________, ,IO012019,7.5,88.3, ,TS,45,997,0,78,83,70,80, , , , , , , , ,1007,160,30, , , , , , , , , , , , , , , , , , , , , , , , , , , , , , , , , , ,7.7,87.5,CS,45,992,3.00000,10, , , , , , , , , , , , , , , , , , , , , , , , , , , , , , , , , , , , , , , , , , , , , , , , , , , , , , , , , , , , , , , , , , , , , , , , , , , , , , , , , , , , , , , , , , ,8,325
2019116N02090,2019,23,NI,BB,FANI,2019-04-28 12:00:00,TS,8.0,87.6,45,992,newdelhi,main,638,628,O____O_________,jtwc_io,IO012019,7.7,88.2, ,TS,45,996,0,80,80,70,85, , , , , , , , ,1006,155,30, , , , , , , , , , , , , , , , , , , , , , , , , , , , , , , , , , ,8.2,87.0,CS,45,992,3.00000,10, , , , , , , , , , , , , , , , , , , , , , , , , , , , , , , , , , , , , , , , , , , , , , , , , , , , , , , , , , , , , , , , , , , , , , , , , , , , , , , , , , , , , , , , , , ,6,320
2019116N02090,2019,23,NI,BB,FANI,2019-04-28 15:00:00,TS,8.1,87.5,45,992,newdelhi,main,630,630,P____O_________, ,IO012019,7.8,88.1, ,TS,45,996,0,83,75,58,80, , , , , , , , ,1006,150,30, , , , , , , , , , , , , , , , , , , , , , , , , , , , , , , , , , ,8.3,86.9,CS,45,992,3.00000,10, , , , , , , , , , , , , , , , , , , , , , , , , , , , , , , , , , , , , , , , , , , , , , , , , , , , , , , , , , , , , , , , , , , , , , , , , , , , , , , , , , , , , , , , , , ,3,330
2019116N02090,2019,23,NI,BB,FANI,2019-04-28 18:00:00,TS,8.2,87.5,45,992,newdelhi,main,631,620,O____O_________,jtwc_io,IO012019,8.0,88.0, ,TS,45,995,0,85,70,45,75, , , , , , , , ,1006,145,30, , , , , , , , , , , , , , , , , , , , , , , , , , , , , , , , , , ,8.4,86.9,CS,45,992,3.00000,10, , , , , , , , , , , , , , , , , , , , , , , , , , , , , , , , , , , , , , , , , , , , , , , , , , , , , , , , , , , , , , , , , , , , , , , , , , , , , , , , , , , , , , , , , , ,3,345
2019116N02090,2019,23,NI,BB,FANI,2019-04-28 21:00:00,TS,8.4,87.4,45,992,newdelhi,main,623,623,P____O_________, ,IO012019,8.3,87.9, ,TS,45,992,0,85,70,60,68, , , , , , , , ,1007,150,30, , , , , , , , , , , , , , , , , , , , , , , , , , , , , , , , , , ,8.5,86.9,CS,45,992,3.00000,10, , , , , , , , , , , , , , , , , , , , , , , , , , , , , , , , , , , , , , , , , , , , , , , , , , , , , , , , , , , , , , , , , , , , , , , , , , , , , , , , , , , , , , , , , , ,4,345
2019116N02090,2019,23,NI,BB,FANI,2019-04-29 00:00:00,TS,8.6,87.4,45,992,newdelhi,main,627,609,O____O_________,jtwc_io,IO012019,8.6,87.8, ,TS,45,989,0,85,70,75,60, , , , , , , , ,1008,155,30, , , , , , , , , , , , , , , , , , , , , , , , , , , , , , , , , , ,8.6,86.9,CS,45,992,3.00000,10, , , , , , , , , , , , , , , , , , , , , , , , , , , , , , , , , , , , , , , , , , , , , , , , , , , , , , , , , , , , , , , , , , , , , , , , , , , , , , , , , , , , , , , , , , ,5,340
2019116N02090,2019,23,NI,BB,FANI,2019-04-29 03:00:00,TS,8.8,87.2,45,992,newdelhi,main,609,609,P____O_________, ,IO012019,9.0,87.6, ,TS,48,987,0,88,73,73,60, , , , , , , , ,1008,160,30, , , , , , , , , , , , , , , , , , , , , , , , , , , , , , , , , , ,8.7,86.9,CS,45,992,3.00000,10, , , , , , , , , , , , , , , , , , , , , , , , , , , , , , , , , , , , , , , , , , , , , , , , , , , , , , , , , , , , , , , , , , , , , , , , , , , , , , , , , , , , , , , , , , ,7,345
2019116N02090,2019,23,NI,BB,FANI,2019-04-29 06:00:00,TS,9.3,87.2,45,992,newdelhi,main,624,613,O____O_________,jtwc_io,IO012019,9.4,87.4, ,TS,50,985,0,90,75,70,60, , , , , , , , ,1008,165,30, , , , , , , , , , , , , , , , , , , , , , , , , , , , , , , , , , ,9.2,86.9,CS,45,992,3.00000,10, , , , , , , , , , , , , , , , , , , , , , , , , , , , , , , , , , , , , , , , , , , , , , , , , , , , , , , , , , , , , , , , , , , , , , , , , , , , , , , , , , , , , , , , , , ,10,350
2019116N02090,2019,23,NI,BB,FANI,2019-04-29 09:00:00,TS,9.8,87.1,45,992,newdelhi,main,632,632,P____O_________, ,IO012019,9.9,87.4, ,TS,55,986,0,108,90,78,80, , , , , , , , ,1007,170,30, , , , , , , , , , , , , , , , , , , , , , , , , , , , , , , , , , ,9.7,86.8,CS,45,992,3.00000,10, , , , , , , , , , , , , , , , , , , , , , , , , , , , , , , , , , , , , , , , , , , , , , , , , , , , , , , , , , , , , , , , , , , , , , , , , , , , , , , , , , , , , , , , , , ,9,355
2019116N02090,2019,23,NI,BB,FANI,2019-04-29 12:00:00,TS,10.2,87.1,55,986,newdelhi,main,651,641,O____O_________,jtwc_io,IO012019,10.3,87.4, ,TS,60,987,0,125,105,85,100,45,40,30,30, , , , ,1006,175,30, , , , , , , , , , , , , , , , , , , , , , , , , , , , , , , , , , ,10.1,86.7,SCS,55,986,3.50000,16, , , , , , , , , , , , , , , , , , , , , , , , , , , , , , , , , , , , , , , , , , , , , , , , , , , , , , , , , , , , , , , , , , , , , , , , , , , , , , , , , , , , , , , , , , ,8,350
2019116N02090,2019,23,NI,BB,FANI,2019-04-29 15:00:00,TS,10.5,86.9,55,986,newdelhi,main,645,645,P____O_________, ,IO012019,10.7,87.2, ,TS,65,984,1,123,100,90,95,53,43,38,35,2,2,2,2,1006,175,30, , , , , , , , , , , , , , , , , , , , , , , , , , , , , , , , , , ,10.4,86.7,SCS,55,986,3.50000,16, , , , , , , , , , , , , , , , , , , , , , , , , , , , , , , , , , , , , , , , , , , , , , , , , , , , , , , , , , , , , , , , , , , , , , , , , , , , , , , , , , , , , , , , , , ,8,335
2019116N02090,2019,23,NI,BB,FANI,2019-04-29 18:00:00,TS,10.9,86.8,55,986,newdelhi,main,655,645,O____O_________,jtwc_io,IO012019,11.0,86.9, ,TY,70,981,1,120,95,95,90,60,45,45,40,5,5,5,5,1006,175,30, , , , , , , , , , , , , , , , , , , , , , , , , , , , , , , , , , ,10.8,86.6,SCS,55,986,3.50000,16, , , , , , , , , , , , , , , , , , , , , , , , , , , , , , , , , , , , , , , , , , , , , , , , , , , , , , , , , , , , , , , , , , , , , , , , , , , , , , , , , , , , , , , , , , ,8,335
2019116N02090,2019,23,NI,BB,FANI,2019-04-29 21:00:00,TS,11.3,86.6,65,982,newdelhi,main,656,656,P____O_________, ,IO012019,11.4,86.7, ,TY,78,976,1,113,98,93,88,55,48,43,40,10,10,10,10,1006,175,18, , , , , , , , , , , , , , , , , , , , , , , , , , , , , , , , , , ,11.1,86.5,VSCS,65,982,4.00000,20, , , , , , , , , , , , , , , , , , , , , , , , , , , , , , , , , , , , , , , , , , , , , , , , , , , , , , , , , , , , , , , , , , , , , , , , , , , , , , , , , , , , , , , , , , ,9,345
2019116N02090,2019,23,NI,BB,FANI,2019-04-30 00:00:00,TS,11.8,86.5,70,980,newdelhi,main,676,638,O____O_________,jtwc_io,IO012019,11.9,86.5, ,TY,85,971,2,105,100,90,85,50,50,40,40,15,15,15,15,1006,175,5,10, , , , , , , , , , , , , , , , , , , , , , , , , , , , , , , , , ,11.7,86.5,VSCS,70,980,4.00000,22, , , , , , , , , , , , , , , , , , , , , , , , , , , , , , , , , , , , , , , , , , , , , , , , , , , , , , , , , , , , , , , , , , , , , , , , , , , , , , , , , , , , , , , , , , ,12,340
2019116N02090,2019,23,NI,BB,FANI,2019-04-30 03:00:00,TS,12.3,86.2,75,974,newdelhi,main,638,576,P____O_________, ,IO012019,12.4,86.2, ,TY,88,969,2,113,108,90,90,55,55,43,43,23,23,18,20,1006,178,5, , , , , , , , , , , , , , , , , , , , , , , , , , , , , , , , , , ,12.3,86.2,VSCS,75,974,4.50000,28, , , , , , , , , , , , , , , , , , , , , , , , , , , , , , , , , , , , , , , , , , , , , , , , , , , , , , , , , , , , , , , , , , , , , , , , , , , , , , , , , , , , , , , , , , ,12,320
2019116N02090,2019,23,NI,BB,FANI,2019-04-30 06:00:00,TS,12.7,85.8,80,970,newdelhi,main,576,516,O____O_________,jtwc_io,IO012019,12.8,85.8, ,TY,90,967,2,120,115,90,95,60,60,45,45,30,30,20,25,1006,180,5,10, , , , , , , , , , , , , , , , , , , , , , , , , , , , , , , , , ,12.6,85.7,VSCS,80,970,4.50000,32, , , , , , , , , , , , , , , , , , , , , , , , , , , , , , , , , , , , , , , , , , , , , , , , , , , , , , , , , , , , , , , , , , , , , , , , , , , , , , , , , , , , , , , , , , ,11,310
2019116N02090,2019,23,NI,BB,FANI,2019-04-30 09:00:00,TS,13.0,85.3,85,966,newdelhi,main,516,465,P____O_________, ,IO012019,13.0,85.3, ,TY,93,966,2,115,103,85,98,58,53,40,48,30,25,20,25,1006,175,9, , , , , , , , , , , , , , , , , , , , , , , , , , , , , , , , , , ,13.0,85.3,VSCS,85,966,4.50000,36, , , , , , , , , , , , , , , , , , , , , , , , , , , , , , , , , , , , , , , , , , , , , , , , , , , , , , , , , , , , , , , , , , , , , , , , , , , , , , , , , , , , , , , , , , ,11,300
2019116N02090,2019,23,NI,BB,FANI,2019-04-30 12:00:00,TS,13.3,84.8,90,962,newdelhi,main,456,435,O____O_________,jtwc_io,IO012019,13.2,84.9, ,TY,95,964,2,110,90,80,100,55,45,35,50,30,20,20,25,1006,170,12,15, , , , , , , , , , , , , , , , , , , , , , , , , , , , , , , , , ,13.3,84.7,ESCS,90,962,5.00000,40, , , , , , , , , , , , , , , , , , , , , , , , , , , , , , , , , , , , , , , , , , , , , , , , , , , , , , , , , , , , , , , , , , , , , , , , , , , , , , , , , , , , , , , , , , ,8,295
2019116N02090,2019,23,NI,BB,FANI,2019-04-30 15:00:00,TS,13.4,84.6,95,957,newdelhi,main,435,413,P____O_________, ,IO012019,13.3,84.6, ,TY,100,960,3,115,100,83,98,58,55,38,48,35,28,20,25,1006,178,12, , , , , , , , , , , , , , , , , , , , , , , , , , , , , , , , , , ,13.4,84.5,ESCS,95,957,5.00000,45, , , , , , , , , , , , , , , , , , , , , , , , , , , , , , , , , , , , , , , , , , , , , , , , , , , , , , , , , , , , , , , , , , , , , , , , , , , , , , , , , , , , , , , , , , ,5,305
2019116N02090,2019,23,NI,BB,FANI,2019-04-30 18:00:00,TS,13.5,84.4,95,957,newdelhi,main,413,392,O____O_________,jtwc_io,IO012019,13.5,84.4, ,TY,105,955,3,120,110,85,95,60,65,40,45,40,35,20,25,1006,185,12,15, , , , , , , , , , , , , , , , , , , , , , , , , , , , , , , , , ,13.5,84.4,ESCS,95,957,5.00000,45, , , , , , , , , , , , , , , , , , , , , , , , , , , , , , , , , , , , , , , , , , , , , , , , , , , , , , , , , , , , , , , , , , , , , , , , , , , , , , , , , , , , , , , , , , ,4,310
2019116N02090,2019,23,NI,BB,FANI,2019-04-30 21:00:00,TS,13.6,84.2,95,957,newdelhi,main,383,358,P____O_________, ,IO012019,13.7,84.2, ,TY,105,954,3,125,113,88,103,65,63,43,50,38,33,23,28,1005,183,12, , , , , , , , , , , , , , , , , , , , , , , , , , , , , , , , , , ,13.6,84.2,ESCS,95,957,5.00000,45, , , , , , , , , , , , , , , , , , , , , , , , , , , , , , , , , , , , , , , , , , , , , , , , , , , , , , , , , , , , , , , , , , , , , , , , , , , , , , , , , , , , , , , , , , ,5,320
2019116N02090,2019,23,NI,BB,FANI,2019-05-01 00:00:00,TS,13.9,84.1,95,957,newdelhi,main,358,334,O____O_________,jtwc_io,IO012019,13.9,84.1, ,TY,105,952,3,130,115,90,110,70,60,45,55,35,30,25,30,1004,180,12,15, , , , , , , , , , , , , , , , , , , , , , , , , , , , , , , , , ,13.9,84.0,ESCS,95,957,5.00000,45, , , , , , , , , , , , , , , , , , , , , , , , , , , , , , , , , , , , , , , , , , , , , , , , , , , , , , , , , , , , , , , , , , , , , , , , , , , , , , , , , , , , , , , , , , ,5,335
2019116N02090,2019,23,NI,BB,FANI,2019-05-01 03:00:00,TS,14.1,84.0,95,957,newdelhi,main,334,324,P____O_________, ,IO012019,14.0,84.1, ,TY,105,952,3,113,115,100,105,58,63,55,50,30,33,30,28,1004,180,12, , , , , , , , , , , , , , , , , , , , , , , , , , , , , , , , , , ,14.1,83.9,ESCS,95,957,5.00000,45, , , , , , , , , , , , , , , , , , , , , , , , , , , , , , , , , , , , , , , , , , , , , , , , , , , , , , , , , , , , , , , , , , , , , , , , , , , , , , , , , , , , , , , , , , ,3,350
2019116N02090,2019,23,NI,BB,FANI,2019-05-01 06:00:00,TS,14.2,84.0,95,957,newdelhi,main,324,304,O____O_________,jtwc_io,IO012019,14.2,84.1, ,TY,105,951,3,95,115,110,100,45,65,65,45,25,35,35,25,1004,180,12, , , , , , , , , , , , , , , , , , , , , , , , , , , , , , , , , , ,14.2,83.9,ESCS,95,957,5.00000,45, , , , , , , , , , , , , , , , , , , , , , , , , , , , , , , , , , , , , , , , , , , , , , , , , , , , , , , , , , , , , , , , , , , , , , , , , , , , , , , , , , , , , , , , , , ,5,15
2019116N02090,2019,23,NI,BB,FANI,2019-05-01 09:00:00,TS,14.5,84.1,95,955,newdelhi,main,304,278,P____O_________, ,IO012019,14.5,84.1, ,TY,105,951,3,95,115,110,100,45,65,65,45,25,35,35,25,1004,170,9, , , , , , , , , , , , , , , , , , , , , , , , , , , , , , , , , , ,14.5,84.1,ESCS,95,955,5.00000,45, , , , , , , , , , , , , , , , , , , , , , , , , , , , , , , , , , , , , , , , , , , , , , , , , , , , , , , , , , , , , , , , , , , , , , , , , , , , , , , , , , , , , , , , , , ,7,10
2019116N02090,2019,23,NI,BB,FANI,2019-05-01 12:00:00,TS,14.9,84.1,100,950,newdelhi,main,278,270,O____O_________,jtwc_io,IO012019,14.8,84.2, ,TY,105,951,3,95,115,110,100,45,65,65,45,25,35,35,25,1004,160,5,10, , , , , , , , , , , , , , , , , , , , , , , , , , , , , , , , , ,14.9,84.1,ESCS,100,950,5.50000,50, , , , , , , , , , , , , , , , , , , , , , , , , , , , , , , , , , , , , , , , , , , , , , , , , , , , , , , , , , , , , , , , , , , , , , , , , , , , , , , , , , , , , , , , , , ,6,5
2019116N02090,2019,23,NI,BB,FANI,2019-05-01 15:00:00,TS,15.0,84.2,100,950,newdelhi,main,270,256,P____O_________, ,IO012019,15.0,84.2, ,TY,105,951,3,118,125,115,113,60,70,65,55,33,38,35,30,1004,158,5, , , , , , , , , , , , , , , , , , , , , , , , , , , , , , , , , , ,15.1,84.1,ESCS,100,950,5.50000,50, , , , , , , , , , , , , , , , , , , , , , , , , , , , , , , , , , , , , , , , , , , , , , , , , , , , , , , , , , , , , , , , , , , , , , , , , , , , , , , , , , , , , , , , , , ,4,5
2019116N02090,2019,23,NI,BB,FANI,2019-05-01 18:00:00,TS,15.2,84.2,100,950,newdelhi,main,256,246,O____O_________,jtwc_io,IO012019,15.2,84.3, ,TY,105,951,3,140,135,120,125,75,75,65,65,40,40,35,35,1004,155,5,10, , , , , , , , , , , , , , , , , , , , , , , , , , , , , , , , , ,15.2,84.1,ESCS,100,950,5.50000,50, , , , , , , , , , , , , , , , , , , , , , , , , , , , , , , , , , , , , , , , , , , , , , , , , , , , , , , , , , , , , , , , , , , , , , , , , , , , , , , , , , , , , , , , , , ,5,20
2019116N02090,2019,23,NI,BB,FANI,2019-05-01 21:00:00,TS,15.5,84.3,100,950,newdelhi,main,246,244,P____O_________, ,IO012019,15.5,84.4, ,TY,108,946,3,143,143,120,118,75,75,68,60,43,45,38,35,1004,158,5, , , , , , , , , , , , , , , , , , , , , , , , , , , , , , , , , , ,15.5,84.2,ESCS,100,950,5.50000,50, , , , , , , , , , , , , , , , , , , , , , , , , , , , , , , , , , , , , , , , , , , , , , , , , , , , , , , , , , , , , , , , , , , , , , , , , , , , , , , , , , , , , , , , , , ,7,25
2019116N02090,2019,23,NI,BB,FANI,2019-05-02 00:00:00,TS,15.9,84.6,105,945,newdelhi,main,241,216,O____O_________,jtwc_io,IO012019,15.8,84.6, ,TY,110,941,3,145,150,120,110,75,75,70,55,45,50,40,35,1003,160,5,10, , , , , , , , , , , , , , , , , , , , , , , , , , , , , , , , , ,15.9,84.5,ESCS,105,945,5.50000,55, , , , , , , , , , , , , , , , , , , , , , , , , , , , , , , , , , , , , , , , , , , , , , , , , , , , , , , , , , , , , , , , , , , , , , , , , , , , , , , , , , , , , , , , , , ,8,25
2019116N02090,2019,23,NI,BB,FANI,2019-05-02 03:00:00,TS,16.2,84.7,105,945,newdelhi,main,223,192,P____O_________, ,IO012019,16.3,84.7, ,TY,115,938,4,148,153,123,113,73,75,70,58,45,50,40,35,1002,160,5, , , , , , , , , , , , , , , , , , , , , , , , , , , , , , , , , , ,16.2,84.6,ESCS,105,945,5.50000,55, , , , , , , , , , , , , , , , , , , , , , , , , , , , , , , , , , , , , , , , , , , , , , , , , , , , , , , , , , , , , , , , , , , , , , , , , , , , , , , , , , , , , , , , , , ,9,15
2019116N02090,2019,23,NI,BB,FANI,2019-05-02 06:00:00,TS,16.8,84.8,110,940,newdelhi,main,183,153,O____O_________,jtwc_io,IO012019,16.8,84.8, ,TY,120,934,4,150,155,125,115,70,75,70,60,45,50,40,35,1001,160,5,10, , , , , , , , , , , , , , , , , , , , , , , , , , , , , , , , , ,16.7,84.8,ESCS,110,940,6.00000,60, , , , , , , , , , , , , , , , , , , , , , , , , , , , , , , , , , , , , , , , , , , , , , , , , , , , , , , , , , , , , , , , , , , , , , , , , , , , , , , , , , , , , , , , , , ,9,10
2019116N02090,2019,23,NI,BB,FANI,2019-05-02 09:00:00,TS,17.2,84.8,115,932,newdelhi,main,143,116,P____O_________, ,IO012019,17.2,84.8, ,TY,135,917,4,153,158,128,120,75,80,73,60,48,53,43,38,1000,145,9, , , , , , , , , , , , , , , , , , , , , , , , , , , , , , , , , , ,17.1,84.8,ESCS,115,932,6.00000,66, , , , , , , , , , , , , , , , , , , , , , , , , , , , , , , , , , , , , , , , , , , , , , , , , , , , , , , , , , , , , , , , , , , , , , , , , , , , , , , , , , , , , , , , , , ,8,0
2019116N02090,2019,23,NI,BB,FANI,2019-05-02 12:00:00,TS,17.6,84.8,115,932,newdelhi,main,107,92,O____O_________,jtwc_io,IO012019,17.6,84.8, ,ST,150,900,5,155,160,130,125,80,85,75,60,50,55,45,40,999,130,12,15, , , , , , , , , , , , , , , , , , , , , , , , , , , , , , , , , ,17.5,84.8,ESCS,115,932,6.00000,66, , , , , , , , , , , , , , , , , , , , , , , , , , , , , , , , , , , , , , , , , , , , , , , , , , , , , , , , , , , , , , , , , , , , , , , , , , , , , , , , , , , , , , , , , , ,7,5
2019116N02090,2019,23,NI,BB,FANI,2019-05-02 15:00:00,TS,17.9,84.9,115,934,newdelhi,main,92,76,P____O_________, ,IO012019,17.9,84.9, ,ST,148,903,5,160,165,133,128,70,75,70,50,45,48,40,35,999,135,12, , , , , , , , , , , , , , , , , , , , , , , , , , , , , , , , , , ,17.8,84.9,ESCS,115,934,6.00000,66, , , , , , , , , , , , , , , , , , , , , , , , , , , , , , , , , , , , , , , , , , , , , , , , , , , , , , , , , , , , , , , , , , , , , , , , , , , , , , , , , , , , , , , , , , ,7,15
2019116N02090,2019,23,NI,BB,FANI,2019-05-02 18:00:00,TS,18.3,85.0,115,934,newdelhi,main,69,62,O____O_________,jtwc_io,IO012019,18.3,85.0, ,ST,145,905,5,165,170,135,130,60,65,65,40,40,40,35,30,999,140,12,15, , , , , , , , , , , , , , , , , , , , , , , , , , , , , , , , , ,18.2,85.0,ESCS,115,934,6.00000,66, , , , , , , , , , , , , , , , , , , , , , , , , , , , , , , , , , , , , , , , , , , , , , , , , , , , , , , , , , , , , , , , , , , , , , , , , , , , , , , , , , , , , , , , , , ,8,25
2019116N02090,2019,23,NI,BB,FANI,2019-05-02 21:00:00,TS,18.6,85.2,115,934,newdelhi,main,67,54,P____O_________, ,IO012019,18.7,85.2, ,ST,140,912,5,160,165,133,123,65,90,80,63,50,50,43,38,1001,143,12, , , , , , , , , , , , , , , , , , , , , , , , , , , , , , , , , , ,18.6,85.2,ESCS,115,934,6.00000,66, , , , , , , , , , , , , , , , , , , , , , , , , , , , , , , , , , , , , , , , , , , , , , , , , , , , , , , , , , , , , , , , , , , , , , , , , , , , , , , , , , , , , , , , , , ,10,30
2019116N02090,2019,23,NI,BB,FANI,2019-05-03 00:00:00,TS,19.1,85.5,105,945,newdelhi,main,54,22,O____O_________,jtwc_io,IO012019,19.1,85.5, ,ST,135,918,4,155,160,130,115,70,115,95,85,60,60,50,45,1002,145,12,15, , , , , , , , , , , , , , , , , , , , , , , , , , , , , , , , , ,19.1,85.5,ESCS,105,945,6.00000,55, , , , , , , , , , , , , , , , , , , , , , , , , , , , , , , , , , , , , , , , , , , , , , , , , , , , , , , , , , , , , , , , , , , , , , , , , , , , , , , , , , , , , , , , , , ,11,25
2019116N02090,2019,23,NI,BB,FANI,2019-05-03 03:00:00,TS,19.6,85.7,100,952,newdelhi,main,22,0,P____O_________, ,IO012019,19.6,85.7, ,ST,125,930,4,145,153,125,103,68,90,75,65,50,53,43,35,1003,158,11, , , , , , , , , , , , , , , , , , , , , , , , , , , , , , , , , , ,19.6,85.7,ESCS,100,952,5.50000,50, , , , , , , , , , , , , , , , , , , , , , , , , , , , , , , , , , , , , , , , , , , , , , , , , , , , , , , , , , , , , , , , , , , , , , , , , , , , , , , , , , , , , , , , , , ,12,20
2019116N02090,2019,23,NI,BB,FANI,2019-05-03 06:00:00,TS,20.2,85.9,85,966,newdelhi,main,0,0,O____O_________,jtwc_io,IO012019,20.2,85.9, ,TY,115,942,4,135,145,120,90,65,65,55,45,40,45,35,25,1004,170,10, , , , , , , , , , , , , , , , , , , , , , , , , , , , , , , , , , ,20.2,85.9,VSCS,85,966,0.00000,36, , , , , , , , , , , , , , , , , , , , , , , , , , , , , , , , , , , , , , , , , , , , , , , , , , , , , , , , , , , , , , , , , , , , , , , , , , , , , , , , , , , , , , , , , , ,11,20
2019116N02090,2019,23,NI,BB,FANI,2019-05-03 09:00:00,TS,20.7,86.1,75,970,newdelhi,main,0,0,P____O_________, ,IO012019,20.8,86.1, ,TY,95,957,2,130,143,118,88,68,70,58,43, , , , ,1003,155,13, , , , , , , , , , , , , , , , , , , , , , , , , , , , , , , , , , ,20.6,86.0,VSCS,75,970,0.00000,28, , , , , , , , , , , , , , , , , , , , , , , , , , , , , , , , , , , , , , , , , , , , , , , , , , , , , , , , , , , , , , , , , , , , , , , , , , , , , , , , , , , , , , , , , , ,12,30
2019116N02090,2019,23,NI,BB,FANI,2019-05-03 12:00:00,TS,21.2,86.5,70,976,newdelhi,main,0,0,O____O_________,jtwc_io,IO012019,21.3,86.5, ,TY,75,971,1,125,140,115,85,70,75,60,40, , , , ,1001,140,15, , , , , , , , , , , , , , , , , , , , , , , , , , , , , , , , , , ,21.1,86.5,VSCS,70,976,0.00000,22, , , , , , , , , , , , , , , , , , , , , , , , , , , , , , , , , , , , , , , , , , , , , , , , , , , , , , , , , , , , , , , , , , , , , , , , , , , , , , , , , , , , , , , , , , ,12,40
2019116N02090,2019,23,NI,BB,FANI,2019-05-03 15:00:00,TS,21.6,86.9,60,980,newdelhi,main,0,0,P____O_________, ,IO012019,21.7,87.1, ,TY,65,978,1,110,133,105,73,40,43,35,25, , , , ,1001,140,15, , , , , , , , , , , , , , , , , , , , , , , , , , , , , , , , , , ,21.5,86.7,SCS,60,980,0.00000,18, , , , , , , , , , , , , , , , , , , , , , , , , , , , , , , , , , , , , , , , , , , , , , , , , , , , , , , , , , , , , , , , , , , , , , , , , , , , , , , , , , , , , , , , , , ,12,45
2019116N02090,2019,23,NI,BB,FANI,2019-05-03 18:00:00,TS,22.1,87.4,55,984,newdelhi,main,0,0,O____O_________,jtwc_io,IO012019,22.2,87.7, ,TS,55,985,0,95,125,95,60,10,10,10,10, , , , ,1001,140,15, , , , , , , , , , , , , , , , , , , , , , , , , , , , , , , , , , ,21.9,87.1,SCS,55,984,0.00000,16, , , , , , , , , , , , , , , , , , , , , , , , , , , , , , , , , , , , , , , , , , , , , , , , , , , , , , , , , , , , , , , , , , , , , , , , , , , , , , , , , , , , , , , , , , ,15,45
2019116N02090,2019,23,NI,BB,FANI,2019-05-03 21:00:00,TS,22.6,88.1,50,986,newdelhi,main,0,0,P____O_________, ,IO012019,22.8,88.3, ,TS,48,989,0,73,88,73,55, , , , , , , , ,1003,140,15, , , , , , , , , , , , , , , , , , , , , , , , , , , , , , , , , , ,22.5,87.9,SCS,50,986,0.00000,12, , , , , , , , , , , , , , , , , , , , , , , , , , , , , , , , , , , , , , , , , , , , , , , , , , , , , , , , , , , , , , , , , , , , , , , , , , , , , , , , , , , , , , , , , , ,15,40
2019116N02090,2019,23,NI,BB,FANI,2019-05-04 00:00:00,TS,23.2,88.5,40,994,newdelhi,main,0,0,O____O_________,jtwc_io,IO012019,23.4,88.8, ,TS,40,993,0,50,50,50,50, , , , , , , , ,1005,140,15, , , , , , , , , , , , , , , , , , , , , , , , , , , , , , , , , , ,23.1,88.2,CS,40,994,0.00000,8, , , , , , , , , , , , , , , , , , , , , , , , , , , , , , , , , , , , , , , , , , , , , , , , , , , , , , , , , , , , , , , , , , , , , , , , , , , , , , , , , , , , , , , , , , ,14,40
2019116N02090,2019,23,NI,BB,FANI,2019-05-04 03:00:00,TS,23.7,89.0,30,996,newdelhi,main,0,0,P____O_________, ,IO012019,24.0,89.4, ,TS,35,996,0,25,25,25,25, , , , , , , , ,1005,140,15, , , , , , , , , , , , , , , , , , , , , , , , , , , , , , , , , , ,23.6,88.8,DD,30,996,0.00000,6, , , , , , , , , , , , , , , , , , , , , , , , , , , , , , , , , , , , , , , , , , , , , , , , , , , , , , , , , , , , , , , , , , , , , , , , , , , , , , , , , , , , , , , , , , ,15,40
2019116N02090,2019,23,NI,BB,FANI,2019-05-04 06:00:00,TS,24.4,89.5,25,998,newdelhi,main,0,0,O____O_________,jtwc_io,IO012019,24.6,90.0, ,TD,30,999,-1, , , , , , , , , , , , ,1005,140,15, , , , , , , , , , , , , , , , , , , , , , , , , , , , , , , , , , ,24.3,89.3,D,25,998,0.00000,5, , , , , , , , , , , , , , , , , , , , , , , , , , , , , , , , , , , , , , , , , , , , , , , , , , , , , , , , , , , , , , , , , , , , , , , , , , , , , , , , , , , , , , , , , , ,14,40
2019116N02090,2019,23,NI,BB,FANI,2019-05-04 09:00:00,TS,24.8,89.9, , , ,main,0,0,_____P_________, ,IO012019, , , ,TD, , ,-5, , , , , , , , , , , , , , , , , , , , , , , , , , , , , , , , , , , , , , , , , , , , , , , , , ,24.8,89.9,D,23,999, ,5, , , , , , , , , , , , , , , , , , , , , , , , , , , , , , , , , , , , , , , , , , , , , , , , , , , , , , , , , , , , , , , , , , , , , , , , , , , , , , , , , , , , , , , , , , ,14,55
2019116N02090,2019,23,NI,BB,FANI,2019-05-04 12:00:00,TS,25.2,90.7,20,1000,newdelhi,main,0, ,_____O_________, , , , , , , , ,-5, , , , , , , , , , , , , , , , , , , , , , , , , , , , , , , , , , , , , , , , , , , , , , , , , ,25.2,90.7,D,20,1000,0.00000,4, , , , , , , , , , , , , , , , , , , , , , , , , , , , , , , , , , , , , , , , , , , , , , , , , , , , , , , , , , , , , , , , , , , , , , , , , , , , , , , , , , , , , , , , , , ,16,60
2020136N10088,2020,25,NI,BB,AMPHAN,2020-05-15 06:00:00,DS,9.5,87.5, , , ,main,662,641,O______________,jtwc_io,IO012020,9.5,87.5, ,DB,20,1007,-3, , , , , , , , , , , , ,1006,150,50, , , , , , , , , , , , , , , , , , , , , , , , , , , , , , , , , , , , , , , , , , , , , , , , , , , , , , , , , , , , , , , , , , , , , , , , , , , , , , , , , , , , , , , , , , , , , , , , , , , , , , , , , , , , , , , , , , , , , , , , , , , , , , , , , , , ,5,270
2020136N10088,2020,25,NI,BB,AMPHAN,2020-05-15 09:00:00,DS,9.5,87.2, , , ,main,631,610,P______________, ,IO012020,9.5,87.2, ,DB,25,1005,-3, , , , , , , , , , , , ,1006,150,50, , , , , , , , , , , , , , , , , , , , , , , , , , , , , , , , , , , , , , , , , , , , , , , , , , , , , , , , , , , , , , , , , , , , , , , , , , , , , , , , , , , , , , , , , , , , , , , , , , , , , , , , , , , , , , , , , , , , , , , , , , , , , , , , , , , ,5,270
2020136N10088,2020,25,NI,BB,AMPHAN,2020-05-15 12:00:00,TS,9.5,87.0, , , ,main,610,589,O______________,jtwc_io,IO012020,9.5,87.0, ,TD,30,1002,-1, , , , , , , , , , , , ,1006,150,50, , , , , , , , , , , , , , , , , , , , , , , , , , , , , , , , , , , , , , , , , , , , , , , , , , , , , , , , , , , , , , , , , , , , , , , , , , , , , , , , , , , , , , , , , , , , , , , , , , , , , , , , , , , , , , , , , , , , , , , , , , , , , , , , , , , ,5,265
2020136N10088,2020,25,NI,BB,AMPHAN,2020-05-15 15:00:00,TS,9.5,86.8, , , ,main,589,569,P______________, ,IO012020,9.5,86.8, ,TD,30,1002,-1, , , , , , , , , , , , ,1006,150,50, , , , , , , , , , , , , , , , , , , , , , , , , , , , , , , , , , , , , , , , , , , , , , , , , , , , , , , , , , , , , , , , , , , , , , , , , , , , , , , , , , , , , , , , , , , , , , , , , , , , , , , , , , , , , , , , , , , , , , , , , , , , , , , , , , , ,4,270
2020136N10088,2020,25,NI,BB,AMPHAN,2020-05-15 18:00:00,TS,9.5,86.6, , , ,main,569,559,O______________,jtwc_io,IO012020,9.5,86.6, ,TD,30,1001,-1, , , , , , , , , , , , ,1006,150,50, , , , , , , , , , , , , , , , , , , , , , , , , , , , , , , , , , , , , , , , , , , , , , , , , , , , , , , , , , , , , , , , , , , , , , , , , , , , , , , , , , , , , , , , , , , , , , , , , , , , , , , , , , , , , , , , , , , , , , , , , , , , , , , , , , , ,3,285
2020136N10088,2020,25,NI,BB,AMPHAN,2020-05-15 21:00:00,TS,9.6,86.5, , , ,main,563,553,P______________, ,IO012020,9.6,86.5, ,TD,33,1000,-1, , , , , , , , , , , , ,1006,150,55, , , , , , , , , , , , , , , , , , , , , , , , , , , , , , , , , , , , , , , , , , , , , , , , , , , , , , , , , , , , , , , , , , , , , , , , , , , , , , , , , , , , , , , , , , , , , , , , , , , , , , , , , , , , , , , , , , , , , , , , , , , , , , , , , , , ,4,335
2020136N10088,2020,25,NI,BB,AMPHAN,2020-05-16 00:00:00,TS,9.8,86.4,25,1000,newdelhi,main,562,557,O____O_________,jtwc_io,IO012020,9.7,86.3, ,TS,35,999,0,50,25,60,110, , , , , , , , ,1006,150,60, , , , , , , , , , , , , , , , , , , , , , , , , , , , , , , , , , ,10.4,87.0,D,25,1000,1.50000,3, , , , , , , , , , , , , , , , , , , , , , , , , , , , , , , , , , , , , , , , , , , , , , , , , , , , , , , , , , , , , , , , , , , , , , , , , , , , , , , , , , , , , , , , , , ,6,335
2020136N10088,2020,25,NI,BB,AMPHAN,2020-05-16 03:00:00,TS,10.1,86.2,25,1000,newdelhi,main,557,552,P____O_________, ,IO012020,9.8,86.1, ,TS,38,998,0,50,28,90,105, , , , , , , , ,1005,183,58, , , , , , , , , , , , , , , , , , , , , , , , , , , , , , , , , , ,10.7,86.5,D,25,1000,1.50000,3, , , , , , , , , , , , , , , , , , , , , , , , , , , , , , , , , , , , , , , , , , , , , , , , , , , , , , , , , , , , , , , , , , , , , , , , , , , , , , , , , , , , , , , , , , ,6,325
2020136N10088,2020,25,NI,BB,AMPHAN,2020-05-16 06:00:00,TS,10.3,86.1,25,1000,newdelhi,main,557,557,O____O_________,jtwc_io,IO012020,9.9,85.9, ,TS,40,997,0,50,30,120,100, , , , , , , , ,1004,215,55, , , , , , , , , , , , , , , , , , , , , , , , , , , , , , , , , , ,10.9,86.3,D,25,1000,1.50000,3, , , , , , , , , , , , , , , , , , , , , , , , , , , , , , , , , , , , , , , , , , , , , , , , , , , , , , , , , , , , , , , , , , , , , , , , , , , , , , , , , , , , , , , , , , ,4,345
2020136N10088,2020,25,NI,BB,AMPHAN,2020-05-16 09:00:00,TS,10.5,86.1,30,998,newdelhi,main,567,567,P____O_________, ,IO012020,10.1,85.9, ,TS,45,995,0,50,40,120,105, , , , , , , , ,1004,218,53, , , , , , , , , , , , , , , , , , , , , , , , , , , , , , , , , , ,10.9,86.3,DD,30,998,2.00000,5, , , , , , , , , , , , , , , , , , , , , , , , , , , , , , , , , , , , , , , , , , , , , , , , , , , , , , , , , , , , , , , , , , , , , , , , , , , , , , , , , , , , , , , , , , ,3,15
2020136N10088,2020,25,NI,BB,AMPHAN,2020-05-16 12:00:00,TS,10.6,86.2,35,996,newdelhi,main,581,571,O____O_________,jtwc_io,IO012020,10.3,86.0, ,TS,50,992,0,50,50,120,110, , , , , , , , ,1004,220,50, , , , , , , , , , , , , , , , , , , , , , , , , , , , , , , , , , ,10.9,86.3,CS,35,996,2.50000,7, , , , , , , , , , , , , , , , , , , , , , , , , , , , , , , , , , , , , , , , , , , , , , , , , , , , , , , , , , , , , , , , , , , , , , , , , , , , , , , , , , , , , , , , , , ,3,5
2020136N10088,2020,25,NI,BB,AMPHAN,2020-05-16 15:00:00,TS,10.8,86.1,40,995,newdelhi,main,581,581,P____O_________, ,IO012020,10.5,86.1, ,TS,53,990,0,50,50,115,113, , , , , , , , ,1004,208,43, , , , , , , , , , , , , , , , , , , , , , , , , , , , , , , , , , ,11.0,86.2,CS,40,995,2.50000,8, , , , , , , , , , , , , , , , , , , , , , , , , , , , , , , , , , , , , , , , , , , , , , , , , , , , , , , , , , , , , , , , , , , , , , , , , , , , , , , , , , , , , , , , , , ,3,350
2020136N10088,2020,25,NI,BB,AMPHAN,2020-05-16 18:00:00,TS,10.9,86.1,40,995,newdelhi,main,586,586,O____O_________,jtwc_io,IO012020,10.7,86.1, ,TS,55,987,0,50,50,110,115,30,30,80,80, , , , ,1003,195,35, , , , , , , , , , , , , , , , , , , , , , , , , , , , , , , , , , ,11.1,86.1,CS,40,995,2.50000,8, , , , , , , , , , , , , , , , , , , , , , , , , , , , , , , , , , , , , , , , , , , , , , , , , , , , , , , , , , , , , , , , , , , , , , , , , , , , , , , , , , , , , , , , , , ,3,0
2020136N10088,2020,25,NI,BB,AMPHAN,2020-05-16 21:00:00,TS,11.1,86.1,45,994,newdelhi,main,597,597,P____O_________, ,IO012020,10.8,86.2, ,TS,58,985,0,53,63,113,118,30,30,83,78, , , , ,1002,203,33, , , , , , , , , , , , , , , , , , , , , , , , , , , , , , , , , , ,11.3,86.1,CS,45,994,3.00000,10, , , , , , , , , , , , , , , , , , , , , , , , , , , , , , , , , , , , , , , , , , , , , , , , , , , , , , , , , , , , , , , , , , , , , , , , , , , , , , , , , , , , , , , , , , ,3,0
2020136N10088,2020,25,NI,BB,AMPHAN,2020-05-17 00:00:00,TS,11.2,86.1,45,993,newdelhi,main,603,603,O____O_________,jtwc_io,IO012020,11.0,86.2, ,TS,60,982,0,55,75,115,120,30,30,85,75, , , , ,1001,210,30, , , , , , , , , , , , , , , , , , , , , , , , , , , , , , , , , , ,11.4,86.0,CS,45,993,3.00000,11, , , , , , , , , , , , , , , , , , , , , , , , , , , , , , , , , , , , , , , , , , , , , , , , , , , , , , , , , , , , , , , , , , , , , , , , , , , , , , , , , , , , , , , , , , ,2,0
2020136N10088,2020,25,NI,BB,AMPHAN,2020-05-17 03:00:00,TS,11.3,86.1,50,990,newdelhi,main,609,609,P____O_________, ,IO012020,11.2,86.3, ,TS,65,980,1,65,85,118,130,35,38,88,75,7,7,10,7,1002,220,28, , , , , , , , , , , , , , , , , , , , , , , , , , , , , , , , , , ,11.4,86.0,SCS,50,990,3.00000,12, , , , , , , , , , , , , , , , , , , , , , , , , , , , , , , , , , , , , , , , , , , , , , , , , , , , , , , , , , , , , , , , , , , , , , , , , , , , , , , , , , , , , , , , , , ,3,15
2020136N10088,2020,25,NI,BB,AMPHAN,2020-05-17 06:00:00,TS,11.5,86.2,55,988,newdelhi,main,630,630,O____O_________,jtwc_io,IO012020,11.4,86.3, ,TY,70,978,1,75,95,120,140,40,45,90,75,15,15,20,15,1003,230,25, , , , , , , , , , , , , , , , , , , , , , , , , , , , , , , , , , ,11.5,86.0,SCS,55,988,3.50000,15, , , , , , , , , , , , , , , , , , , , , , , , , , , , , , , , , , , , , , , , , , , , , , , , , , , , , , , , , , , , , , , , , , , , , , , , , , , , , , , , , , , , , , , , , , ,3,5
2020136N10088,2020,25,NI,BB,AMPHAN,2020-05-17 09:00:00,TS,11.6,86.2,65,980,newdelhi,main,636,636,P____O_________, ,IO012020,11.6,86.3, ,TY,75,974,1,88,103,135,150,43,45,93,83,18,18,30,20,1003,225,23, , , , , , , , , , , , , , , , , , , , , , , , , , , , , , , , , , ,11.7,86.0,VSCS,65,980,4.00000,22, , , , , , , , , , , , , , , , , , , , , , , , , , , , , , , , , , , , , , , , , , , , , , , , , , , , , , , , , , , , , , , , , , , , , , , , , , , , , , , , , , , , , , , , , , ,5,5
2020136N10088,2020,25,NI,BB,AMPHAN,2020-05-17 12:00:00,TS,11.9,86.2,70,978,newdelhi,main,654,637,O____O_________,jtwc_io,IO012020,11.8,86.4, ,TY,80,970,1,100,110,150,160,45,45,95,90,20,20,40,25,1003,220,20, , , , , , , , , , , , , , , , , , , , , , , , , , , , , , , , , , ,12.0,86.0,VSCS,70,978,4.00000,25, , , , , , , , , , , , , , , , , , , , , , , , , , , , , , , , , , , , , , , , , , , , , , , , , , , , , , , , , , , , , , , , , , , , , , , , , , , , , , , , , , , , , , , , , , ,9,15
2020136N10088,2020,25,NI,BB,AMPHAN,2020-05-17 15:00:00,TS,12.5,86.4,75,972,newdelhi,main,636,629,P____O_________, ,IO012020,12.1,86.5, ,TY,100,951,3,105,110,155,170,48,45,90,80,23,28,40,25,1003,223,18, , , , , , , , , , , , , , , , , , , , , , , , , , , , , , , , , , ,12.8,86.2,VSCS,75,972,4.50000,28, , , , , , , , , , , , , , , , , , , , , , , , , , , , , , , , , , , , , , , , , , , , , , , , , , , , , , , , , , , , , , , , , , , , , , , , , , , , , , , , , , , , , , , , , , ,6,15
2020136N10088,2020,25,NI,BB,AMPHAN,2020-05-17 18:00:00,TS,12.5,86.4,80,970,newdelhi,main,636,612,O____O_________,jtwc_io,IO012020,12.5,86.6, ,TY,120,932,4,110,110,160,180,50,45,85,70,25,35,40,25,1002,225,15,10, , , , , , , , , , , , , , , , , , , , , , , , , , , , , , , , , ,12.5,86.1,VSCS,80,970,4.50000,32, , , , , , , , , , , , , , , , , , , , , , , , , , , , , , , , , , , , , , , , , , , , , , , , , , , , , , , , , , , , , , , , , , , , , , , , , , , , , , , , , , , , , , , , , , ,4,15
2020136N10088,2020,25,NI,BB,AMPHAN,2020-05-17 21:00:00,TS,12.9,86.5,90,962,newdelhi,main,612,589,P____O_________, ,IO012020,12.8,86.5, ,TY,125,926,4,110,113,165,173,53,48,80,65,28,35,43,28,1001,218,13, , , , , , , , , , , , , , , , , , , , , , , , , , , , , , , , , , ,12.9,86.4,ESCS,90,962,5.00000,40, , , , , , , , , , , , , , , , , , , , , , , , , , , , , , , , , , , , , , , , , , , , , , , , , , , , , , , , , , , , , , , , , , , , , , , , , , , , , , , , , , , , , , , , , , ,7,0
2020136N10088,2020,25,NI,BB,AMPHAN,2020-05-18 00:00:00,TS,13.2,86.4,100,952,newdelhi,main,582,558,O____O_________,jtwc_io,IO012020,13.1,86.4, ,ST,130,919,4,110,115,170,165,55,50,75,60,30,35,45,30,999,210,10,10, , , , , , , , , , , , , , , , , , , , , , , , , , , , , , , , , ,13.2,86.3,ESCS,100,952,5.50000,50, , , , , , , , , , , , , , , , , , , , , , , , , , , , , , , , , , , , , , , , , , , , , , , , , , , , , , , , , , , , , , , , , , , , , , , , , , , , , , , , , , , , , , , , , , ,5,330
2020136N10088,2020,25,NI,BB,AMPHAN,2020-05-18 03:00:00,TS,13.3,86.2,115,936,newdelhi,main,558,551,P____O_________, ,IO012020,13.2,86.3, ,ST,135,915,4,110,118,165,160,60,53,73,55,33,38,48,30,999,205,10, , , , , , , , , , , , , , , , , , , , , , , , , , , , , , , , , , ,13.3,86.2,ESCS,115,936,6.00000,66, , , , , , , , , , , , , , , , , , , , , , , , , , , , , , , , , , , , , , , , , , , , , , , , , , , , , , , , , , , , , , , , , , , , , , , , , , , , , , , , , , , , , , , , , , ,3,330
2020136N10088,2020,25,NI,BB,AMPHAN,2020-05-18 06:00:00,TS,13.4,86.2,120,930,newdelhi,main,551,529,O____O_________,jtwc_io,IO012020,13.4,86.2, ,ST,140,911,5,110,120,160,155,65,55,70,50,35,40,50,30,999,200,10,10, , , , , , , , , , , , , , , , , , , , , , , , , , , , , , , , , ,13.4,86.2,SuCS,120,930,6.50000,72, , , , , , , , , , , , , , , , , , , , , , , , , , , , , , , , , , , , , , , , , , , , , , , , , , , , , , , , , , , , , , , , , , , , , , , , , , , , , , , , , , , , , , , , , , ,4,360
2020136N10088,2020,25,NI,BB,AMPHAN,2020-05-18 09:00:00,TS,13.7,86.2,120,930,newdelhi,main,529,518,P____O_________, ,IO012020,13.7,86.3, ,ST,143,906,5,115,130,163,160,65,58,68,50,40,38,48,33,998,190,10, , , , , , , , , , , , , , , , , , , , , , , , , , , , , , , , , , ,13.7,86.2,SuCS,120,930,6.50000,72, , , , , , , , , , , , , , , , , , , , , , , , , , , , , , , , , , , , , , , , , , , , , , , , , , , , , , , , , , , , , , , , , , , , , , , , , , , , , , , , , , , , , , , , , , ,7,15
2020136N10088,2020,25,NI,BB,AMPHAN,2020-05-18 12:00:00,TS,14.1,86.4,125,926,newdelhi,main,520,487,O____O_________,jtwc_io,IO012020,14.1,86.4, ,ST,145,901,5,120,140,165,165,65,60,65,50,45,35,45,35,997,180,10,10, , , , , , , , , , , , , , , , , , , , , , , , , , , , , , , , , ,14.0,86.3,SuCS,125,926,6.50000,76, , , , , , , , , , , , , , , , , , , , , , , , , , , , , , , , , , , , , , , , , , , , , , , , , , , , , , , , , , , , , , , , , , , , , , , , , , , , , , , , , , , , , , , , , , ,8,15
2020136N10088,2020,25,NI,BB,AMPHAN,2020-05-18 15:00:00,TS,14.5,86.5,125,926,newdelhi,main,494,467,P____O_________, ,IO012020,14.4,86.5, ,ST,143,906,5,130,148,170,173,68,65,60,50,43,35,43,33,999,193,10, , , , , , , , , , , , , , , , , , , , , , , , , , , , , , , , , , ,14.5,86.4,SuCS,125,926,6.50000,76, , , , , , , , , , , , , , , , , , , , , , , , , , , , , , , , , , , , , , , , , , , , , , , , , , , , , , , , , , , , , , , , , , , , , , , , , , , , , , , , , , , , , , , , , , ,8,15
2020136N10088,2020,25,NI,BB,AMPHAN,2020-05-18 18:00:00,TS,14.9,86.6,130,920,newdelhi,main,464,446,O____O_________,jtwc_io,IO012020,14.8,86.6, ,ST,140,910,5,140,155,175,180,70,70,55,50,40,35,40,30,1000,205,10,10, , , , , , , , , , , , , , , , , , , , , , , , , , , , , , , , , ,14.9,86.5,SuCS,130,920,6.50000,84, , , , , , , , , , , , , , , , , , , , , , , , , , , , , , , , , , , , , , , , , , , , , , , , , , , , , , , , , , , , , , , , , , , , , , , , , , , , , , , , , , , , , , , , , , ,7,15
2020136N10088,2020,25,NI,BB,AMPHAN,2020-05-18 21:00:00,TS,15.2,86.7,130,920,newdelhi,main,443,418,P____O_________, ,IO012020,15.1,86.7, ,ST,133,918,4,153,160,178,183,70,73,53,50,38,35,35,28,1000,208,11, , , , , , , , , , , , , , , , , , , , , , , , , , , , , , , , , , ,15.2,86.6,SuCS,130,920,6.50000,84, , , , , , , , , , , , , , , , , , , , , , , , , , , , , , , , , , , , , , , , , , , , , , , , , , , , , , , , , , , , , , , , , , , , , , , , , , , , , , , , , , , , , , , , , , ,7,15
2020136N10088,2020,25,NI,BB,AMPHAN,2020-05-19 00:00:00,TS,15.6,86.8,125,926,newdelhi,main,416,385,O____O_________,jtwc_io,IO012020,15.5,86.8, ,TY,125,925,4,165,165,180,185,70,75,50,50,35,35,30,25,999,210,12,15, , , , , , , , , , , , , , , , , , , , , , , , , , , , , , , , , ,15.6,86.7,SuCS,125,926,6.50000,76, , , , , , , , , , , , , , , , , , , , , , , , , , , , , , , , , , , , , , , , , , , , , , , , , , , , , , , , , , , , , , , , , , , , , , , , , , , , , , , , , , , , , , , , , , ,9,15
2020136N10088,2020,25,NI,BB,AMPHAN,2020-05-19 03:00:00,TS,16.0,86.9,120,930,newdelhi,main,393,354,P____O_________, ,IO012020,16.0,86.9, ,TY,118,933,4,160,165,175,173,73,78,55,55,35,38,30,30,1000,210,11, , , , , , , , , , , , , , , , , , , , , , , , , , , , , , , , , , ,16.0,86.8,SuCS,120,930,6.50000,72, , , , , , , , , , , , , , , , , , , , , , , , , , , , , , , , , , , , , , , , , , , , , , , , , , , , , , , , , , , , , , , , , , , , , , , , , , , , , , , , , , , , , , , , , , ,10,10
2020136N10088,2020,25,NI,BB,AMPHAN,2020-05-19 06:00:00,TS,16.5,87.0,115,936,newdelhi,main,361,331,O____O_________,jtwc_io,IO012020,16.5,87.0, ,TY,110,941,3,155,165,170,160,75,80,60,60,35,40,30,35,1000,210,10,10, , , , , , , , , , , , , , , , , , , , , , , , , , , , , , , , , ,16.5,86.9,ESCS,115,936,6.00000,66, , , , , , , , , , , , , , , , , , , , , , , , , , , , , , , , , , , , , , , , , , , , , , , , , , , , , , , , , , , , , , , , , , , , , , , , , , , , , , , , , , , , , , , , , , ,10,5
2020136N10088,2020,25,NI,BB,AMPHAN,2020-05-19 09:00:00,TS,16.9,87.0,110,942,newdelhi,main,324,304,P____O_________, ,IO012020,16.9,87.1, ,TY,108,944,3,150,165,165,150,78,83,65,60,35,40,30,35,1000,195,10, , , , , , , , , , , , , , , , , , , , , , , , , , , , , , , , , , ,17.0,86.9,ESCS,110,942,6.00000,60, , , , , , , , , , , , , , , , , , , , , , , , , , , , , , , , , , , , , , , , , , , , , , , , , , , , , , , , , , , , , , , , , , , , , , , , , , , , , , , , , , , , , , , , , , ,9,5
2020136N10088,2020,25,NI,BB,AMPHAN,2020-05-19 12:00:00,TS,17.3,87.1,105,946,newdelhi,main,298,246,O____O_________,jtwc_io,IO012020,17.3,87.1, ,TY,105,946,3,145,165,160,140,80,85,70,60,35,40,30,35,1000,180,10,10, , , , , , , , , , , , , , , , , , , , , , , , , , , , , , , , , ,17.4,87.0,ESCS,105,946,5.50000,56, , , , , , , , , , , , , , , , , , , , , , , , , , , , , , , , , , , , , , , , , , , , , , , , , , , , , , , , , , , , , , , , , , , , , , , , , , , , , , , , , , , , , , , , , , ,10,5
2020136N10088,2020,25,NI,BB,AMPHAN,2020-05-19 15:00:00,TS,17.9,87.1,100,948,newdelhi,main,246,207,P____O_________, ,IO012020,17.8,87.1, ,TY,105,946,3,140,163,158,130,83,88,73,68,38,43,33,30,1000,190,10, , , , , , , , , , , , , , , , , , , , , , , , , , , , , , , , , , ,18.1,87.1,ESCS,100,948,5.50000,50, , , , , , , , , , , , , , , , , , , , , , , , , , , , , , , , , , , , , , , , , , , , , , , , , , , , , , , , , , , , , , , , , , , , , , , , , , , , , , , , , , , , , , , , , , ,10,10
2020136N10088,2020,25,NI,BB,AMPHAN,2020-05-19 18:00:00,TS,18.3,87.2,100,948,newdelhi,main,197,167,O____O_________,jtwc_io,IO012020,18.3,87.2, ,TY,105,945,3,135,160,155,120,85,90,75,75,40,45,35,25,999,200,10, , , , , , , , , , , , , , , , , , , , , , , , , , , , , , , , , , ,18.4,87.2,ESCS,100,948,5.50000,50, , , , , , , , , , , , , , , , , , , , , , , , , , , , , , , , , , , , , , , , , , , , , , , , , , , , , , , , , , , , , , , , , , , , , , , , , , , , , , , , , , , , , , , , , , ,8,10
2020136N10088,2020,25,NI,BB,AMPHAN,2020-05-19 21:00:00,TS,18.7,87.3,100,948,newdelhi,main,173,153,P____O_________, ,IO012020,18.7,87.3, ,TY,103,946,3,130,158,153,110,80,88,73,70,43,45,35,25,998,195,10, , , , , , , , , , , , , , , , , , , , , , , , , , , , , , , , , , ,18.7,87.2,ESCS,100,948,5.50000,50, , , , , , , , , , , , , , , , , , , , , , , , , , , , , , , , , , , , , , , , , , , , , , , , , , , , , , , , , , , , , , , , , , , , , , , , , , , , , , , , , , , , , , , , , , ,9,20
2020136N10088,2020,25,NI,BB,AMPHAN,2020-05-20 00:00:00,TS,19.2,87.5,95,952,newdelhi,main,145,118,O____O_________,jtwc_io,IO012020,19.2,87.5, ,TY,100,947,3,125,155,150,100,75,85,70,65,45,45,35,25,997,190,10, , , , , , , , , , , , , , , , , , , , , , , , , , , , , , , , , , ,19.1,87.5,ESCS,95,952,5.00000,46, , , , , , , , , , , , , , , , , , , , , , , , , , , , , , , , , , , , , , , , , , , , , , , , , , , , , , , , , , , , , , , , , , , , , , , , , , , , , , , , , , , , , , , , , , ,12,20
2020136N10088,2020,25,NI,BB,AMPHAN,2020-05-20 03:00:00,TS,19.8,87.7,95,954,newdelhi,main,118,96,P____O_________, ,IO012020,19.8,87.7, ,TY,98,950,3,118,153,145,83,63,80,58,53,33,38,25,20,997,178,10, , , , , , , , , , , , , , , , , , , , , , , , , , , , , , , , , , ,19.8,87.7,ESCS,95,954,5.00000,44, , , , , , , , , , , , , , , , , , , , , , , , , , , , , , , , , , , , , , , , , , , , , , , , , , , , , , , , , , , , , , , , , , , , , , , , , , , , , , , , , , , , , , , , , , ,15,15
2020136N10088,2020,25,NI,BB,AMPHAN,2020-05-20 06:00:00,TS,20.6,88.0,90,956,newdelhi,main,104,35,O____O_________,jtwc_io,IO012020,20.5,87.9, ,TY,95,953,2,110,150,140,65,50,75,45,40,20,30,15,15,997,165,10, , , , , , , , , , , , , , , , , , , , , , , , , , , , , , , , , , ,20.6,88.0,ESCS,90,956,5.00000,42, , , , , , , , , , , , , , , , , , , , , , , , , , , , , , , , , , , , , , , , , , , , , , , , , , , , , , , , , , , , , , , , , , , , , , , , , , , , , , , , , , , , , , , , , , ,16,15
2020136N10088,2020,25,NI,BB,AMPHAN,2020-05-20 09:00:00,TS,21.4,88.1,90,960,newdelhi,main,24,0,P____O_________, ,IO012020,21.3,88.1, ,TY,95,954,2,105,148,120,55,43,68,40,38,18,28,13,13,997,160,10, , , , , , , , , , , , , , , , , , , , , , , , , , , , , , , , , , ,21.4,88.1,ESCS,90,960,5.00000,42, , , , , , , , , , , , , , , , , , , , , , , , , , , , , , , , , , , , , , , , , , , , , , , , , , , , , , , , , , , , , , , , , , , , , , , , , , , , , , , , , , , , , , , , , , ,16,15
2020136N10088,2020,25,NI,BB,AMPHAN,2020-05-20 12:00:00,TS,22.1,88.4,85,957,newdelhi,main,0,0,O____O_________,jtwc_io,IO012020,22.2,88.3, ,TY,95,954,2,100,145,100,45,35,60,35,35,15,25,10,10,997,155,10, , , , , , , , , , , , , , , , , , , , , , , , , , , , , , , , , , ,21.9,88.4,VSCS,85,957,0.00000,36, , , , , , , , , , , , , , , , , , , , , , , , , , , , , , , , , , , , , , , , , , , , , , , , , , , , , , , , , , , , , , , , , , , , , , , , , , , , , , , , , , , , , , , , , , ,16,20
2020136N10088,2020,25,NI,BB,AMPHAN,2020-05-20 15:00:00,TS,22.8,88.6,65,968,newdelhi,main,0,0,P____O_________, ,IO012020,23.0,88.7, ,TY,83,964,2,98,143,100,43,35,45,33,30,13,18,10,10,999,168,10, , , , , , , , , , , , , , , , , , , , , , , , , , , , , , , , , , ,22.7,88.6,VSCS,65,968,0.00000,34, , , , , , , , , , , , , , , , , , , , , , , , , , , , , , , , , , , , , , , , , , , , , , , , , , , , , , , , , , , , , , , , , , , , , , , , , , , , , , , , , , , , , , , , , , ,16,25
2020136N10088,2020,25,NI,BB,AMPHAN,2020-05-20 18:00:00,TS,23.5,89.1,50,978,newdelhi,main,0,0,O____O_________,jtwc_io,IO012020,23.7,89.1, ,TY,70,974,1,95,140,100,40,35,30,30,25,10,10,10,10,1000,180,10, , , , , , , , , , , , , , , , , , , , , , , , , , , , , , , , , , ,23.3,89.0,SCS,50,978,0.00000,14, , , , , , , , , , , , , , , , , , , , , , , , , , , , , , , , , , , , , , , , , , , , , , , , , , , , , , , , , , , , , , , , , , , , , , , , , , , , , , , , , , , , , , , , , , ,16,20
2020136N10088,2020,25,NI,BB,AMPHAN,2020-05-20 21:00:00,TS,24.3,89.3,45,986,newdelhi,main,0,0,P____O_________, ,IO012020,24.5,89.6, ,TY,60,979,0, , , , , , , , , , , , ,1000,180,10, , , , , , , , , , , , , , , , , , , , , , , , , , , , , , , , , , ,24.2,89.0,CS,45,986,0.00000,12, , , , , , , , , , , , , , , , , , , , , , , , , , , , , , , , , , , , , , , , , , , , , , , , , , , , , , , , , , , , , , , , , , , , , , , , , , , , , , , , , , , , , , , , , , ,13,25
2020136N10088,2020,25,NI,BB,AMPHAN,2020-05-21 00:00:00,TS,24.6,89.6,40,988,newdelhi,main,0,0,O____O_________,jtwc_io,IO012020,25.2,90.1, ,TS,50,984,0, , , , , , , , , , , , ,1000,180,10, , , , , , , , , , , , , , , , , , , , , , , , , , , , , , , , , , ,24.2,89.3,CS,40,988,0.00000,10, , , , , , , , , , , , , , , , , , , , , , , , , , , , , , , , , , , , , , , , , , , , , , , , , , , , , , , , , , , , , , , , , , , , , , , , , , , , , , , , , , , , , , , , , , ,10,35
2020136N10088,2020,25,NI,BB,AMPHAN,2020-05-21 03:00:00,TS,25.1,89.9,35,990,newdelhi,main,0,0,P____O_________, ,IO012020,25.9,90.7, ,TS,40,992,0, , , , , , , , , , , , ,1000,180,18, , , , , , , , , , , , , , , , , , , , , , , , , , , , , , , , , , ,24.7,89.5,CS,35,990,0.00000,8, , , , , , , , , , , , , , , , , , , , , , , , , , , , , , , , , , , , , , , , , , , , , , , , , , , , , , , , , , , , , , , , , , , , , , , , , , , , , , , , , , , , , , , , , , ,8,25
2020136N10088,2020,25,NI,BB,AMPHAN,2020-05-21 06:00:00,TS,25.4,90.1,30,992,newdelhi,main,0,0,O____O_________,jtwc_io,IO012020,26.5,91.4, ,TD,30,1000,-1, , , , , , , , , , , , ,1000,180,25, , , , , , , , , , , , , , , , , , , , , , , , , , , , , , , , , , ,25.0,89.6,DD,30,992,0.00000,6, , , , , , , , , , , , , , , , , , , , , , , , , , , , , , , , , , , , , , , , , , , , , , , , , , , , , , , , , , , , , , , , , , , , , , , , , , , , , , , , , , , , , , , , , , ,3,295
2020136N10088,2020,25,NI,BB,AMPHAN,2020-05-21 09:00:00,TS,25.2,89.6, , , ,main,0,0,_____P_________, ,IO012020, , , ,TD, , ,-5, , , , , , , , , , , , , , , , , , , , , , , , , , , , , , , , , , , , , , , , , , , , , , , , , ,25.2,89.6,DD,25,994, ,5, , , , , , , , , , , , , , , , , , , , , , , , , , , , , , , , , , , , , , , , , , , , , , , , , , , , , , , , , , , , , , , , , , , , , , , , , , , , , , , , , , , , , , , , , , ,4,275
2020136N10088,2020,25,NI,BB,AMPHAN,2020-05-21 12:00:00,TS,25.4,89.6,20,995,newdelhi,main,0, ,_____O_________, , , , , , , , ,-5, , , , , , , , , , , , , , , , , , , , , , , , , , , , , , , , , , , , , , , , , , , , , , , , , ,25.4,89.6,D,20,995,0.00000,4, , , , , , , , , , , , , , , , , , , , , , , , , , , , , , , , , , , , , , , , , , , , , , , , , , , , , , , , , , , , , , , , , , , , , , , , , , , , , , , , , , , , , , , , , , ,4,0
2023129N08091,2023,19,NI,BB,MOCHA,2023-05-08 18:00:00,TS,7.7,91.4, , , ,main,481,481,O______________,jtwc_io,IO012023,7.7,91.4, ,TD,25,1004,-1, , , , , , , , , , , , , , , , , , , , , , , , , , , , , , , , , , , , , , , , , , , , , , , , , , , , , , , , , , , , , , , , , , , , , , , , , , , , , , , , , , , , , , , , , , , , , , , , , , , , , , , , , , , , , , , , , , , , , , , , , , , , , , , , , , , , , , , , , , , , , , , , , , ,6,260
2023129N08091,2023,19,NI,BB,MOCHA,2023-05-08 21:00:00,TS,7.6,91.1, , , ,main,505,505,P______________, ,IO012023,7.6,91.1, ,TD,25,1004,-1, , , , , , , , , , , , , , , , , , , , , , , , , , , , , , , , , , , , , , , , , , , , , , , , , , , , , , , , , , , , , , , , , , , , , , , , , , , , , , , , , , , , , , , , , , , , , , , , , , , , , , , , , , , , , , , , , , , , , , , , , , , , , , , , , , , , , , , , , , , , , , , , , , ,7,260
2023129N08091,2023,19,NI,BB,MOCHA,2023-05-09 00:00:00,TS,7.6,90.7, , , ,main,545,545,O______________,jtwc_io,IO012023,7.6,90.7, ,TD,25,1004,-1, , , , , , , , , , , , ,1006,160,40, , , , , , , , , , , , , , , , , , , , , , , , , , , , , , , , , , , , , , , , , , , , , , , , , , , , , , , , , , , , , , , , , , , , , , , , , , , , , , , , , , , , , , , , , , , , , , , , , , , , , , , , , , , , , , , , , , , , , , , , , , , , , , , , , , , ,10,265
2023129N08091,2023,19,NI,BB,MOCHA,2023-05-09 03:00:00,TS,7.6,90.1, , , ,main,606,606,P______________, ,IO012023,7.6,90.1, ,TD,25,1004,-1, , , , , , , , , , , , ,1006,160,65, , , , , , , , , , , , , , , , , , , , , , , , , , , , , , , , , , , , , , , , , , , , , , , , , , , , , , , , , , , , , , , , , , , , , , , , , , , , , , , , , , , , , , , , , , , , , , , , , , , , , , , , , , , , , , , , , , , , , , , , , , , , , , , , , , , ,11,270
2023129N08091,2023,19,NI,BB,MOCHA,2023-05-09 06:00:00,TS,7.6,89.6, , , ,main,658,658,O______________,jtwc_io,IO012023,7.6,89.6, ,TD,25,1004,-1, , , , , , , , , , , , ,1006,160,90, , , , , , , , , , , , , , , , , , , , , , , , , , , , , , , , , , , , , , , , , , , , , , , , , , , , , , , , , , , , , , , , , , , , , , , , , , , , , , , , , , , , , , , , , , , , , , , , , , , , , , , , , , , , , , , , , , , , , , , , , , , , , , , , , , , ,8,275
2023129N08091,2023,19,NI,BB,MOCHA,2023-05-09 09:00:00,TS,7.7,89.3, , , ,main,693,693,P______________, ,IO012023,7.7,89.3, ,TD,25,1003,-1, , , , , , , , , , , , ,1005,178,90, , , , , , , , , , , , , , , , , , , , , , , , , , , , , , , , , , , , , , , , , , , , , , , , , , , , , , , , , , , , , , , , , , , , , , , , , , , , , , , , , , , , , , , , , , , , , , , , , , , , , , , , , , , , , , , , , , , , , , , , , , , , , , , , , , , ,5,310
2023129N08091,2023,19,NI,BB,MOCHA,2023-05-09 12:00:00,TS,7.9,89.3,25,1002,newdelhi,main,701,701,O____O_________,jtwc_io,IO012023,7.8,89.2, ,TD,25,1002,-1, , , , , , , , , , , , ,1004,195,90, , , , , , , , , , , , , , , , , , , , , , , , , , , , , , , , , , ,8.3,89.5,D,25,1002,1.50000,3, , , , , , , , , , , , , , , , , , , , , , , , , , , , , , , , , , , , , , , , , , , , , , , , , , , , , , , , , , , , , , , , , , , , , , , , , , , , , , , , , , , , , , , , , , ,5,340
2023129N08091,2023,19,NI,BB,MOCHA,2023-05-09 15:00:00,TS,8.1,89.2, , , ,main,719,719,P____P_________, ,IO012023,7.9,89.1, ,TD,25,1002,-1, , , , , , , , , , , , ,1004,195,90, , , , , , , , , , , , , , , , , , , , , , , , , , , , , , , , , , ,8.4,89.4,D,25,1002, ,3, , , , , , , , , , , , , , , , , , , , , , , , , , , , , , , , , , , , , , , , , , , , , , , , , , , , , , , , , , , , , , , , , , , , , , , , , , , , , , , , , , , , , , , , , , ,4,340
2023129N08091,2023,19,NI,BB,MOCHA,2023-05-09 18:00:00,TS,8.3,89.1,25,1002,newdelhi,main,738,738,O____O_________,jtwc_io,IO012023,8.1,89.0, ,TD,25,1001,-1, , , , , , , , , , , , ,1004,195,90, , , , , , , , , , , , , , , , , , , , , , , , , , , , , , , , , , ,8.5,89.3,D,25,1002,1.50000,3, , , , , , , , , , , , , , , , , , , , , , , , , , , , , , , , , , , , , , , , , , , , , , , , , , , , , , , , , , , , , , , , , , , , , , , , , , , , , , , , , , , , , , , , , , ,2,330
2023129N08091,2023,19,NI,BB,MOCHA,2023-05-09 21:00:00,TS,8.3,89.1, , , ,main,738,738,P____P_________, ,IO012023,8.2,89.0, ,TD,28,996,-1, , , , , , , , , , , , ,1004,195,85, , , , , , , , , , , , , , , , , , , , , , , , , , , , , , , , , , ,8.5,89.1,D,28,1001, ,4, , , , , , , , , , , , , , , , , , , , , , , , , , , , , , , , , , , , , , , , , , , , , , , , , , , , , , , , , , , , , , , , , , , , , , , , , , , , , , , , , , , , , , , , , , ,3,315
2023129N08091,2023,19,NI,BB,MOCHA,2023-05-10 00:00:00,TS,8.5,89.0,30,1000,newdelhi,main,757,757,O____O_________,jtwc_io,IO012023,8.4,88.9, ,TD,30,991,-1, , , , , , , , , , , , ,1004,195,80, , , , , , , , , , , , , , , , , , , , , , , , , , , , , , , , , , ,8.5,89.0,DD,30,1000,2.00000,4, , , , , , , , , , , , , , , , , , , , , , , , , , , , , , , , , , , , , , , , , , , , , , , , , , , , , , , , , , , , , , , , , , , , , , , , , , , , , , , , , , , , , , , , , , ,6,325
2023129N08091,2023,19,NI,BB,MOCHA,2023-05-10 03:00:00,TS,8.8,88.7,30,1000,newdelhi,main,771,756,P____O_________, ,IO012023,8.9,88.5, ,TD,30,996,-1, , , , , , , , , , , , ,1005,205,80, , , , , , , , , , , , , , , , , , , , , , , , , , , , , , , , , , ,8.8,88.9,DD,30,1000,2.00000,4, , , , , , , , , , , , , , , , , , , , , , , , , , , , , , , , , , , , , , , , , , , , , , , , , , , , , , , , , , , , , , , , , , , , , , , , , , , , , , , , , , , , , , , , , , ,9,330
2023129N08091,2023,19,NI,BB,MOCHA,2023-05-10 06:00:00,TS,9.3,88.5,30,999,newdelhi,main,761,751,O____O_________,jtwc_io,IO012023,9.4,88.2, ,TD,30,1001,-1, , , , , , , , , , , , ,1006,215,80, , , , , , , , , , , , , , , , , , , , , , , , , , , , , , , , , , ,9.1,88.7,DD,30,999,2.00000,4, , , , , , , , , , , , , , , , , , , , , , , , , , , , , , , , , , , , , , , , , , , , , , , , , , , , , , , , , , , , , , , , , , , , , , , , , , , , , , , , , , , , , , , , , , ,9,335
2023129N08091,2023,19,NI,BB,MOCHA,2023-05-10 09:00:00,TS,9.7,88.4, , , ,main,763,763,P____P_________, ,IO012023,9.8,88.2, ,TD,30,998,-1, , , , , , , , , , , , ,1006,210,75, , , , , , , , , , , , , , , , , , , , , , , , , , , , , , , , , , ,9.5,88.5,DD,30,999, ,5, , , , , , , , , , , , , , , , , , , , , , , , , , , , , , , , , , , , , , , , , , , , , , , , , , , , , , , , , , , , , , , , , , , , , , , , , , , , , , , , , , , , , , , , , , ,8,355
2023129N08091,2023,19,NI,BB,MOCHA,2023-05-10 12:00:00,TS,10.1,88.4,30,998,newdelhi,main,777,767,O____O_________,jtwc_io,IO012023,10.1,88.3, ,TD,30,994,-1, , , , , , , , , , , , ,1006,205,70, , , , , , , , , , , , , , , , , , , , , , , , , , , , , , , , , , ,10.0,88.4,DD,30,998,2.00000,5, , , , , , , , , , , , , , , , , , , , , , , , , , , , , , , , , , , , , , , , , , , , , , , , , , , , , , , , , , , , , , , , , , , , , , , , , , , , , , , , , , , , , , , , , , ,8,355
2023129N08091,2023,19,NI,BB,MOCHA,2023-05-10 15:00:00,TS,10.4,88.3, , , ,main,780,780,P____P_________, ,IO012023,10.4,88.4, ,TD,30,994,-1, , , , , , , , , , , , ,1006,213,70, , , , , , , , , , , , , , , , , , , , , , , , , , , , , , , , , , ,10.4,88.3,DD,30,998, ,5, , , , , , , , , , , , , , , , , , , , , , , , , , , , , , , , , , , , , , , , , , , , , , , , , , , , , , , , , , , , , , , , , , , , , , , , , , , , , , , , , , , , , , , , , , ,7,355
2023129N08091,2023,19,NI,BB,MOCHA,2023-05-10 18:00:00,TS,10.8,88.3,30,998,newdelhi,main,798,793,O____O_________,jtwc_io,IO012023,10.7,88.4, ,TD,30,994,-1, , , , , , , , , , , , ,1006,220,70, , , , , , , , , , , , , , , , , , , , , , , , , , , , , , , , , , ,10.8,88.2,DD,30,998,2.00000,5, , , , , , , , , , , , , , , , , , , , , , , , , , , , , , , , , , , , , , , , , , , , , , , , , , , , , , , , , , , , , , , , , , , , , , , , , , , , , , , , , , , , , , , , , , ,6,350
2023129N08091,2023,19,NI,BB,MOCHA,2023-05-10 21:00:00,TS,11.0,88.2, , , ,main,798,798,P____P_________, ,IO012023,10.9,88.3, ,TD,33,993,-1, , , , , , , , , , , , ,1006,220,65, , , , , , , , , , , , , , , , , , , , , , , , , , , , , , , , , , ,11.0,88.2,DD,33,998, ,6, , , , , , , , , , , , , , , , , , , , , , , , , , , , , , , , , , , , , , , , , , , , , , , , , , , , , , , , , , , , , , , , , , , , , , , , , , , , , , , , , , , , , , , , , , ,4,340
2023129N08091,2023,19,NI,BB,MOCHA,2023-05-11 00:00:00,TS,11.2,88.1,35,997,newdelhi,main,807,798,O____O_________,jtwc_io,IO012023,11.1,88.2, ,TS,35,992,0,35,85,130,105, , , , , , , , ,1006,220,60, , , , , , , , , , , , , , , , , , , , , , , , , , , , , , , , , , ,11.2,88.1,CS,35,997,2.50000,6, , , , , , , , , , , , , , , , , , , , , , , , , , , , , , , , , , , , , , , , , , , , , , , , , , , , , , , , , , , , , , , , , , , , , , , , , , , , , , , , , , , , , , , , , , ,4,335
2023129N08091,2023,19,NI,BB,MOCHA,2023-05-11 03:00:00,TS,11.3,88.1,35,996,newdelhi,main,803,803,P____O_________, ,IO012023,11.3,88.1, ,TS,40,994,0,48,93,138,120, , , , , , , , ,1007,240,55, , , , , , , , , , , , , , , , , , , , , , , , , , , , , , , , , , ,11.4,88.0,CS,35,996,2.50000,7, , , , , , , , , , , , , , , , , , , , , , , , , , , , , , , , , , , , , , , , , , , , , , , , , , , , , , , , , , , , , , , , , , , , , , , , , , , , , , , , , , , , , , , , , , ,4,345
2023129N08091,2023,19,NI,BB,MOCHA,2023-05-11 06:00:00,TS,11.6,88.1,45,996,newdelhi,main,816,807,O____O_________,jtwc_io,IO012023,11.5,88.1, ,TS,45,995,0,60,100,145,135, , , , , , , , ,1007,260,50, , , , , , , , , , , , , , , , , , , , , , , , , , , , , , , , , , ,11.6,88.0,CS,45,996,3.00000,10, , , , , , , , , , , , , , , , , , , , , , , , , , , , , , , , , , , , , , , , , , , , , , , , , , , , , , , , , , , , , , , , , , , , , , , , , , , , , , , , , , , , , , , , , , ,4,0
2023129N08091,2023,19,NI,BB,MOCHA,2023-05-11 09:00:00,TS,11.8,88.0,45,996,newdelhi,main,816,794,P____O_________, ,IO012023,11.7,88.1, ,TS,50,992,0,75,133,183,148, , , , , , , , ,1007,268,40, , , , , , , , , , , , , , , , , , , , , , , , , , , , , , , , , , ,11.8,88.0,CS,45,996,3.00000,10, , , , , , , , , , , , , , , , , , , , , , , , , , , , , , , , , , , , , , , , , , , , , , , , , , , , , , , , , , , , , , , , , , , , , , , , , , , , , , , , , , , , , , , , , , ,6,0
2023129N08091,2023,19,NI,BB,MOCHA,2023-05-11 12:00:00,TS,12.1,88.1,50,994,newdelhi,main,789,771,O____O_________,jtwc_io,IO012023,12.0,88.1, ,TS,55,988,0,90,165,220,160, , , , , , , , ,1007,275,30, , , , , , , , , , , , , , , , , , , , , , , , , , , , , , , , , , ,12.2,88.0,SCS,50,994,3.00000,12, , , , , , , , , , , , , , , , , , , , , , , , , , , , , , , , , , , , , , , , , , , , , , , , , , , , , , , , , , , , , , , , , , , , , , , , , , , , , , , , , , , , , , , , , , ,7,5
2023129N08091,2023,19,NI,BB,MOCHA,2023-05-11 15:00:00,TS,12.4,88.1,50,992,newdelhi,main,771,754,P____O_________, ,IO012023,12.4,88.1, ,TS,58,986,0,85,158,190,120, , , , , , , , ,1006,250,30, , , , , , , , , , , , , , , , , , , , , , , , , , , , , , , , , , ,12.5,88.1,SCS,50,992,3.50000,12, , , , , , , , , , , , , , , , , , , , , , , , , , , , , , , , , , , , , , , , , , , , , , , , , , , , , , , , , , , , , , , , , , , , , , , , , , , , , , , , , , , , , , , , , , ,7,5
2023129N08091,2023,19,NI,BB,MOCHA,2023-05-11 18:00:00,TS,12.8,88.1,50,992,newdelhi,main,748,731,O____O_________,jtwc_io,IO012023,12.8,88.1, ,TS,60,984,0,80,150,160,80,35,80,85,35, , , , ,1004,225,30, , , , , , , , , , , , , , , , , , , , , , , , , , , , , , , , , , ,12.7,88.1,SCS,50,992,3.50000,12, , , , , , , , , , , , , , , , , , , , , , , , , , , , , , , , , , , , , , , , , , , , , , , , , , , , , , , , , , , , , , , , , , , , , , , , , , , , , , , , , , , , , , , , , , ,6,0
2023129N08091,2023,19,NI,BB,MOCHA,2023-05-11 21:00:00,TS,13.0,88.1,60,986,newdelhi,main,731,704,P____O_________, ,IO012023,13.1,88.1, ,TS,63,983,0,98,150,183,98,48,70,73,48, , , , ,1005,233,25, , , , , , , , , , , , , , , , , , , , , , , , , , , , , , , , , , ,12.9,88.1,SCS,60,986,3.50000,18, , , , , , , , , , , , , , , , , , , , , , , , , , , , , , , , , , , , , , , , , , , , , , , , , , , , , , , , , , , , , , , , , , , , , , , , , , , , , , , , , , , , , , , , , , ,6,5
2023129N08091,2023,19,NI,BB,MOCHA,2023-05-12 00:00:00,TS,13.3,88.1,65,982,newdelhi,main,711,684,O____O_________,jtwc_io,IO012023,13.4,88.2, ,TY,65,982,1,115,150,205,115,60,60,60,60,30,30,30,30,1006,240,20, , , , , , , , , , , , , , , , , , , , , , , , , , , , , , , , , , ,13.2,88.1,VSCS,65,982,4.00000,22, , , , , , , , , , , , , , , , , , , , , , , , , , , , , , , , , , , , , , , , , , , , , , , , , , , , , , , , , , , , , , , , , , , , , , , , , , , , , , , , , , , , , , , , , , ,7,10
2023129N08091,2023,19,NI,BB,MOCHA,2023-05-12 03:00:00,TS,13.7,88.2,65,982,newdelhi,main,676,657,P____O_________, ,IO012023,13.7,88.2, ,TY,73,976,1,118,150,193,118,60,65,65,60,33,33,33,30,1005,233,18, , , , , , , , , , , , , , , , , , , , , , , , , , , , , , , , , , ,13.6,88.2,VSCS,65,982,4.00000,22, , , , , , , , , , , , , , , , , , , , , , , , , , , , , , , , , , , , , , , , , , , , , , , , , , , , , , , , , , , , , , , , , , , , , , , , , , , , , , , , , , , , , , , , , , ,7,10
2023129N08091,2023,19,NI,BB,MOCHA,2023-05-12 06:00:00,TS,14.0,88.3,75,974,newdelhi,main,657,641,O____O_________,jtwc_io,IO012023,14.0,88.3, ,TY,80,970,1,120,150,180,120,60,70,70,60,35,35,35,30,1004,225,15, , , , , , , , , , , , , , , , , , , , , , , , , , , , , , , , , , ,14.0,88.3,VSCS,75,974,4.50000,30, , , , , , , , , , , , , , , , , , , , , , , , , , , , , , , , , , , , , , , , , , , , , , , , , , , , , , , , , , , , , , , , , , , , , , , , , , , , , , , , , , , , , , , , , , ,7,15
2023129N08091,2023,19,NI,BB,MOCHA,2023-05-12 09:00:00,TS,14.3,88.4,85,970,newdelhi,main,641,633,P____O_________, ,IO012023,14.3,88.4, ,TY,88,964,2,123,150,165,123,63,75,75,63,38,40,38,30,1004,223,13, , , , , , , , , , , , , , , , , , , , , , , , , , , , , , , , , , ,14.3,88.4,VSCS,85,970,5.00000,36, , , , , , , , , , , , , , , , , , , , , , , , , , , , , , , , , , , , , , , , , , , , , , , , , , , , , , , , , , , , , , , , , , , , , , , , , , , , , , , , , , , , , , , , , , ,6,25
2023129N08091,2023,19,NI,BB,MOCHA,2023-05-12 12:00:00,TS,14.6,88.6,85,970,newdelhi,main,620,607,O____O_________,jtwc_io,IO012023,14.5,88.5, ,TY,95,957,2,125,150,150,125,65,80,80,65,40,45,40,30,1003,220,10, , , , , , , , , , , , , , , , , , , , , , , , , , , , , , , , , , ,14.6,88.6,VSCS,85,970,5.00000,36, , , , , , , , , , , , , , , , , , , , , , , , , , , , , , , , , , , , , , , , , , , , , , , , , , , , , , , , , , , , , , , , , , , , , , , , , , , , , , , , , , , , , , , , , , ,6,30
2023129N08091,2023,19,NI,BB,MOCHA,2023-05-12 15:00:00,TS,14.8,88.7,90,964,newdelhi,main,604,589,P____O_________, ,IO012023,14.7,88.7, ,TY,100,954,3,128,160,143,125,68,83,83,63,40,50,40,30,1004,203,10, , , , , , , , , , , , , , , , , , , , , , , , , , , , , , , , , , ,14.8,88.7,ESCS,90,964,5.50000,40, , , , , , , , , , , , , , , , , , , , , , , , , , , , , , , , , , , , , , , , , , , , , , , , , , , , , , , , , , , , , , , , , , , , , , , , , , , , , , , , , , , , , , , , , , ,5,35
2023129N08091,2023,19,NI,BB,MOCHA,2023-05-12 18:00:00,TS,15.0,88.9,100,954,newdelhi,main,579,566,O____O_________,jtwc_io,IO012023,14.9,88.9, ,TY,105,950,3,130,170,135,125,70,85,85,60,40,55,40,30,1005,185,10, , , , , , , , , , , , , , , , , , , , , , , , , , , , , , , , , , ,15.1,88.8,ESCS,100,954,5.50000,50, , , , , , , , , , , , , , , , , , , , , , , , , , , , , , , , , , , , , , , , , , , , , , , , , , , , , , , , , , , , , , , , , , , , , , , , , , , , , , , , , , , , , , , , , , ,5,35
2023129N08091,2023,19,NI,BB,MOCHA,2023-05-12 21:00:00,TS,15.1,89.0,100,954,newdelhi,main,566,551,P____O_________, ,IO012023,15.1,89.0, ,TY,108,948,3,125,178,128,123,70,88,88,60,43,58,40,33,1005,230,10, , , , , , , , , , , , , , , , , , , , , , , , , , , , , , , , , , ,15.2,88.9,ESCS,100,954,5.50000,50, , , , , , , , , , , , , , , , , , , , , , , , , , , , , , , , , , , , , , , , , , , , , , , , , , , , , , , , , , , , , , , , , , , , , , , , , , , , , , , , , , , , , , , , , , ,5,40
2023129N08091,2023,19,NI,BB,MOCHA,2023-05-13 00:00:00,TS,15.4,89.1,100,954,newdelhi,main,539,505,O____O_________,jtwc_io,IO012023,15.3,89.2, ,TY,110,945,3,120,185,120,120,70,90,90,60,45,60,40,35,1005,275,10, , , , , , , , , , , , , , , , , , , , , , , , , , , , , , , , , , ,15.4,89.1,ESCS,100,954,5.50000,50, , , , , , , , , , , , , , , , , , , , , , , , , , , , , , , , , , , , , , , , , , , , , , , , , , , , , , , , , , , , , , , , , , , , , , , , , , , , , , , , , , , , , , , , , , ,7,45
2023129N08091,2023,19,NI,BB,MOCHA,2023-05-13 03:00:00,TS,15.7,89.5,100,954,newdelhi,main,504,459,P____O_________, ,IO012023,15.6,89.5, ,TY,113,942,4,125,193,140,125,68,95,93,60,48,63,40,35,1004,263,13, , , , , , , , , , , , , , , , , , , , , , , , , , , , , , , , , , ,15.7,89.5,ESCS,100,954,5.50000,50, , , , , , , , , , , , , , , , , , , , , , , , , , , , , , , , , , , , , , , , , , , , , , , , , , , , , , , , , , , , , , , , , , , , , , , , , , , , , , , , , , , , , , , , , , ,10,50
2023129N08091,2023,19,NI,BB,MOCHA,2023-05-13 06:00:00,TS,16.0,90.0,105,950,newdelhi,main,449,418,O____O_________,jtwc_io,IO012023,16.0,89.9, ,TY,115,939,4,130,200,160,130,65,100,95,60,50,65,40,35,1003,250,15,20, , , , , , , , , , , , , , , , , , , , , , , , , , , , , , , , , ,16.0,90.0,ESCS,105,950,5.50000,54, , , , , , , , , , , , , , , , , , , , , , , , , , , , , , , , , , , , , , , , , , , , , , , , , , , , , , , , , , , , , , , , , , , , , , , , , , , , , , , , , , , , , , , , , , ,11,45
2023129N08091,2023,19,NI,BB,MOCHA,2023-05-13 09:00:00,TS,16.4,90.3,105,950,newdelhi,main,418,384,P____O_________, ,IO012023,16.4,90.3, ,TY,125,928,4,170,210,165,160,65,103,100,58,53,70,43,35,1002,233,15, , , , , , , , , , , , , , , , , , , , , , , , , , , , , , , , , , ,16.4,90.3,ESCS,105,950,5.50000,54, , , , , , , , , , , , , , , , , , , , , , , , , , , , , , , , , , , , , , , , , , , , , , , , , , , , , , , , , , , , , , , , , , , , , , , , , , , , , , , , , , , , , , , , , , ,12,40
2023129N08091,2023,19,NI,BB,MOCHA,2023-05-13 12:00:00,TS,16.9,90.8,110,944,newdelhi,main,375,345,O____O_________,jtwc_io,IO012023,16.9,90.7, ,ST,135,917,4,210,220,170,190,65,105,105,55,55,75,45,35,1001,215,15,20, , , , , , , , , , , , , , , , , , , , , , , , , , , , , , , , , ,16.9,90.8,ESCS,110,944,6.00000,60, , , , , , , , , , , , , , , , , , , , , , , , , , , , , , , , , , , , , , , , , , , , , , , , , , , , , , , , , , , , , , , , , , , , , , , , , , , , , , , , , , , , , , , , , , ,12,30
2023129N08091,2023,19,NI,BB,MOCHA,2023-05-13 15:00:00,TS,17.4,91.0,110,944,newdelhi,main,336,300,P____O_________, ,IO012023,17.4,91.0, ,ST,138,917,5,188,223,173,183,73,105,105,70,55,73,50,45,1003,258,15, , , , , , , , , , , , , , , , , , , , , , , , , , , , , , , , , , ,17.4,90.9,ESCS,110,944,6.00000,60, , , , , , , , , , , , , , , , , , , , , , , , , , , , , , , , , , , , , , , , , , , , , , , , , , , , , , , , , , , , , , , , , , , , , , , , , , , , , , , , , , , , , , , , , , ,11,20
2023129N08091,2023,19,NI,BB,MOCHA,2023-05-13 18:00:00,TS,17.9,91.2,115,938,newdelhi,main,291,254,O____O_________,jtwc_io,IO012023,17.9,91.3, ,ST,140,916,5,165,225,175,175,80,105,105,85,55,70,55,55,1004,300,15,20, , , , , , , , , , , , , , , , , , , , , , , , , , , , , , , , , ,17.9,91.0,ESCS,115,938,6.00000,66, , , , , , , , , , , , , , , , , , , , , , , , , , , , , , , , , , , , , , , , , , , , , , , , , , , , , , , , , , , , , , , , , , , , , , , , , , , , , , , , , , , , , , , , , , ,10,30
2023129N08091,2023,19,NI,BB,MOCHA,2023-05-13 21:00:00,TS,18.3,91.4,115,938,newdelhi,main,254,200,P____O_________, ,IO012023,18.3,91.6, ,ST,143,912,5,143,228,178,168,88,105,108,100,53,70,63,68,1003,315,13, , , , , , , , , , , , , , , , , , , , , , , , , , , , , , , , , , ,18.3,91.3,ESCS,115,938,6.00000,66, , , , , , , , , , , , , , , , , , , , , , , , , , , , , , , , , , , , , , , , , , , , , , , , , , , , , , , , , , , , , , , , , , , , , , , , , , , , , , , , , , , , , , , , , , ,10,35
2023129N08091,2023,19,NI,BB,MOCHA,2023-05-14 00:00:00,TS,18.7,91.7,115,938,newdelhi,main,200,129,O____O_________,jtwc_io,IO012023,18.7,91.9, ,ST,145,908,5,120,230,180,160,95,105,110,115,50,70,70,80,1002,330,10,20, , , , , , , , , , , , , , , , , , , , , , , , , , , , , , , , , ,18.7,91.5,ESCS,115,938,6.00000,66, , , , , , , , , , , , , , , , , , , , , , , , , , , , , , , , , , , , , , , , , , , , , , , , , , , , , , , , , , , , , , , , , , , , , , , , , , , , , , , , , , , , , , , , , , ,12,30
2023129N08091,2023,19,NI,BB,MOCHA,2023-05-14 03:00:00,TS,19.3,92.1,110,944,newdelhi,main,122,45,P____O_________, ,IO012023,19.3,92.2, ,ST,138,916,5,115,215,175,155,78,98,103,100,40,60,60,63,1001,310,10, , , , , , , , , , , , , , , , , , , , , , , , , , , , , , , , , , ,19.3,91.9,ESCS,110,944,6.00000,60, , , , , , , , , , , , , , , , , , , , , , , , , , , , , , , , , , , , , , , , , , , , , , , , , , , , , , , , , , , , , , , , , , , , , , , , , , , , , , , , , , , , , , , , , , ,15,35
2023129N08091,2023,19,NI,BB,MOCHA,2023-05-14 06:00:00,TS,19.9,92.6,100,952,newdelhi,main,38,0,O____O_________,jtwc_io,IO012023,19.9,92.6, ,ST,130,923,4,110,200,170,150,60,90,95,85,30,50,50,45,1000,290,10,15, , , , , , , , , , , , , , , , , , , , , , , , , , , , , , , , , ,19.9,92.5,ESCS,100,952,5.50000,52, , , , , , , , , , , , , , , , , , , , , , , , , , , , , , , , , , , , , , , , , , , , , , , , , , , , , , , , , , , , , , , , , , , , , , , , , , , , , , , , , , , , , , , , , , ,14,35
2023129N08091,2023,19,NI,BB,MOCHA,2023-05-14 09:00:00,TS,20.4,92.9,90,964,newdelhi,main,0,0,P____O_________, ,IO012023,20.3,92.8, ,ST,115,937,4,100,180,148,125, , , , , , , , ,1000,245,13, , , , , , , , , , , , , , , , , , , , , , , , , , , , , , , , , , ,20.5,92.9,ESCS,90,964,0.00000,40, , , , , , , , , , , , , , , , , , , , , , , , , , , , , , , , , , , , , , , , , , , , , , , , , , , , , , , , , , , , , , , , , , , , , , , , , , , , , , , , , , , , , , , , , , ,14,30
2023129N08091,2023,19,NI,BB,MOCHA,2023-05-14 12:00:00,TS,21.1,93.3,75,974,newdelhi,main,0,0,O____O_________,jtwc_io,IO012023,21.0,93.3, ,TY,100,951,3,90,160,125,100, , , , , , , , ,999,200,15, , , , , , , , , , , , , , , , , , , , , , , , , , , , , , , , , , ,21.1,93.3,VSCS,75,974,0.00000,30, , , , , , , , , , , , , , , , , , , , , , , , , , , , , , , , , , , , , , , , , , , , , , , , , , , , , , , , , , , , , , , , , , , , , , , , , , , , , , , , , , , , , , , , , , ,20,35
2023129N08091,2023,19,NI,BB,MOCHA,2023-05-14 15:00:00,TS,22.1,94.1,60,984,newdelhi,main,0,0,P____O_________, ,IO012023,22.3,94.4, ,TY,73,972,1,83,115,90,75, , , , , , , , ,1001,175,18, , , , , , , , , , , , , , , , , , , , , , , , , , , , , , , , , , ,21.8,93.8,SCS,60,984,0.00000,18, , , , , , , , , , , , , , , , , , , , , , , , , , , , , , , , , , , , , , , , , , , , , , , , , , , , , , , , , , , , , , , , , , , , , , , , , , , , , , , , , , , , , , , , , , ,28,40
2023129N08091,2023,19,NI,BB,MOCHA,2023-05-14 18:00:00,TS,23.3,95.2,50,992,newdelhi,main,0,0,O____O_________,jtwc_io,IO012023,23.8,95.8, ,TS,45,992,0,75,70,55,50, , , , , , , , ,1002,150,20, , , , , , , , , , , , , , , , , , , , , , , , , , , , , , , , , , ,22.7,94.6,SCS,50,992,0.00000,12, , , , , , , , , , , , , , , , , , , , , , , , , , , , , , , , , , , , , , , , , , , , , , , , , , , , , , , , , , , , , , , , , , , , , , , , , , , , , , , , , , , , , , , , , , ,29,40
2023129N08091,2023,19,NI,BB,MOCHA,2023-05-14 21:00:00,TS,24.3,96.1,35,996,newdelhi,main,0,0,P____O_________, ,IO012023,25.1,96.9, ,TS,33,997,-1, , , , , , , , , , , , ,1002,168,25, , , , , , , , , , , , , , , , , , , , , , , , , , , , , , , , , , ,23.5,95.3,CS,35,996,0.00000,6, , , , , , , , , , , , , , , , , , , , , , , , , , , , , , , , , , , , , , , , , , , , , , , , , , , , , , , , , , , , , , , , , , , , , , , , , , , , , , , , , , , , , , , , , , ,30,55
2023129N08091,2023,19,NI,BB,MOCHA,2023-05-15 00:00:00,MX,25.1,97.8,25,1000,newdelhi,main,0, ,O____O_________,jtwc_io,IO012023,26.2,97.8, ,EX,20,1002,-4, , , , , , , , , , , , ,1002,185,30, , , , , , , , , , , , , , , , , , , , , , , , , , , , , , , , , , ,23.9,97.8,D,25,1000,0.00000,3, , , , , , , , , , , , , , , , , , , , , , , , , , , , , , , , , , , , , , , , , , , , , , , , , , , , , , , , , , , , , , , , , , , , , , , , , , , , , , , , , , , , , , , , , , ,34,65
